_id,ilce_adi,mahalle_adi,mahalle_uavt,1980_oncesi,1980-2000_arasi,2000_sonrasi,1-4 kat_arasi,5-9 kat_arasi,9-19 kat_arasi,_id_s,ilce_adi_s,mahalle_adi_s,mahalle_koy_uavt,cok_agir_hasarli_bina_sayisi,agir_hasarli_bina_sayisi,orta_hasarli_bina_sayisi,hafif_hasarli_bina_sayisi,can_kaybi_sayisi,agir_yarali_sayisi,hastanede_tedavi_sayisi,hafif_yarali_sayisi,dogalgaz_boru_hasari,icme_suyu_boru_hasari,atik_su_boru_hasari,gecici_barinma,n_bldg,heavy,dmg_any,heavy_ratio
1,ADALAR,BURGAZADA,40139,433,214,173,802,18,0,1,ADALAR,BURGAZADA,40139,54,99,256,241,8,6,24,42,0,0,1,398,820,153,650,0.18658536585365854
2,ADALAR,HEYBELÝADA,40142,836,347,212,1359,36,0,2,ADALAR,HEYBELÝADA,40142,101,175,423,393,25,21,66,113,1,1,2,763,1395,276,1092,0.1978494623655914
3,ADALAR,KINALIADA,40143,610,244,158,923,89,0,3,ADALAR,KINALIADA,40143,53,97,287,302,5,3,15,27,0,1,1,420,1012,150,739,0.1482213438735178
4,ADALAR,MADEN,40140,863,510,308,1637,44,0,4,ADALAR,MADEN,40140,104,192,483,484,22,18,64,113,1,1,2,847,1681,296,1263,0.17608566329565734
5,ADALAR,NÝZAM,40141,842,426,217,1434,51,0,5,ADALAR,NÝZAM,40141,101,180,445,422,16,13,48,83,1,2,2,687,1485,281,1148,0.1892255892255892
6,ARNAVUTKÖY,ADNAN MENDERES,40490,0,244,121,353,12,0,6,ARNAVUTKÖY,ADNAN MENDERES,40490,1,3,21,57,0,0,1,3,0,0,0,89,365,4,82,0.010958904109589041
7,ARNAVUTKÖY,ANADOLU,99359,0,1360,845,1647,555,3,7,ARNAVUTKÖY,ANADOLU,99359,2,13,108,371,0,0,8,26,1,1,1,659,2205,15,494,0.006802721088435374
8,ARNAVUTKÖY,ARNAVUTKÖY MERKEZ,40478,0,685,589,797,470,7,8,ARNAVUTKÖY,ARNAVUTKÖY MERKEZ,40478,1,6,51,199,0,0,2,10,0,1,1,273,1274,7,257,0.005494505494505495
9,ARNAVUTKÖY,ATATÜRK,40482,0,565,216,754,27,0,9,ARNAVUTKÖY,ATATÜRK,40482,1,6,49,129,0,0,2,8,0,0,0,209,781,7,185,0.008962868117797696
10,ARNAVUTKÖY,BAKLALI,191981,0,332,184,515,1,0,10,ARNAVUTKÖY,BAKLALI,191981,1,5,23,65,0,0,0,0,0,0,0,26,516,6,94,0.011627906976744186
11,ARNAVUTKÖY,BALABAN,191983,0,242,53,295,0,0,11,ARNAVUTKÖY,BALABAN,191983,0,1,7,25,0,0,0,0,0,0,0,7,295,1,33,0.003389830508474576
12,ARNAVUTKÖY,BOÐAZKÖY ÝSTÝKLAL,40483,90,864,540,1452,42,0,12,ARNAVUTKÖY,BOÐAZKÖY ÝSTÝKLAL,40483,2,14,95,249,0,0,3,10,0,1,1,246,1494,16,360,0.0107095046854083
13,ARNAVUTKÖY,BOLLUCA,40487,0,578,185,716,47,0,13,ARNAVUTKÖY,BOLLUCA,40487,1,6,46,125,0,0,1,5,0,0,0,177,763,7,178,0.009174311926605505
14,ARNAVUTKÖY,BOYALIK,191985,0,313,205,514,4,0,14,ARNAVUTKÖY,BOYALIK,191985,1,4,21,63,0,0,0,0,0,0,0,24,518,5,89,0.009652509652509652
15,ARNAVUTKÖY,ÇÝLÝNGÝR,40494,0,315,176,485,6,0,15,ARNAVUTKÖY,ÇÝLÝNGÝR,40494,1,5,28,76,0,0,0,0,0,0,0,38,491,6,110,0.012219959266802444
16,ARNAVUTKÖY,DELÝKLÝKAYA,40910,0,291,279,478,36,56,16,ARNAVUTKÖY,DELÝKLÝKAYA,40910,1,7,50,120,0,0,0,2,1,1,1,173,570,8,178,0.014035087719298246
17,ARNAVUTKÖY,DURSUNKÖY,40911,0,204,72,276,0,0,17,ARNAVUTKÖY,DURSUNKÖY,40911,1,5,18,45,0,0,0,1,0,0,0,22,276,6,69,0.021739130434782608
18,ARNAVUTKÖY,DURUSU,40915,0,208,43,251,0,0,18,ARNAVUTKÖY,DURUSU,40915,0,2,10,30,0,0,0,0,0,0,0,16,251,2,42,0.00796812749003984
19,ARNAVUTKÖY,FATÝH,40495,0,219,198,406,11,0,19,ARNAVUTKÖY,FATÝH,40495,1,4,21,59,0,0,0,1,0,0,0,51,417,5,85,0.011990407673860911
20,ARNAVUTKÖY,HACIMAÞLI,191975,1,137,107,244,1,0,20,ARNAVUTKÖY,HACIMAÞLI,191975,0,3,16,41,0,0,0,0,0,0,0,20,245,3,60,0.012244897959183673
21,ARNAVUTKÖY,HADIMKÖY,40913,0,418,793,909,229,73,21,ARNAVUTKÖY,HADIMKÖY,40913,1,7,63,203,0,0,0,4,1,1,1,387,1211,8,274,0.006606110652353427
22,ARNAVUTKÖY,HARAÇÇI,40489,0,813,622,1356,79,0,22,ARNAVUTKÖY,HARAÇÇI,40489,2,12,82,230,0,0,0,4,1,1,1,209,1435,14,326,0.00975609756097561
23,ARNAVUTKÖY,HASTANE,40912,0,434,391,578,237,10,23,ARNAVUTKÖY,HASTANE,40912,1,6,45,147,0,0,0,5,0,0,0,148,825,7,199,0.008484848484848486
24,ARNAVUTKÖY,HÝCRET,40486,0,221,113,323,11,0,24,ARNAVUTKÖY,HÝCRET,40486,0,3,24,61,0,0,0,2,0,0,0,91,334,3,88,0.008982035928143712
25,ARNAVUTKÖY,ÝMRAHOR,40481,0,1141,471,1585,27,0,25,ARNAVUTKÖY,ÝMRAHOR,40481,3,17,96,255,0,0,2,11,1,1,1,301,1612,20,371,0.01240694789081886
26,ARNAVUTKÖY,ÝSLAMBEY,40479,0,1184,481,1452,204,9,26,ARNAVUTKÖY,ÝSLAMBEY,40479,2,11,88,268,0,0,4,18,1,0,1,395,1665,13,369,0.007807807807807808
27,ARNAVUTKÖY,KARABURUN,191987,0,404,710,1110,4,0,27,ARNAVUTKÖY,KARABURUN,191987,0,3,32,112,0,0,0,0,0,0,0,34,1114,3,147,0.0026929982046678637
28,ARNAVUTKÖY,KARLIBAYIR,40488,0,669,465,944,183,7,28,ARNAVUTKÖY,KARLIBAYIR,40488,2,9,60,186,0,0,1,8,0,0,1,188,1134,11,257,0.009700176366843033
29,ARNAVUTKÖY,MAREÞAL FEVZÝ ÇAKMAK,40493,0,458,450,881,27,0,29,ARNAVUTKÖY,MAREÞAL FEVZÝ ÇAKMAK,40493,1,6,50,141,0,0,0,1,0,1,1,115,908,7,198,0.007709251101321586
30,ARNAVUTKÖY,MAVÝGÖL,40485,0,420,520,907,33,0,30,ARNAVUTKÖY,MAVÝGÖL,40485,1,6,53,146,0,0,0,3,0,0,0,146,940,7,206,0.007446808510638298
31,ARNAVUTKÖY,MEHMET AKÝF ERSOY,40491,0,255,218,465,8,0,31,ARNAVUTKÖY,MEHMET AKÝF ERSOY,40491,1,4,26,73,0,0,0,3,0,0,1,132,473,5,104,0.010570824524312896
32,ARNAVUTKÖY,MUSTAFA KEMAL PAÞA,99358,0,707,273,843,137,0,32,ARNAVUTKÖY,MUSTAFA KEMAL PAÞA,99358,1,7,53,161,0,0,3,11,0,0,1,254,980,8,222,0.00816326530612245
33,ARNAVUTKÖY,NENEHATUN,99357,0,561,223,707,77,0,33,ARNAVUTKÖY,NENEHATUN,99357,1,5,43,124,0,0,0,7,0,0,1,180,784,6,173,0.007653061224489796
34,ARNAVUTKÖY,ÖMERLÝ,40906,0,273,329,477,83,42,34,ARNAVUTKÖY,ÖMERLÝ,40906,1,7,49,124,0,0,0,3,1,0,0,189,602,8,181,0.013289036544850499
35,ARNAVUTKÖY,SAZLIBOSNA,40907,0,338,55,393,0,0,35,ARNAVUTKÖY,SAZLIBOSNA,40907,0,5,26,68,0,0,0,1,0,0,0,46,393,5,99,0.01272264631043257
36,ARNAVUTKÖY,TAÞOLUK,40492,0,607,179,750,36,0,36,ARNAVUTKÖY,TAÞOLUK,40492,1,6,44,122,0,0,1,6,0,0,1,120,786,7,173,0.008905852417302799
37,ARNAVUTKÖY,TAYAKADIN,191977,0,817,487,1301,3,0,37,ARNAVUTKÖY,TAYAKADIN,191977,3,12,57,162,0,0,0,1,0,0,0,92,1304,15,234,0.011503067484662576
38,ARNAVUTKÖY,TERKOS,40914,0,428,132,560,0,0,38,ARNAVUTKÖY,TERKOS,40914,1,4,19,58,0,0,0,0,0,0,0,22,560,5,82,0.008928571428571428
39,ARNAVUTKÖY,YASSIÖREN,191989,0,0,342,316,24,2,39,ARNAVUTKÖY,YASSIÖREN,191989,0,1,12,41,0,0,0,0,0,0,0,11,342,1,54,0.0029239766081871343
40,ARNAVUTKÖY,YAVUZ SELÝM,40480,0,968,204,1113,58,1,40,ARNAVUTKÖY,YAVUZ SELÝM,40480,2,9,64,180,0,0,1,9,0,0,1,250,1172,11,255,0.00938566552901024
41,ARNAVUTKÖY,YENÝKÖY,191979,0,190,836,1026,0,0,41,ARNAVUTKÖY,YENÝKÖY,191979,1,5,39,121,0,0,0,0,0,1,1,43,1026,6,166,0.005847953216374269
42,ARNAVUTKÖY,YEÞÝLBAYIR,40908,0,172,208,357,23,0,42,ARNAVUTKÖY,YEÞÝLBAYIR,40908,1,4,27,69,0,0,0,0,0,0,0,29,380,5,101,0.013157894736842105
43,ARNAVUTKÖY,YUNUS EMRE,40484,5,1168,327,1421,78,1,43,ARNAVUTKÖY,YUNUS EMRE,40484,1,10,88,244,0,0,5,16,0,0,1,403,1500,11,343,0.007333333333333333
44,ATAÞEHÝR,AÞIKVEYSEL,98687,792,181,199,886,266,20,44,ATAÞEHÝR,AÞIKVEYSEL,98687,5,18,102,266,4,3,12,26,0,0,0,465,1172,23,391,0.01962457337883959
45,ATAÞEHÝR,ATATÜRK,99749,49,386,416,455,234,162,45,ATAÞEHÝR,ATATÜRK,99749,2,12,76,209,2,0,11,30,0,1,1,706,851,14,299,0.01645123384253819
46,ATAÞEHÝR,BARBAROS,40527,571,725,596,1585,205,102,46,ATAÞEHÝR,BARBAROS,40527,14,50,248,498,11,9,42,88,1,1,2,1281,1892,64,810,0.03382663847780127
47,ATAÞEHÝR,ESATPAÞA,40793,997,396,733,1474,597,55,47,ATAÞEHÝR,ESATPAÞA,40793,5,20,140,422,3,1,14,33,0,0,1,598,2126,25,587,0.011759172154280339
48,ATAÞEHÝR,FERHATPAÞA,40577,4,845,1135,1370,599,15,48,ATAÞEHÝR,FERHATPAÞA,40577,4,26,191,493,0,0,5,26,1,1,2,784,1984,30,714,0.015120967741935484
49,ATAÞEHÝR,FETIH,40795,55,339,160,265,262,27,49,ATAÞEHÝR,FETIH,40795,1,3,26,102,1,0,3,7,0,0,0,203,554,4,132,0.007220216606498195
50,ATAÞEHÝR,ÝÇERENKÖY,40530,1610,1809,1203,2950,1302,370,50,ATAÞEHÝR,ÝÇERENKÖY,40530,23,76,465,1180,19,8,61,133,1,1,3,2792,4622,99,1744,0.021419299004759845
51,ATAÞEHÝR,ÝNÖNÜ,40534,89,445,887,504,898,19,51,ATAÞEHÝR,ÝNÖNÜ,40534,4,17,115,392,2,0,14,36,0,0,1,775,1421,21,528,0.014778325123152709
52,ATAÞEHÝR,KAYIÞDAÐI,40533,311,1394,1273,2245,723,10,52,ATAÞEHÝR,KAYIÞDAÐI,40533,10,52,352,785,7,2,31,76,1,1,2,1930,2978,62,1199,0.020819341840161182
53,ATAÞEHÝR,KÜÇÜKBAKKALKÖY,40531,478,292,957,850,611,266,53,ATAÞEHÝR,KÜÇÜKBAKKALKÖY,40531,13,41,200,501,11,6,35,71,1,1,2,1284,1727,54,755,0.03126809496236248
54,ATAÞEHÝR,MEVLANA,99516,32,723,135,617,221,52,54,ATAÞEHÝR,MEVLANA,99516,1,8,64,188,2,0,7,20,0,0,0,470,890,9,261,0.010112359550561797
55,ATAÞEHÝR,MÝMAR SÝNAN,99519,51,722,135,771,135,2,55,ATAÞEHÝR,MÝMAR SÝNAN,99519,2,13,81,203,1,0,7,18,0,0,0,370,908,15,299,0.016519823788546256
56,ATAÞEHÝR,MUSTAFA KEMAL,40740,914,374,164,1170,282,0,56,ATAÞEHÝR,MUSTAFA KEMAL,40740,8,28,145,345,6,4,18,40,0,0,1,643,1452,36,526,0.024793388429752067
57,ATAÞEHÝR,ÖRNEK,40816,760,367,732,1166,667,26,57,ATAÞEHÝR,ÖRNEK,40816,9,31,181,463,7,4,25,54,0,0,1,966,1859,40,684,0.02151694459386767
58,ATAÞEHÝR,YENÝ ÇAMLICA,40746,184,793,350,1192,109,26,58,ATAÞEHÝR,YENÝ ÇAMLICA,40746,5,24,152,319,3,1,11,28,0,0,1,630,1327,29,500,0.02185380557648832
59,ATAÞEHÝR,YENÝSAHRA,40526,782,378,264,1216,207,1,59,ATAÞEHÝR,YENÝSAHRA,40526,17,51,205,397,10,9,32,64,0,0,1,671,1424,68,670,0.047752808988764044
60,ATAÞEHÝR,YENÝÞEHÝR,99517,56,128,212,58,225,113,60,ATAÞEHÝR,YENÝÞEHÝR,99517,0,1,13,70,0,0,2,5,1,1,0,134,396,1,84,0.0025252525252525255
61,AVCILAR,AMBARLI,40146,354,941,323,561,1009,48,61,AVCILAR,AMBARLI,40146,26,105,388,634,67,35,191,364,2,2,7,3699,1618,131,1153,0.08096415327564895
62,AVCILAR,CÝHANGÝR,40148,282,1376,1391,1324,1694,31,62,AVCILAR,CÝHANGÝR,40148,37,169,688,1171,87,46,252,496,3,4,9,5464,3049,206,2065,0.06756313545424729
63,AVCILAR,DENÝZKÖÞKLER,40147,379,1370,402,725,1387,39,63,AVCILAR,DENÝZKÖÞKLER,40147,33,138,516,843,74,39,212,409,2,3,7,4086,2151,171,1530,0.0794979079497908
64,AVCILAR,FÝRUZKÖY,40152,586,1598,927,2703,397,11,64,AVCILAR,FÝRUZKÖY,40152,19,150,676,1005,18,7,61,135,2,2,7,2073,3111,169,1850,0.05432336869173899
65,AVCILAR,GÜMÜÞPALA,40151,303,1111,475,617,1253,19,65,AVCILAR,GÜMÜÞPALA,40151,27,115,446,750,63,34,184,353,2,2,6,3833,1889,142,1338,0.07517204870301747
66,AVCILAR,MERKEZ,40145,371,552,185,189,848,71,66,AVCILAR,MERKEZ,40145,17,64,253,471,44,23,124,241,1,1,4,2751,1108,81,805,0.07310469314079422
67,AVCILAR,MUSTAFA KEMALPAÞA,40150,258,973,717,498,1443,7,67,AVCILAR,MUSTAFA KEMALPAÞA,40150,21,91,416,821,47,25,134,274,1,2,4,3863,1948,112,1349,0.057494866529774126
68,AVCILAR,TAHTAKALE,40154,4,1549,958,1956,339,216,68,AVCILAR,TAHTAKALE,40154,5,52,321,658,3,1,26,76,1,1,1,2247,2511,57,1036,0.022700119474313024
69,AVCILAR,ÜNÝVERSÝTE,40149,59,574,626,578,655,26,69,AVCILAR,ÜNÝVERSÝTE,40149,12,64,276,480,19,9,55,113,1,1,4,1617,1259,76,832,0.06036536934074663
70,AVCILAR,YEÞÝLKENT,40153,0,4243,3875,7362,735,21,70,AVCILAR,YEÞÝLKENT,40153,36,313,1565,2452,43,20,146,338,4,4,5,5308,8118,349,4366,0.04299088445429909
71,BAÐCILAR,100. YIL,40176,195,2175,436,1233,1555,18,71,BAÐCILAR,100. YIL,40176,6,22,186,665,7,3,25,61,0,0,1,1233,2806,28,879,0.009978617248752673
72,BAÐCILAR,BAÐLAR,40155,239,677,356,771,462,39,72,BAÐCILAR,BAÐLAR,40155,36,86,315,455,33,19,90,165,1,1,3,3267,1272,122,892,0.0959119496855346
73,BAÐCILAR,BARBAROS,40157,298,487,359,364,776,4,73,BAÐCILAR,BARBAROS,40157,36,74,273,453,50,28,133,242,0,1,2,2646,1144,110,836,0.09615384615384616
74,BAÐCILAR,ÇINAR,40163,469,1045,228,424,1304,14,74,BAÐCILAR,ÇINAR,40163,45,86,360,720,82,45,215,390,1,1,2,2548,1742,131,1211,0.07520091848450057
75,BAÐCILAR,DEMÝRKAPI,40171,250,1835,504,987,1554,48,75,BAÐCILAR,DEMÝRKAPI,40171,43,108,509,1013,71,39,192,368,1,1,3,3443,2589,151,1673,0.058323677095403634
76,BAÐCILAR,EVREN,40169,229,2099,832,1291,1840,29,76,BAÐCILAR,EVREN,40169,54,144,657,1233,70,38,190,367,1,2,4,3236,3160,198,2088,0.06265822784810127
77,BAÐCILAR,FATÝH,40172,214,1996,288,975,1520,3,77,BAÐCILAR,FATÝH,40172,25,62,334,808,40,21,107,208,1,1,2,2332,2498,87,1229,0.03482786228983187
78,BAÐCILAR,FEVZÝ ÇAKMAK,40173,333,1044,370,576,1142,29,78,BAÐCILAR,FEVZÝ ÇAKMAK,40173,27,64,311,673,44,24,118,224,1,1,2,2593,1747,91,1075,0.052089295935890095
79,BAÐCILAR,GÖZTEPE,40175,135,1714,257,1085,989,32,79,BAÐCILAR,GÖZTEPE,40175,19,53,287,683,25,15,71,144,1,1,2,1930,2106,72,1042,0.03418803418803419
80,BAÐCILAR,GÜNEÞLÝ,40168,213,1642,555,852,1503,55,80,BAÐCILAR,GÜNEÞLÝ,40168,47,114,507,961,71,39,190,358,1,1,3,4189,2410,161,1629,0.06680497925311203
81,BAÐCILAR,HÜRRÝYET,40156,449,644,391,602,856,26,81,BAÐCILAR,HÜRRÝYET,40156,49,99,367,570,65,35,171,307,1,1,2,2802,1484,148,1085,0.09973045822102426
82,BAÐCILAR,ÝNÖNÜ,40159,320,825,217,564,793,5,82,BAÐCILAR,ÝNÖNÜ,40159,46,90,326,525,64,38,169,304,0,1,2,2718,1362,136,987,0.09985315712187959
83,BAÐCILAR,KAZIM KARABEKÝR,40158,352,749,432,539,992,2,83,BAÐCILAR,KAZIM KARABEKÝR,40158,46,94,360,607,66,38,174,316,1,1,2,3061,1533,140,1107,0.091324200913242
84,BAÐCILAR,KEMALPAÞA,40174,259,1457,267,843,1138,2,84,BAÐCILAR,KEMALPAÞA,40174,20,50,284,682,30,16,81,160,0,0,1,2045,1983,70,1036,0.03530005042864347
85,BAÐCILAR,KÝRAZLI,40166,263,1572,457,925,1333,34,85,BAÐCILAR,KÝRAZLI,40166,51,119,501,902,76,42,203,380,1,1,3,4099,2292,170,1573,0.07417102966841187
86,BAÐCILAR,MAHMUTBEY,40170,266,3585,434,3428,802,55,86,BAÐCILAR,MAHMUTBEY,40170,47,144,694,1236,39,23,110,209,1,2,5,1740,4285,191,2121,0.04457409568261377
87,BAÐCILAR,MERKEZ,40162,180,621,243,305,722,17,87,BAÐCILAR,MERKEZ,40162,26,52,221,434,52,28,137,251,1,0,2,2323,1044,78,733,0.07471264367816093
88,BAÐCILAR,SANCAKTEPE,40164,229,657,170,363,688,5,88,BAÐCILAR,SANCAKTEPE,40164,23,49,215,419,35,19,92,171,0,1,2,1620,1056,72,706,0.06818181818181818
89,BAÐCILAR,YAVUZ SELÝM,40165,239,901,311,536,897,18,89,BAÐCILAR,YAVUZ SELÝM,40165,30,69,298,568,47,26,125,234,1,1,2,2432,1451,99,965,0.06822880771881461
90,BAÐCILAR,YENÝGÜN,40161,246,519,112,169,707,1,90,BAÐCILAR,YENÝGÜN,40161,24,43,186,373,54,29,138,250,0,0,2,2068,877,67,626,0.07639680729760548
91,BAÐCILAR,YENÝMAHALLE,40167,137,1236,247,619,953,48,91,BAÐCILAR,YENÝMAHALLE,40167,29,73,332,634,48,26,128,242,1,1,2,2821,1620,102,1068,0.06296296296296296
92,BAÐCILAR,YILDIZTEPE,40160,557,1066,355,697,1260,21,92,BAÐCILAR,YILDIZTEPE,40160,67,130,478,783,110,61,289,518,1,1,3,4367,1978,197,1458,0.09959555106167846
93,BAHÇELÝEVLER,BAHÇELÝEVLER,40177,728,878,359,835,1014,116,93,BAHÇELÝEVLER,BAHÇELÝEVLER,40177,81,147,488,752,185,99,480,838,2,3,6,6193,1965,228,1468,0.11603053435114503
94,BAHÇELÝEVLER,CUMHURÝYET,40181,196,1136,271,310,1285,8,94,BAHÇELÝEVLER,CUMHURÝYET,40181,47,87,362,680,97,53,254,459,1,1,3,3989,1603,134,1176,0.08359326263256395
95,BAHÇELÝEVLER,ÇOBANÇEÞME,40184,108,1539,230,649,1216,12,95,BAHÇELÝEVLER,ÇOBANÇEÞME,40184,62,125,469,751,83,44,217,393,2,2,4,3437,1877,187,1407,0.09962706446457112
96,BAHÇELÝEVLER,FEVZÝ ÇAKMAK,40185,145,881,78,184,917,3,96,BAHÇELÝEVLER,FEVZÝ ÇAKMAK,40185,37,71,276,470,70,36,180,326,1,1,2,2848,1104,108,854,0.09782608695652174
97,BAHÇELÝEVLER,HÜRRÝYET,40187,107,1491,129,185,1517,25,97,BAHÇELÝEVLER,HÜRRÝYET,40187,56,105,432,757,128,69,335,601,1,1,4,4906,1727,161,1350,0.09322524609148813
98,BAHÇELÝEVLER,KOCASÝNAN MERKEZ,40182,152,1623,848,815,1785,23,98,BAHÇELÝEVLER,KOCASÝNAN MERKEZ,40182,71,151,611,1088,148,83,394,723,2,2,6,6969,2623,222,1921,0.0846359130766298
99,BAHÇELÝEVLER,SÝYAVUÞPAÞA,40179,793,1308,58,111,2034,14,99,BAHÇELÝEVLER,SÝYAVUÞPAÞA,40179,88,143,521,922,220,117,567,989,1,2,4,6781,2159,231,1674,0.10699397869383974
100,BAHÇELÝEVLER,SOÐANLI,40180,476,1745,166,143,2234,10,100,BAHÇELÝEVLER,SOÐANLI,40180,74,126,537,1059,189,101,491,875,1,2,4,6850,2387,200,1796,0.08378718056137412
101,BAHÇELÝEVLER,ÞÝRÝNEVLER,40178,577,1434,230,299,1910,32,101,BAHÇELÝEVLER,ÞÝRÝNEVLER,40178,105,171,592,945,230,122,592,1028,2,2,6,6563,2241,276,1813,0.12315930388219545
102,BAHÇELÝEVLER,YENÝBOSNA MERKEZ,40183,365,1263,567,1234,897,64,102,BAHÇELÝEVLER,YENÝBOSNA MERKEZ,40183,74,162,553,796,71,41,193,352,2,3,7,3588,2195,236,1585,0.10751708428246014
103,BAHÇELÝEVLER,ZAFER,40186,245,2185,965,599,2789,7,103,BAHÇELÝEVLER,ZAFER,40186,101,202,827,1466,212,114,558,1015,2,2,6,9075,3395,303,2596,0.08924889543446245
104,BAKIRKÖY,ATAKÖY 1. KISIM,40202,61,7,27,39,42,14,104,BAKIRKÖY,ATAKÖY 1. KISIM,40202,6,10,24,32,12,6,31,52,1,0,1,204,95,16,72,0.16842105263157894
105,BAKIRKÖY,ATAKÖY 2-5-6. KISIM,40194,123,8,93,108,74,42,105,BAKIRKÖY,ATAKÖY 2-5-6. KISIM,40194,16,27,61,77,68,36,176,295,1,1,2,1760,224,43,181,0.19196428571428573
106,BAKIRKÖY,ATAKÖY 3-4-11. KISIM,40201,156,93,11,82,170,8,106,BAKIRKÖY,ATAKÖY 3-4-11. KISIM,40201,18,30,75,89,43,23,110,185,1,1,2,1131,260,48,212,0.18461538461538463
107,BAKIRKÖY,ATAKÖY 7-8-9-10. KISIM,40196,3,426,107,239,226,71,107,BAKIRKÖY,ATAKÖY 7-8-9-10. KISIM,40196,16,38,126,199,63,33,165,291,1,1,4,2371,536,54,379,0.10074626865671642
108,BAKIRKÖY,BASINKÖY,40200,184,358,108,614,36,0,108,BAKIRKÖY,BASINKÖY,40200,62,93,200,167,47,35,123,208,1,1,4,1114,650,155,522,0.23846153846153847
109,BAKIRKÖY,CEVÝZLÝK,40192,332,259,110,198,501,2,109,BAKIRKÖY,CEVÝZLÝK,40192,39,63,188,271,29,16,74,127,0,1,1,663,701,102,561,0.14550641940085593
110,BAKIRKÖY,KARTALTEPE,40197,775,641,57,414,1056,3,110,BAKIRKÖY,KARTALTEPE,40197,82,132,393,567,166,89,424,725,1,2,4,4460,1473,214,1174,0.1452817379497624
111,BAKIRKÖY,OSMANÝYE,40188,339,363,290,512,470,10,111,BAKIRKÖY,OSMANÝYE,40188,44,83,259,349,87,47,225,391,1,1,3,2766,992,127,735,0.1280241935483871
112,BAKIRKÖY,SAKIZAÐACI,40191,300,143,29,77,385,10,112,BAKIRKÖY,SAKIZAÐACI,40191,34,50,131,176,41,23,104,176,0,0,1,1092,472,84,391,0.17796610169491525
113,BAKIRKÖY,ÞENLÝKKÖY,40199,357,1134,320,1644,166,1,113,BAKIRKÖY,ÞENLÝKKÖY,40199,110,234,593,488,122,68,324,561,3,3,8,4483,1811,344,1425,0.18995030369961347
114,BAKIRKÖY,YENÝMAHALLE,40190,319,126,48,134,359,0,114,BAKIRKÖY,YENÝMAHALLE,40190,34,50,132,186,42,23,108,182,0,0,1,894,493,84,402,0.17038539553752535
115,BAKIRKÖY,YEÞÝLKÖY,40189,894,848,590,1755,554,23,115,BAKIRKÖY,YEÞÝLKÖY,40189,201,310,696,621,161,92,413,695,3,4,11,3776,2332,511,1828,0.21912521440823327
116,BAKIRKÖY,YEÞÝLYURT,40195,179,97,32,134,173,1,116,BAKIRKÖY,YEÞÝLYURT,40195,25,38,95,99,35,19,91,154,1,1,2,1025,308,63,257,0.20454545454545456
117,BAKIRKÖY,ZEYTÝNLÝK,40193,203,270,101,143,430,1,117,BAKIRKÖY,ZEYTÝNLÝK,40193,30,49,152,228,27,15,70,121,0,0,1,678,574,79,459,0.13763066202090593
118,BAKIRKÖY,ZUHURATBABA,40198,644,319,66,279,746,4,118,BAKIRKÖY,ZUHURATBABA,40198,65,99,269,390,103,56,263,447,1,1,3,2493,1029,164,823,0.15937803692905733
119,BAÞAKÞEHÝR,ALTINÞEHÝR,40598,96,968,332,1256,140,0,119,BAÞAKÞEHÝR,ALTINÞEHÝR,40598,10,42,199,374,8,6,28,61,0,0,1,945,1396,52,625,0.03724928366762178
120,BAÞAKÞEHÝR,BAHÇEÞEHÝR 1. KISIM,40871,0,699,1478,1837,176,164,120,BAÞAKÞEHÝR,BAHÇEÞEHÝR 1. KISIM,40871,5,44,278,549,1,0,11,33,0,1,2,1151,2177,49,876,0.022508038585209004
121,BAÞAKÞEHÝR,BAHÇEÞEHÝR 2. KISIM,40872,1,1130,1664,2101,141,553,121,BAÞAKÞEHÝR,BAHÇEÞEHÝR 2. KISIM,40872,11,57,311,738,16,7,53,115,1,2,2,1613,2795,68,1117,0.024329159212880144
122,BAÞAKÞEHÝR,BAÞAK,40357,1,644,793,792,208,438,122,BAÞAKÞEHÝR,BAÞAK,40357,1,8,66,225,1,0,7,24,1,1,1,1000,1438,9,300,0.006258692628650904
123,BAÞAKÞEHÝR,BAÞAKÞEHÝR,40581,0,136,658,187,208,399,123,BAÞAKÞEHÝR,BAÞAKÞEHÝR,40581,1,3,21,115,1,0,6,18,0,0,1,522,794,4,140,0.005037783375314861
124,BAÞAKÞEHÝR,GÜVERCÝNTEPE,40597,110,3440,903,3784,640,29,124,BAÞAKÞEHÝR,GÜVERCÝNTEPE,40597,26,115,573,1173,21,16,80,183,1,1,3,3188,4453,141,1887,0.03166404671008309
125,BAÞAKÞEHÝR,KAYABAÞI,40583,206,425,969,872,121,607,125,BAÞAKÞEHÝR,KAYABAÞI,40583,4,18,91,261,2,1,9,27,1,1,1,1580,1600,22,374,0.01375
126,BAÞAKÞEHÝR,ÞAHÝNTEPE,40584,95,3785,959,4624,202,13,126,BAÞAKÞEHÝR,ÞAHÝNTEPE,40584,29,128,615,1197,11,8,54,125,1,1,2,2380,4839,157,1969,0.03244471998346766
127,BAÞAKÞEHÝR,ÞAMLAR,191991,9,347,103,440,19,0,127,BAÞAKÞEHÝR,ÞAMLAR,191991,1,7,36,88,0,0,0,0,0,0,1,53,459,8,132,0.017429193899782137
128,BAÞAKÞEHÝR,ZÝYA GÖKALP,40585,296,2046,3498,5283,474,83,128,BAÞAKÞEHÝR,ZÝYA GÖKALP,40585,27,153,787,1523,10,7,39,84,1,2,6,965,5840,180,2490,0.030821917808219176
129,BAYRAMPAÞA,ALTINTEPSÝ,40207,679,1206,353,1073,1161,4,129,BAYRAMPAÞA,ALTINTEPSÝ,40207,68,135,483,826,60,37,161,291,1,1,2,2839,2238,203,1512,0.09070598748882931
130,BAYRAMPAÞA,CEVATPAÞA,40203,351,733,116,648,552,0,130,BAYRAMPAÞA,CEVATPAÞA,40203,18,43,175,384,18,12,51,98,0,0,1,1214,1200,61,620,0.050833333333333335
131,BAYRAMPAÞA,ÝSMET PAÞA,40209,555,489,166,568,611,31,131,BAYRAMPAÞA,ÝSMET PAÞA,40209,50,86,260,442,41,28,108,191,0,0,1,1510,1210,136,838,0.11239669421487604
132,BAYRAMPAÞA,KARTALTEPE,40211,1256,1408,257,1286,1631,4,132,BAYRAMPAÞA,KARTALTEPE,40211,68,137,483,1025,67,45,180,331,1,1,2,3056,2921,205,1713,0.07018144471071551
133,BAYRAMPAÞA,KOCATEPE,40212,235,784,218,509,702,26,133,BAYRAMPAÞA,KOCATEPE,40212,26,55,233,468,30,17,82,154,1,1,2,1653,1237,81,782,0.06548100242522231
134,BAYRAMPAÞA,MURATPAÞA,40213,1285,1342,212,1551,1287,1,134,BAYRAMPAÞA,MURATPAÞA,40213,116,202,589,1008,93,63,245,435,1,1,2,3394,2839,318,1915,0.11201127157449806
135,BAYRAMPAÞA,ORTAMAHALLE,40204,635,763,132,870,659,1,135,BAYRAMPAÞA,ORTAMAHALLE,40204,57,107,334,533,40,27,106,189,0,1,1,1588,1530,164,1031,0.10718954248366012
136,BAYRAMPAÞA,TERAZÝDERE,40206,532,834,114,771,709,0,136,BAYRAMPAÞA,TERAZÝDERE,40206,52,98,309,530,34,24,93,167,0,1,2,1509,1480,150,989,0.10135135135135136
137,BAYRAMPAÞA,VATAN,40205,541,398,142,712,368,1,137,BAYRAMPAÞA,VATAN,40205,36,72,229,366,22,16,60,108,0,0,1,1053,1081,108,703,0.09990749306197964
138,BAYRAMPAÞA,YENÝDOÐAN,40208,687,762,154,804,793,6,138,BAYRAMPAÞA,YENÝDOÐAN,40208,57,104,345,582,46,29,122,217,0,1,2,1765,1603,161,1088,0.10043668122270742
139,BAYRAMPAÞA,YILDIRIM,40210,1539,1521,553,1865,1745,3,139,BAYRAMPAÞA,YILDIRIM,40210,66,143,619,1251,69,42,186,348,1,1,3,3483,3613,209,2079,0.057846664821477996
140,BEÞÝKTAÞ,ABBASAÐA,40219,217,169,101,166,319,2,140,BEÞÝKTAÞ,ABBASAÐA,40219,2,6,31,111,1,1,4,9,0,0,0,136,487,8,150,0.01642710472279261
141,BEÞÝKTAÞ,AKAT,40234,398,597,291,954,294,38,141,BEÞÝKTAÞ,AKAT,40234,3,11,73,220,1,1,5,14,0,0,1,329,1286,14,307,0.01088646967340591
142,BEÞÝKTAÞ,ARNAVUTKÖY,40231,611,295,196,997,105,0,142,BEÞÝKTAÞ,ARNAVUTKÖY,40231,1,7,52,164,0,0,0,4,0,0,0,90,1102,8,224,0.007259528130671506
143,BEÞÝKTAÞ,BALMUMCU,40223,145,144,61,289,48,13,143,BEÞÝKTAÞ,BALMUMCU,40223,1,3,24,67,0,0,1,3,0,0,0,84,350,4,95,0.011428571428571429
144,BEÞÝKTAÞ,BEBEK,40232,477,266,170,743,169,1,144,BEÞÝKTAÞ,BEBEK,40232,2,6,46,143,0,0,2,5,0,0,0,114,913,8,197,0.008762322015334063
145,BEÞÝKTAÞ,CÝHANNÜMA,40217,209,141,88,173,260,5,145,BEÞÝKTAÞ,CÝHANNÜMA,40217,3,7,35,110,2,1,5,10,0,0,0,119,438,10,155,0.0228310502283105
146,BEÞÝKTAÞ,DÝKÝLÝTAÞ,40221,288,243,170,113,529,59,146,BEÞÝKTAÞ,DÝKÝLÝTAÞ,40221,2,4,25,135,2,1,7,16,0,0,0,207,701,6,166,0.008559201141226819
147,BEÞÝKTAÞ,ETÝLER,40233,438,189,173,524,261,15,147,BEÞÝKTAÞ,ETÝLER,40233,1,4,44,137,0,0,2,8,0,0,0,201,800,5,186,0.00625
148,BEÞÝKTAÞ,GAYRETTEPE,40222,227,169,111,137,239,131,148,BEÞÝKTAÞ,GAYRETTEPE,40222,1,3,17,93,1,0,6,13,0,0,0,178,507,4,114,0.007889546351084813
149,BEÞÝKTAÞ,KONAKLAR,40236,217,231,181,278,319,32,149,BEÞÝKTAÞ,KONAKLAR,40236,1,4,28,106,0,0,4,10,0,0,1,230,629,5,139,0.00794912559618442
150,BEÞÝKTAÞ,KURUÇEÞME,40228,437,147,132,667,49,0,150,BEÞÝKTAÞ,KURUÇEÞME,40228,1,6,38,116,0,0,0,3,0,0,0,74,716,7,161,0.009776536312849162
151,BEÞÝKTAÞ,KÜLTÜR,40229,172,141,117,286,138,6,151,BEÞÝKTAÞ,KÜLTÜR,40229,0,2,17,65,0,0,1,2,0,0,0,64,430,2,84,0.004651162790697674
152,BEÞÝKTAÞ,LEVAZIM,40226,38,118,64,59,148,13,152,BEÞÝKTAÞ,LEVAZIM,40226,0,1,7,40,0,0,1,4,0,0,0,74,220,1,48,0.004545454545454545
153,BEÞÝKTAÞ,LEVENT,40235,798,158,416,1337,24,11,153,BEÞÝKTAÞ,LEVENT,40235,2,8,95,248,0,0,1,4,1,1,1,105,1372,10,353,0.007288629737609329
154,BEÞÝKTAÞ,MECÝDÝYE,40224,546,320,216,673,409,0,154,BEÞÝKTAÞ,MECÝDÝYE,40224,11,32,127,293,6,4,17,38,0,0,0,525,1082,43,463,0.03974121996303143
155,BEÞÝKTAÞ,MURADÝYE,40216,141,139,34,15,293,6,155,BEÞÝKTAÞ,MURADÝYE,40216,1,2,12,66,1,0,3,6,0,0,0,69,314,3,81,0.009554140127388535
156,BEÞÝKTAÞ,NÝSBETÝYE,40230,201,271,114,123,426,37,156,BEÞÝKTAÞ,NÝSBETÝYE,40230,1,2,21,103,0,0,2,7,0,0,0,143,586,3,127,0.005119453924914676
157,BEÞÝKTAÞ,ORTAKÖY,40225,474,273,284,727,303,1,157,BEÞÝKTAÞ,ORTAKÖY,40225,7,20,96,239,2,2,9,20,0,0,1,366,1031,27,362,0.026188166828322017
158,BEÞÝKTAÞ,SÝNANPAÞA,40215,189,187,147,289,233,1,158,BEÞÝKTAÞ,SÝNANPAÞA,40215,8,18,71,169,4,2,10,18,0,0,0,147,523,26,266,0.0497131931166348
159,BEÞÝKTAÞ,TÜRKALÝ,40218,395,212,102,190,512,7,159,BEÞÝKTAÞ,TÜRKALÝ,40218,6,14,62,190,4,2,10,21,0,0,0,333,709,20,272,0.028208744710860368
160,BEÞÝKTAÞ,ULUS,40227,130,288,72,256,234,0,160,BEÞÝKTAÞ,ULUS,40227,1,3,23,88,0,0,1,5,0,0,0,125,490,4,115,0.00816326530612245
161,BEÞÝKTAÞ,VÝÞNEZADE,40214,254,273,146,338,317,18,161,BEÞÝKTAÞ,VÝÞNEZADE,40214,5,13,54,170,1,0,4,11,0,1,1,214,673,18,242,0.02674591381872214
162,BEÞÝKTAÞ,YILDIZ,40220,270,224,184,375,295,8,162,BEÞÝKTAÞ,YILDIZ,40220,4,11,55,168,1,0,4,9,1,0,1,169,678,15,238,0.022123893805309734
163,BEYKOZ,ACARLAR,40250,3,1846,391,1977,262,1,163,BEYKOZ,ACARLAR,40250,1,8,89,295,0,0,0,0,1,0,0,109,2240,9,393,0.0040178571428571425
164,BEYKOZ,AKBABA,191701,298,210,188,682,14,0,164,BEYKOZ,AKBABA,191701,0,2,18,66,0,0,0,0,0,0,0,33,696,2,86,0.0028735632183908046
165,BEYKOZ,ALÝBAHADIR,191703,22,151,130,302,1,0,165,BEYKOZ,ALÝBAHADIR,191703,1,2,14,40,0,0,0,0,0,0,0,19,303,3,57,0.009900990099009901
166,BEYKOZ,ANADOLU FENERÝ,191705,42,73,301,414,2,0,166,BEYKOZ,ANADOLU FENERÝ,191705,0,2,15,48,0,0,0,0,0,0,0,18,416,2,65,0.004807692307692308
167,BEYKOZ,ANADOLU HÝSARI,40243,362,163,138,619,44,0,167,BEYKOZ,ANADOLU HÝSARI,40243,3,10,67,145,0,0,2,5,0,0,0,27,663,13,225,0.0196078431372549
168,BEYKOZ,ANADOLU KAVAÐI,40256,93,163,153,402,7,0,168,BEYKOZ,ANADOLU KAVAÐI,40256,1,3,16,49,0,0,0,1,0,0,0,102,409,4,69,0.009779951100244499
169,BEYKOZ,BAKLACI,40257,21,0,1024,1034,11,0,169,BEYKOZ,BAKLACI,40257,1,8,64,171,0,0,0,0,1,1,1,95,1045,9,244,0.00861244019138756
170,BEYKOZ,BOZHANE,191725,47,82,149,278,0,0,170,BEYKOZ,BOZHANE,191725,1,3,13,36,0,0,0,0,0,0,0,15,278,4,53,0.014388489208633094
171,BEYKOZ,CUMHURÝYET,191727,205,194,283,679,3,0,171,BEYKOZ,CUMHURÝYET,191727,1,5,28,84,0,0,0,1,0,0,0,41,682,6,118,0.008797653958944282
172,BEYKOZ,ÇAMLIBAHÇE,40253,699,255,115,1042,27,0,172,BEYKOZ,ÇAMLIBAHÇE,40253,10,26,122,224,4,3,14,27,0,0,1,356,1069,36,382,0.03367633302151544
173,BEYKOZ,ÇENGELDERE,40258,26,3,1161,1159,31,0,173,BEYKOZ,ÇENGELDERE,40258,1,7,58,172,0,0,0,0,0,1,1,108,1190,8,238,0.0067226890756302525
174,BEYKOZ,ÇÝFTLÝK,40259,31,0,1074,1079,26,0,174,BEYKOZ,ÇÝFTLÝK,40259,1,7,61,172,0,0,0,0,0,0,1,120,1105,8,241,0.007239819004524887
175,BEYKOZ,ÇÝÐDEM,40240,962,752,177,1793,98,0,175,BEYKOZ,ÇÝÐDEM,40240,1,6,59,199,0,0,0,5,0,0,0,152,1891,7,265,0.0037017451084082496
176,BEYKOZ,ÇUBUKLU,40241,1414,1493,428,3110,224,1,176,BEYKOZ,ÇUBUKLU,40241,9,34,185,495,3,3,13,33,1,1,1,483,3335,43,723,0.012893553223388306
177,BEYKOZ,DERESEKÝ,191709,130,222,370,718,4,0,177,BEYKOZ,DERESEKÝ,191709,0,2,19,66,0,0,0,0,0,0,0,23,722,2,87,0.002770083102493075
178,BEYKOZ,ELMALI,191711,92,501,310,880,23,0,178,BEYKOZ,ELMALI,191711,1,4,34,106,0,0,0,0,0,0,0,48,903,5,145,0.005537098560354375
179,BEYKOZ,FATÝH,40260,17,0,602,583,36,0,179,BEYKOZ,FATÝH,40260,0,4,31,91,0,0,0,1,0,0,0,83,619,4,126,0.006462035541195477
180,BEYKOZ,GÖKSU,40244,354,126,125,580,25,0,180,BEYKOZ,GÖKSU,40244,5,15,80,149,1,0,6,13,0,0,1,140,605,20,249,0.03305785123966942
181,BEYKOZ,GÖLLÜ,191729,20,36,91,147,0,0,181,BEYKOZ,GÖLLÜ,191729,0,1,7,19,0,0,0,0,0,0,0,8,147,1,27,0.006802721088435374
182,BEYKOZ,GÖRELE,191713,30,412,213,650,5,0,182,BEYKOZ,GÖRELE,191713,1,4,32,91,0,0,0,0,0,0,0,50,655,5,128,0.007633587786259542
183,BEYKOZ,GÖZTEPE,40246,189,294,557,904,135,1,183,BEYKOZ,GÖZTEPE,40246,4,15,90,209,1,0,5,12,0,0,1,295,1040,19,318,0.01826923076923077
184,BEYKOZ,GÜMÜÞSUYU,40237,1354,1211,586,3087,64,0,184,BEYKOZ,GÜMÜÞSUYU,40237,9,34,176,469,1,1,8,21,0,1,1,357,3151,43,688,0.01364646144081244
185,BEYKOZ,ÝNCÝRKÖY,40238,2043,775,419,3124,113,0,185,BEYKOZ,ÝNCÝRKÖY,40238,5,20,149,416,1,1,5,15,0,0,1,368,3237,25,590,0.007723200494284831
186,BEYKOZ,ÝSHAKLI,191731,64,213,379,655,1,0,186,BEYKOZ,ÝSHAKLI,191731,1,4,26,78,0,0,0,0,0,0,0,29,656,5,109,0.007621951219512195
187,BEYKOZ,KANLICA,40242,387,206,150,658,84,1,187,BEYKOZ,KANLICA,40242,1,5,42,119,0,0,0,3,0,0,0,97,743,6,167,0.008075370121130552
188,BEYKOZ,KAVACIK,40247,959,667,363,1296,606,87,188,BEYKOZ,KAVACIK,40247,7,23,134,381,2,1,13,31,0,1,1,545,1989,30,545,0.015082956259426848
189,BEYKOZ,KAYNARCA,191715,3,124,91,218,0,0,189,BEYKOZ,KAYNARCA,191715,0,1,8,25,0,0,0,0,0,0,0,12,218,1,34,0.0045871559633027525
190,BEYKOZ,KILIÇLI,191733,0,39,293,331,1,0,190,BEYKOZ,KILIÇLI,191733,0,1,11,36,0,0,0,0,0,0,0,11,332,1,48,0.0030120481927710845
191,BEYKOZ,MAHMUTÞEVKETPAÞA,191723,213,254,267,727,7,0,191,BEYKOZ,MAHMUTÞEVKETPAÞA,191723,1,5,31,93,0,0,0,0,0,0,0,40,734,6,130,0.008174386920980926
192,BEYKOZ,MERKEZ,40251,712,291,209,1147,64,1,192,BEYKOZ,MERKEZ,40251,0,2,33,122,0,0,0,1,0,0,0,63,1212,2,157,0.0016501650165016502
193,BEYKOZ,ORTAÇEÞME,40254,594,705,249,1517,31,0,193,BEYKOZ,ORTAÇEÞME,40254,4,13,83,202,2,1,5,11,0,0,0,196,1548,17,302,0.010981912144702842
194,BEYKOZ,ÖÐÜMCE,191735,81,161,110,352,0,0,194,BEYKOZ,ÖÐÜMCE,191735,1,3,18,49,0,0,0,0,0,0,0,20,352,4,71,0.011363636363636364
195,BEYKOZ,ÖRNEKKÖY,191721,20,676,358,1044,10,0,195,BEYKOZ,ÖRNEKKÖY,191721,1,5,38,120,0,0,0,0,0,0,1,69,1054,6,164,0.0056925996204933585
196,BEYKOZ,PAÞABAHÇE,40239,474,166,101,694,47,0,196,BEYKOZ,PAÞABAHÇE,40239,4,11,72,143,1,0,4,9,0,0,0,161,741,15,230,0.020242914979757085
197,BEYKOZ,PAÞAMANDIRA,191737,50,269,240,559,0,0,197,BEYKOZ,PAÞAMANDIRA,191737,2,6,26,71,0,0,0,1,0,0,0,39,559,8,105,0.014311270125223614
198,BEYKOZ,POLONEZKÖY,191717,105,155,212,469,3,0,198,BEYKOZ,POLONEZKÖY,191717,2,6,32,77,0,0,0,0,0,0,0,27,472,8,117,0.01694915254237288
199,BEYKOZ,POYRAZKÖY,16634,89,12,205,300,6,0,199,BEYKOZ,POYRAZKÖY,16634,1,4,16,43,0,0,0,0,0,0,0,0,306,5,64,0.016339869281045753
200,BEYKOZ,RÝVA,191707,8,64,1305,1367,9,1,200,BEYKOZ,RÝVA,191707,0,3,37,134,0,0,0,0,1,0,0,37,1377,3,174,0.002178649237472767
201,BEYKOZ,RÜZGARLIBAHÇE,40248,536,826,342,1618,58,28,201,BEYKOZ,RÜZGARLIBAHÇE,40248,4,20,86,248,1,1,6,15,0,0,0,166,1704,24,358,0.014084507042253521
202,BEYKOZ,SOÐUKSU,40249,378,925,259,1470,92,0,202,BEYKOZ,SOÐUKSU,40249,0,3,41,150,0,0,0,2,0,0,0,94,1562,3,194,0.0019206145966709346
203,BEYKOZ,TOKATKÖY,40255,995,1366,411,2688,84,0,203,BEYKOZ,TOKATKÖY,40255,7,23,137,339,3,2,9,19,0,0,0,324,2772,30,506,0.010822510822510822
204,BEYKOZ,YALIKÖY,40252,740,346,242,1295,33,0,204,BEYKOZ,YALIKÖY,40252,7,18,83,190,2,2,7,15,0,0,0,165,1328,25,298,0.01882530120481928
205,BEYKOZ,YAVUZ SELÝM,40261,30,18,1363,1392,19,0,205,BEYKOZ,YAVUZ SELÝM,40261,1,8,73,209,0,0,0,0,1,1,1,114,1411,9,291,0.0063784549964564135
206,BEYKOZ,YENÝ MAHALLE,40245,1046,1750,648,3366,78,0,206,BEYKOZ,YENÝ MAHALLE,40245,13,55,290,679,3,1,15,43,1,0,1,656,3444,68,1037,0.019744483159117306
207,BEYKOZ,ZERZAVATÇI,191739,43,157,86,284,2,0,207,BEYKOZ,ZERZAVATÇI,191739,0,2,12,36,0,0,0,0,0,0,0,22,286,2,50,0.006993006993006993
208,BEYLÝKDÜZÜ,ADNAN KAHVECÝ,40869,0,505,1113,583,490,545,208,BEYLÝKDÜZÜ,ADNAN KAHVECÝ,40869,27,83,292,624,106,56,285,523,2,5,8,6195,1618,110,1026,0.06798516687268233
209,BEYLÝKDÜZÜ,BARIÞ,40875,0,303,499,368,56,378,209,BEYLÝKDÜZÜ,BARIÞ,40875,12,39,126,306,84,44,222,394,1,2,5,3284,802,51,483,0.06359102244389027
210,BEYLÝKDÜZÜ,BÜYÜKÞEHÝR,40877,0,107,132,51,15,173,210,BEYLÝKDÜZÜ,BÜYÜKÞEHÝR,40877,3,10,30,89,25,13,65,115,0,0,1,1076,239,13,132,0.05439330543933055
211,BEYLÝKDÜZÜ,CUMHURÝYET,40874,0,224,126,91,14,245,211,BEYLÝKDÜZÜ,CUMHURÝYET,40874,6,14,40,140,36,19,95,168,1,1,2,1051,350,20,200,0.05714285714285714
212,BEYLÝKDÜZÜ,DEREAÐZI,40870,0,1134,1027,1960,192,9,212,BEYLÝKDÜZÜ,DEREAÐZI,40870,66,203,594,619,24,10,80,159,4,7,14,1785,2161,269,1482,0.12447940768162888
213,BEYLÝKDÜZÜ,GÜRPINAR,40867,0,953,510,1220,191,52,213,BEYLÝKDÜZÜ,GÜRPINAR,40867,39,126,397,450,37,20,104,191,2,2,5,2400,1463,165,1012,0.11278195488721804
214,BEYLÝKDÜZÜ,KAVAKLI,40873,0,624,920,997,421,126,214,BEYLÝKDÜZÜ,KAVAKLI,40873,40,117,369,524,50,27,147,271,3,5,13,2914,1544,157,1050,0.1016839378238342
215,BEYLÝKDÜZÜ,MARMARA,40893,4,336,657,722,89,186,215,BEYLÝKDÜZÜ,MARMARA,40893,25,80,241,343,56,28,152,271,3,3,7,2506,997,105,689,0.10531594784353059
216,BEYLÝKDÜZÜ,SAHÝL,40876,0,369,277,540,84,22,216,BEYLÝKDÜZÜ,SAHÝL,40876,25,65,171,161,12,6,37,67,1,2,4,684,646,90,422,0.1393188854489164
217,BEYLÝKDÜZÜ,YAKUPLU,40894,37,1666,1230,1522,1369,42,217,BEYLÝKDÜZÜ,YAKUPLU,40894,78,213,744,1075,97,53,269,496,4,5,13,4775,2933,291,2110,0.09921581997954312
218,BEYOÐLU,ARAP CAMÝ,40299,347,139,2,332,125,31,218,BEYOÐLU,ARAP CAMÝ,40299,17,29,86,157,0,0,1,2,0,0,1,12,488,46,289,0.0942622950819672
219,BEYOÐLU,ASMALI MESCÝT,40281,156,107,77,47,276,17,219,BEYOÐLU,ASMALI MESCÝT,40281,2,4,21,82,0,0,1,3,0,0,0,112,340,6,109,0.01764705882352941
220,BEYOÐLU,BEDRETTÝN,40300,199,46,6,231,20,0,220,BEYOÐLU,BEDRETTÝN,40300,3,7,26,63,1,0,2,5,0,0,0,225,251,10,99,0.0398406374501992
221,BEYOÐLU,BEREKETZADE,40298,163,124,11,95,193,10,221,BEYOÐLU,BEREKETZADE,40298,4,9,35,89,0,0,1,1,0,0,0,41,298,13,137,0.0436241610738255
222,BEYOÐLU,BOSTAN,40291,317,112,8,324,112,1,222,BEYOÐLU,BOSTAN,40291,11,23,76,142,7,6,20,37,0,0,0,198,437,34,252,0.07780320366132723
223,BEYOÐLU,BÜLBÜL,40292,510,216,16,575,166,1,223,BEYOÐLU,BÜLBÜL,40292,4,14,64,172,1,1,4,9,0,0,0,138,742,18,254,0.02425876010781671
224,BEYOÐLU,CAMÝÝKEBÝR,40301,458,204,8,489,179,2,224,BEYOÐLU,CAMÝÝKEBÝR,40301,28,46,126,195,14,9,34,62,0,1,1,182,670,74,395,0.11044776119402985
225,BEYOÐLU,CÝHANGÝR,40275,237,157,83,113,349,15,225,BEYOÐLU,CÝHANGÝR,40275,2,5,26,111,0,0,2,5,0,0,0,249,477,7,144,0.014675052410901468
226,BEYOÐLU,ÇATMA MESCÝT,40283,174,92,1,135,124,8,226,BEYOÐLU,ÇATMA MESCÝT,40283,2,6,25,67,1,1,3,5,0,0,0,169,267,8,100,0.0299625468164794
227,BEYOÐLU,ÇUKUR,40293,331,56,7,243,144,7,227,BEYOÐLU,ÇUKUR,40293,3,8,32,97,1,1,3,7,0,0,0,59,394,11,140,0.027918781725888325
228,BEYOÐLU,EMEKYEMEZ,40269,169,156,14,144,181,14,228,BEYOÐLU,EMEKYEMEZ,40269,11,21,68,123,0,0,1,1,0,0,0,3,339,32,223,0.0943952802359882
229,BEYOÐLU,EVLÝYA ÇELEBÝ,40282,80,23,6,24,72,13,229,BEYOÐLU,EVLÝYA ÇELEBÝ,40282,1,2,8,27,0,0,1,1,0,0,0,46,109,3,38,0.027522935779816515
230,BEYOÐLU,FETÝHTEPE,40262,1188,330,135,1164,487,2,230,BEYOÐLU,FETÝHTEPE,40262,8,26,148,387,6,5,19,41,0,0,0,75,1653,34,569,0.0205686630369026
231,BEYOÐLU,FÝRUZAÐA,40276,337,126,58,260,260,1,231,BEYOÐLU,FÝRUZAÐA,40276,3,9,39,128,1,1,4,8,0,0,0,82,521,12,179,0.023032629558541268
232,BEYOÐLU,GÜMÜÞSUYU,40278,225,119,28,116,223,33,232,BEYOÐLU,GÜMÜÞSUYU,40278,2,4,22,86,0,0,2,3,0,0,0,82,372,6,114,0.016129032258064516
233,BEYOÐLU,HACIAHMET,40280,522,502,60,629,446,9,233,BEYOÐLU,HACIAHMET,40280,16,38,133,292,10,8,28,54,0,0,0,239,1084,54,479,0.04981549815498155
234,BEYOÐLU,HACIMÝMÝ,40285,215,116,22,188,159,6,234,BEYOÐLU,HACIMÝMÝ,40285,17,22,57,102,2,1,5,8,0,0,0,32,353,39,198,0.11048158640226628
235,BEYOÐLU,HALICIOÐLU,40304,336,214,91,229,407,5,235,BEYOÐLU,HALICIOÐLU,40304,11,21,80,175,12,7,31,56,0,0,0,1821,641,32,287,0.0499219968798752
236,BEYOÐLU,HÜSEYÝNAÐA,40272,169,74,44,76,204,7,236,BEYOÐLU,HÜSEYÝNAÐA,40272,1,4,18,69,0,0,1,3,0,0,0,85,287,5,92,0.017421602787456445
237,BEYOÐLU,ÝSTÝKLAL,40279,826,242,83,1107,30,14,237,BEYOÐLU,ÝSTÝKLAL,40279,29,66,200,315,10,9,27,50,0,0,1,45,1151,95,610,0.08253692441355343
238,BEYOÐLU,KADI MEHMET EFENDÝ,40267,254,171,102,178,347,2,238,BEYOÐLU,KADI MEHMET EFENDÝ,40267,7,13,53,137,7,4,19,35,0,0,0,61,527,20,210,0.03795066413662239
239,BEYOÐLU,KALYONCU KULLUÐU,40270,331,79,8,217,200,1,239,BEYOÐLU,KALYONCU KULLUÐU,40270,4,10,40,107,2,2,6,12,0,0,0,78,418,14,161,0.03349282296650718
240,BEYOÐLU,KAMER HATUN,40271,202,37,9,132,113,3,240,BEYOÐLU,KAMER HATUN,40271,1,5,19,60,1,1,2,4,0,0,0,39,248,6,85,0.024193548387096774
241,BEYOÐLU,KAPTANPAÞA,40264,578,520,202,764,535,1,241,BEYOÐLU,KAPTANPAÞA,40264,10,28,146,352,12,7,32,64,0,0,1,477,1300,38,536,0.02923076923076923
242,BEYOÐLU,KATÝPMUSTAFA ÇELEBÝ,40274,177,95,93,93,265,7,242,BEYOÐLU,KATÝPMUSTAFA ÇELEBÝ,40274,1,4,20,85,0,0,1,3,0,0,0,24,365,5,110,0.0136986301369863
243,BEYOÐLU,KEÇECÝ PÝRÝ,40302,879,521,86,1071,415,0,243,BEYOÐLU,KEÇECÝ PÝRÝ,40302,18,39,164,361,10,7,29,55,1,1,1,118,1486,57,582,0.03835800807537012
244,BEYOÐLU,KEMANKEÞ KARAMUSTAFAPAÞA,40297,232,82,0,128,184,2,244,BEYOÐLU,KEMANKEÞ KARAMUSTAFAPAÞA,40297,23,29,69,100,2,1,5,8,0,0,1,4,314,52,221,0.16560509554140126
245,BEYOÐLU,KILIÇALÝ PAÞA,40296,221,104,15,116,202,22,245,BEYOÐLU,KILIÇALÝ PAÞA,40296,2,5,23,83,0,0,2,5,0,0,0,300,340,7,113,0.020588235294117647
246,BEYOÐLU,KOCATEPE,40277,364,170,50,255,276,53,246,BEYOÐLU,KOCATEPE,40277,3,9,40,132,1,1,2,5,0,0,0,177,584,12,184,0.02054794520547945
247,BEYOÐLU,KULAKSIZ,40266,279,181,35,217,277,1,247,BEYOÐLU,KULAKSIZ,40266,12,21,74,148,12,8,32,58,0,0,0,637,495,33,255,0.06666666666666667
248,BEYOÐLU,KULOÐLU,40288,243,106,49,117,279,2,248,BEYOÐLU,KULOÐLU,40288,2,5,24,94,0,0,2,4,0,0,0,102,398,7,125,0.017587939698492462
249,BEYOÐLU,KÜÇÜK PÝYALE,40268,325,240,48,343,266,4,249,BEYOÐLU,KÜÇÜK PÝYALE,40268,16,29,97,179,11,8,29,53,0,0,1,199,613,45,321,0.0734094616639478
250,BEYOÐLU,MÜEYYETZADE,40286,150,120,19,138,144,7,250,BEYOÐLU,MÜEYYETZADE,40286,2,5,22,73,0,0,1,1,0,0,0,25,289,7,102,0.02422145328719723
251,BEYOÐLU,ÖMER AVNÝ,40294,230,92,6,98,224,6,251,BEYOÐLU,ÖMER AVNÝ,40294,4,7,29,91,1,0,5,9,0,0,0,91,328,11,131,0.03353658536585366
252,BEYOÐLU,ÖRNEKTEPE,40305,775,192,218,936,236,13,252,BEYOÐLU,ÖRNEKTEPE,40305,22,45,166,311,15,11,40,75,1,1,1,87,1185,67,544,0.056540084388185655
253,BEYOÐLU,PÝRÝPAÞA,40303,882,417,136,1060,374,1,253,BEYOÐLU,PÝRÝPAÞA,40303,26,55,208,406,21,14,57,106,0,1,1,455,1435,81,695,0.05644599303135889
254,BEYOÐLU,PÝYALEPAÞA,40263,1554,570,12,1381,755,0,254,BEYOÐLU,PÝYALEPAÞA,40263,9,26,168,490,9,6,26,54,1,0,1,185,2136,35,693,0.01638576779026217
255,BEYOÐLU,PÜRTELAÞ HASAN EFENDÝ,40295,159,101,20,98,170,12,255,BEYOÐLU,PÜRTELAÞ HASAN EFENDÝ,40295,4,8,31,82,1,0,4,7,0,0,0,293,280,12,125,0.04285714285714286
256,BEYOÐLU,SURURÝ MEHMET EFENDÝ,40289,365,105,5,359,114,2,256,BEYOÐLU,SURURÝ MEHMET EFENDÝ,40289,15,28,84,140,9,7,24,42,0,0,0,114,475,43,267,0.09052631578947369
257,BEYOÐLU,SÜTLÜCE,40306,417,160,213,433,348,9,257,BEYOÐLU,SÜTLÜCE,40306,22,39,123,226,21,13,55,98,0,1,1,992,790,61,410,0.07721518987341772
258,BEYOÐLU,ÞAHKULU,40284,202,87,56,130,211,4,258,BEYOÐLU,ÞAHKULU,40284,2,5,23,84,0,0,1,2,0,0,0,207,345,7,114,0.020289855072463767
259,BEYOÐLU,ÞEHÝT MUHTAR,40273,420,143,40,227,354,22,259,BEYOÐLU,ÞEHÝT MUHTAR,40273,3,8,36,140,0,0,2,5,0,0,0,300,603,11,187,0.01824212271973466
260,BEYOÐLU,TOMTOM,40287,260,107,53,186,227,7,260,BEYOÐLU,TOMTOM,40287,2,7,31,108,1,1,3,5,0,0,0,229,420,9,148,0.02142857142857143
261,BEYOÐLU,YAHYA KAHYA,40290,311,114,7,308,124,0,261,BEYOÐLU,YAHYA KAHYA,40290,20,33,92,131,12,8,31,53,0,0,1,646,432,53,276,0.12268518518518519
262,BEYOÐLU,YENÝÞEHÝR,40265,283,271,101,458,195,2,262,BEYOÐLU,YENÝÞEHÝR,40265,5,14,60,159,3,2,9,17,0,0,0,560,655,19,238,0.02900763358778626
263,BÜYÜKÇEKMECE,19.May,40850,83,260,279,434,187,1,263,BÜYÜKÇEKMECE,19 MAYIS,40850,13,36,139,208,13,7,35,67,1,1,2,818,622,49,396,0.07877813504823152
264,BÜYÜKÇEKMECE,AHMEDÝYE,40891,1,242,71,311,2,1,264,BÜYÜKÇEKMECE,AHMEDÝYE,40891,5,16,60,84,1,0,3,7,0,0,0,117,314,21,165,0.06687898089171974
265,BÜYÜKÇEKMECE,ALKENT 2000,40844,0,521,968,1456,13,20,265,BÜYÜKÇEKMECE,ALKENT 2000,40844,12,57,255,386,1,0,6,12,1,1,1,406,1489,69,710,0.04633982538616521
266,BÜYÜKÇEKMECE,ATATÜRK,40845,63,738,395,787,409,0,266,BÜYÜKÇEKMECE,ATATÜRK,40845,24,75,293,410,28,14,76,145,1,1,2,1933,1196,99,802,0.08277591973244147
267,BÜYÜKÇEKMECE,BAHÇELÝEVLER,40882,0,1106,787,1881,12,0,267,BÜYÜKÇEKMECE,BAHÇELÝEVLER,40882,24,111,449,550,0,0,7,23,1,2,1,579,1893,135,1134,0.07131537242472266
268,BÜYÜKÇEKMECE,CELALÝYE,40928,0,115,1886,1894,107,0,268,BÜYÜKÇEKMECE,CELALÝYE,40928,7,66,358,608,0,0,4,17,2,3,2,471,2001,73,1039,0.03648175912043978
269,BÜYÜKÇEKMECE,CUMHURÝYET,40846,3,388,444,719,95,21,269,BÜYÜKÇEKMECE,CUMHURÝYET,40846,11,48,189,261,9,4,31,62,1,1,2,631,835,59,509,0.07065868263473053
270,BÜYÜKÇEKMECE,ÇAKMAKLI,99334,0,279,215,469,12,13,270,BÜYÜKÇEKMECE,ÇAKMAKLI,99334,9,27,96,139,7,5,22,41,0,0,0,430,494,36,271,0.0728744939271255
271,BÜYÜKÇEKMECE,DÝZDARÝYE,40847,152,167,229,344,204,0,271,BÜYÜKÇEKMECE,DÝZDARÝYE,40847,22,43,137,185,20,12,53,95,0,0,1,818,548,65,387,0.11861313868613138
272,BÜYÜKÇEKMECE,EKÝNOBA,40886,1,280,240,343,130,48,272,BÜYÜKÇEKMECE,EKÝNOBA,40886,8,29,115,183,14,7,40,77,1,1,2,1061,521,37,335,0.0710172744721689
273,BÜYÜKÇEKMECE,FATÝH,40848,145,637,475,862,392,3,273,BÜYÜKÇEKMECE,FATÝH,40848,29,80,306,422,31,16,88,166,1,1,3,1920,1257,109,837,0.08671439936356404
274,BÜYÜKÇEKMECE,GÜZELCE,40883,0,1283,1236,2499,14,6,274,BÜYÜKÇEKMECE,GÜZELCE,40883,41,174,635,734,6,2,30,65,2,3,3,1076,2519,215,1584,0.0853513298928146
275,BÜYÜKÇEKMECE,HÜRRÝYET,40889,176,910,650,1463,273,0,275,BÜYÜKÇEKMECE,HÜRRÝYET,40889,28,92,375,535,22,14,68,139,1,2,4,1902,1736,120,1030,0.06912442396313365
276,BÜYÜKÇEKMECE,KAMÝLOBA,40929,0,52,2090,1943,196,3,276,BÜYÜKÇEKMECE,KAMÝLOBA,40929,6,56,313,541,0,0,1,7,2,3,3,549,2142,62,916,0.028944911297852476
277,BÜYÜKÇEKMECE,KARAAÐAÇ,40849,0,273,1511,1780,4,0,277,BÜYÜKÇEKMECE,KARAAÐAÇ,40849,5,39,219,416,0,0,0,0,1,1,1,227,1784,44,679,0.02466367713004484
278,BÜYÜKÇEKMECE,KUMBURGAZ,40884,0,954,556,1406,104,0,278,BÜYÜKÇEKMECE,KUMBURGAZ,40884,20,81,328,444,3,1,17,39,1,2,2,801,1510,101,873,0.06688741721854305
279,BÜYÜKÇEKMECE,MÝMAR SÝNAN MERKEZ,40887,298,539,493,1106,204,20,279,BÜYÜKÇEKMECE,MÝMAR SÝNAN MERKEZ,40887,42,98,324,412,21,13,61,109,1,1,3,967,1330,140,876,0.10526315789473684
280,BÜYÜKÇEKMECE,MÝMAROBA,140376,0,402,316,340,271,107,280,BÜYÜKÇEKMECE,MÝMAROBA,140376,10,35,143,265,22,12,63,117,1,1,2,1453,718,45,453,0.06267409470752089
281,BÜYÜKÇEKMECE,MURAT ÇEÞME,40888,9,593,483,878,188,19,281,BÜYÜKÇEKMECE,MURAT ÇEÞME,40888,15,61,246,351,15,7,49,98,1,2,4,1423,1085,76,673,0.07004608294930875
282,BÜYÜKÇEKMECE,PINARTEPE,40868,1,611,768,1031,343,6,282,BÜYÜKÇEKMECE,PINARTEPE,40868,22,85,326,465,25,11,75,148,2,3,4,1849,1380,107,898,0.07753623188405798
283,BÜYÜKÇEKMECE,SÝNANOBA,140374,0,639,452,857,130,104,283,BÜYÜKÇEKMECE,SÝNANOBA,140374,20,78,273,349,22,11,62,116,1,1,2,1681,1091,98,720,0.08982584784601283
284,BÜYÜKÇEKMECE,TÜRKOBA,40892,45,1404,1197,2576,39,31,284,BÜYÜKÇEKMECE,TÜRKOBA,40892,23,115,521,740,3,2,17,55,2,1,6,1216,2646,138,1399,0.05215419501133787
285,BÜYÜKÇEKMECE,ULUS,40890,326,738,470,1325,209,0,285,BÜYÜKÇEKMECE,ULUS,40890,33,93,361,472,25,16,71,135,1,1,3,1732,1534,126,959,0.08213820078226858
286,BÜYÜKÇEKMECE,YENÝMAHALLE,40885,0,491,207,667,31,0,286,BÜYÜKÇEKMECE,YENÝMAHALLE,40885,10,40,161,207,0,0,6,14,1,1,1,238,698,50,418,0.07163323782234957
287,ÇATALCA,AKALAN,191781,0,337,72,409,0,0,287,ÇATALCA,AKALAN,191781,1,4,18,52,0,0,0,1,0,0,0,11,409,5,75,0.012224938875305624
288,ÇATALCA,ATATÜRK,40903,90,245,310,642,3,0,288,ÇATALCA,ATATÜRK,40903,0,1,10,48,0,0,0,0,0,0,0,234,645,1,59,0.0015503875968992248
289,ÇATALCA,AYDINLAR,191783,254,169,199,620,2,0,289,ÇATALCA,AYDINLAR,191783,0,1,9,39,0,0,0,0,0,0,0,249,622,1,49,0.001607717041800643
290,ÇATALCA,BAHÞAYÝÞ,40902,0,6,198,204,0,0,290,ÇATALCA,BAHÞAYÝÞ,40902,0,3,15,37,0,0,0,0,0,0,0,5,204,3,55,0.014705882352941176
291,ÇATALCA,BAÞAK,191821,68,56,86,210,0,0,291,ÇATALCA,BAÞAK,191821,0,0,5,19,0,0,0,0,0,0,0,186,210,0,24,0.0
292,ÇATALCA,BELGRAT,191823,0,16,215,231,0,0,292,ÇATALCA,BELGRAT,191823,0,0,5,20,0,0,0,0,0,0,0,19,231,0,25,0.0
293,ÇATALCA,CELEPKÖY,191825,0,2,156,158,0,0,293,ÇATALCA,CELEPKÖY,191825,0,0,3,12,0,0,0,0,0,0,0,12,158,0,15,0.0
294,ÇATALCA,ÇAKIL,40899,100,660,946,1706,0,0,294,ÇATALCA,ÇAKIL,40899,10,47,218,397,0,0,2,4,1,1,2,8,1706,57,672,0.03341148886283705
295,ÇATALCA,ÇANAKÇA,191785,81,365,726,1168,4,0,295,ÇATALCA,ÇANAKÇA,191785,1,7,46,142,0,0,0,1,0,0,0,47,1172,8,196,0.006825938566552901
296,ÇATALCA,ÇÝFTLÝKKÖY,40917,145,193,506,842,2,0,296,ÇATALCA,ÇÝFTLÝKKÖY,40917,0,2,17,67,0,0,0,0,0,0,0,63,844,2,86,0.002369668246445498
297,ÇATALCA,DAÐYENÝCE,191787,43,136,210,389,0,0,297,ÇATALCA,DAÐYENÝCE,191787,1,3,15,45,0,0,0,0,0,0,0,8,389,4,64,0.010282776349614395
298,ÇATALCA,ELBASAN,191789,0,190,291,481,0,0,298,ÇATALCA,ELBASAN,191789,2,9,48,100,0,0,0,0,0,0,1,0,481,11,159,0.02286902286902287
299,ÇATALCA,FATÝH,40904,184,262,428,873,1,0,299,ÇATALCA,FATÝH,40904,0,1,9,41,0,0,0,0,0,0,0,42,874,1,51,0.0011441647597254005
300,ÇATALCA,FERHATPAÞA,40897,45,813,1462,1788,532,0,300,ÇATALCA,FERHATPAÞA,40897,8,40,225,550,3,1,15,38,1,1,2,3,2320,48,823,0.020689655172413793
301,ÇATALCA,GÖKÇEALÝ,191791,0,409,312,720,0,1,301,ÇATALCA,GÖKÇEALÝ,191791,1,6,40,109,0,0,0,1,0,0,0,74,721,7,156,0.009708737864077669
302,ÇATALCA,GÜMÜÞPINAR,191793,0,277,120,396,1,0,302,ÇATALCA,GÜMÜÞPINAR,191793,0,1,8,31,0,0,0,0,0,0,0,3,397,1,40,0.0025188916876574307
303,ÇATALCA,HALLAÇLI,191795,0,434,392,826,0,0,303,ÇATALCA,HALLAÇLI,191795,3,8,37,98,0,0,0,1,0,0,1,48,826,11,146,0.013317191283292978
304,ÇATALCA,HÝSARBEYLÝ,191827,0,6,169,175,0,0,304,ÇATALCA,HÝSARBEYLÝ,191827,0,0,3,13,0,0,0,0,0,0,0,50,175,0,16,0.0
305,ÇATALCA,ÝHSANÝYE,191797,226,354,172,742,10,0,305,ÇATALCA,ÝHSANÝYE,191797,2,8,37,102,0,0,0,1,0,0,0,59,752,10,149,0.013297872340425532
306,ÇATALCA,ÝNCEÐÝZ,191799,0,416,245,661,0,0,306,ÇATALCA,ÝNCEÐÝZ,191799,1,7,42,108,0,0,0,0,0,1,0,72,661,8,158,0.012102874432677761
307,ÇATALCA,ÝZZETTÝN,40900,0,243,703,944,2,0,307,ÇATALCA,ÝZZETTÝN,40900,1,7,56,150,0,0,0,0,0,1,1,88,946,8,214,0.008456659619450317
308,ÇATALCA,KABAKÇA,191801,153,677,461,1291,0,0,308,ÇATALCA,KABAKÇA,191801,5,17,76,193,0,0,0,1,0,0,1,16,1291,22,291,0.017041053446940357
309,ÇATALCA,KALEÝÇÝ,40898,71,880,1051,1920,82,0,309,ÇATALCA,KALEÝÇÝ,40898,9,42,213,436,1,1,6,15,1,1,2,232,2002,51,700,0.025474525474525476
310,ÇATALCA,KALFA,191803,87,142,173,402,0,0,310,ÇATALCA,KALFA,191803,0,1,11,39,0,0,0,0,0,0,0,16,402,1,51,0.0024875621890547263
311,ÇATALCA,KARACAKÖY MERKEZ,40916,0,25,1009,1032,2,0,311,ÇATALCA,KARACAKÖY MERKEZ,40916,0,2,27,98,0,0,0,0,0,0,1,13,1034,2,127,0.0019342359767891683
312,ÇATALCA,KARAMANDERE,191829,12,11,326,348,1,0,312,ÇATALCA,KARAMANDERE,191829,0,1,7,27,0,0,0,0,0,0,0,18,349,1,35,0.0028653295128939827
313,ÇATALCA,KESTANELÝK,191805,57,412,402,861,10,0,313,ÇATALCA,KESTANELÝK,191805,1,6,41,118,0,0,1,1,0,0,0,12,871,7,166,0.008036739380022962
314,ÇATALCA,KIZILCAALÝ,191807,0,0,204,198,6,0,314,ÇATALCA,KIZILCAALÝ,191807,0,1,8,26,0,0,0,0,0,0,0,33,204,1,35,0.004901960784313725
315,ÇATALCA,MURATBEY MERKEZ,40905,0,19,678,689,8,0,315,ÇATALCA,MURATBEY MERKEZ,40905,1,13,80,157,0,0,0,1,0,1,1,6,697,14,251,0.020086083213773313
316,ÇATALCA,NAKKAÞ,40909,0,338,311,648,1,0,316,ÇATALCA,NAKKAÞ,40909,2,8,39,100,0,0,0,0,0,0,0,50,649,10,149,0.015408320493066256
317,ÇATALCA,OKLALI,191809,0,304,157,461,0,0,317,ÇATALCA,OKLALI,191809,1,3,22,63,0,0,0,0,0,0,0,16,461,4,89,0.008676789587852495
318,ÇATALCA,ORMANLI,191831,0,8,485,492,1,0,318,ÇATALCA,ORMANLI,191831,0,1,13,48,0,0,0,0,0,0,0,69,493,1,62,0.002028397565922921
319,ÇATALCA,OVAYENÝCE,40901,103,289,691,1083,0,0,319,ÇATALCA,OVAYENÝCE,40901,11,39,159,261,0,0,1,2,1,1,1,1,1083,50,470,0.046168051708217916
320,ÇATALCA,ÖRCÜNLÜ,191811,0,0,421,421,0,0,320,ÇATALCA,ÖRCÜNLÜ,191811,0,2,18,56,0,0,0,0,0,0,0,4,421,2,76,0.004750593824228029
321,ÇATALCA,ÖRENCÝK,191813,62,62,409,532,1,0,321,ÇATALCA,ÖRENCÝK,191813,0,1,11,43,0,0,0,0,0,0,0,7,533,1,55,0.001876172607879925
322,ÇATALCA,SUBAÞI,191815,67,468,395,928,2,0,322,ÇATALCA,SUBAÞI,191815,2,8,47,130,0,0,0,0,0,0,0,88,930,10,187,0.010752688172043012
323,ÇATALCA,YALIKÖY,191833,0,29,855,872,12,0,323,ÇATALCA,YALIKÖY,191833,0,1,12,54,0,0,0,0,0,0,0,40,884,1,67,0.0011312217194570137
324,ÇATALCA,YAYLACIK,191817,15,11,4,30,0,0,324,ÇATALCA,YAYLACIK,191817,0,0,0,2,0,0,0,0,0,0,0,6,30,0,2,0.0
325,ÇATALCA,YAZLIK,191819,0,0,216,216,0,0,325,ÇATALCA,YAZLIK,191819,0,0,6,22,0,0,0,0,0,0,0,25,216,0,28,0.0
326,ÇEKMEKÖY,ALEMDAÐ,40749,64,388,557,889,117,3,326,ÇEKMEKÖY,ALEMDAÐ,40749,1,7,56,160,0,0,1,2,0,0,0,140,1009,8,224,0.007928642220019821
327,ÇEKMEKÖY,AYDINLAR,40766,9,527,545,650,403,28,327,ÇEKMEKÖY,AYDINLAR,40766,1,5,53,191,0,0,1,10,0,0,1,296,1081,6,250,0.005550416281221091
328,ÇEKMEKÖY,CUMHURÝYET,40769,6,400,354,456,242,62,328,ÇEKMEKÖY,CUMHURÝYET,40769,1,4,39,139,0,0,2,7,0,0,0,296,760,5,183,0.006578947368421052
329,ÇEKMEKÖY,ÇAMLIK,40753,5,370,563,298,634,6,329,ÇEKMEKÖY,ÇAMLIK,40753,0,2,25,145,0,0,1,7,0,0,0,233,938,2,172,0.0021321961620469083
330,ÇEKMEKÖY,ÇATALMEÞE,40750,39,470,682,1010,180,1,330,ÇEKMEKÖY,ÇATALMEÞE,40750,1,8,63,193,0,0,1,4,0,0,0,184,1191,9,265,0.007556675062972292
331,ÇEKMEKÖY,EKÞÝOÐLU,40751,14,732,325,987,82,2,331,ÇEKMEKÖY,EKÞÝOÐLU,40751,1,7,59,171,0,0,1,4,0,0,0,180,1071,8,238,0.007469654528478058
332,ÇEKMEKÖY,GÜNGÖREN,40768,18,285,245,342,178,28,332,ÇEKMEKÖY,GÜNGÖREN,40768,0,3,22,82,0,0,1,4,0,0,0,146,548,3,107,0.005474452554744526
333,ÇEKMEKÖY,HAMÝDÝYE,40754,0,361,927,506,763,19,333,ÇEKMEKÖY,HAMÝDÝYE,40754,1,4,46,224,0,0,2,12,1,2,2,118,1288,5,275,0.0038819875776397515
334,ÇEKMEKÖY,HÜSEYÝNLÝ,191993,38,3,482,517,3,3,334,ÇEKMEKÖY,HÜSEYÝNLÝ,191993,1,3,22,67,0,0,0,0,0,0,0,355,523,4,93,0.0076481835564053535
335,ÇEKMEKÖY,KÝRAZLIDERE,40770,5,252,241,266,212,20,335,ÇEKMEKÖY,KÝRAZLIDERE,40770,0,2,21,87,0,0,1,4,0,0,0,22,498,2,110,0.004016064257028112
336,ÇEKMEKÖY,KOÇULLU,191995,53,0,347,397,3,0,336,ÇEKMEKÖY,KOÇULLU,191995,1,5,27,67,0,0,0,1,0,0,0,119,400,6,100,0.015
337,ÇEKMEKÖY,MEHMET AKÝF,40755,9,623,967,630,949,20,337,ÇEKMEKÖY,MEHMET AKÝF,40755,1,7,66,310,0,0,3,19,0,0,1,42,1599,8,384,0.0050031269543464665
338,ÇEKMEKÖY,MERKEZ,40756,58,482,1683,1662,560,1,338,ÇEKMEKÖY,MERKEZ,40756,1,13,113,364,0,0,0,8,0,0,1,455,2223,14,491,0.006297795771479982
339,ÇEKMEKÖY,MÝMAR SÝNAN,40757,4,720,742,930,485,51,339,ÇEKMEKÖY,MÝMAR SÝNAN,40757,1,7,70,251,0,0,2,12,0,0,0,459,1466,8,329,0.005457025920873124
340,ÇEKMEKÖY,NÝÞANTEPE,40752,0,0,1023,962,38,23,340,ÇEKMEKÖY,NÝÞANTEPE,40752,0,4,48,143,0,0,0,0,0,0,0,399,1023,4,195,0.0039100684261974585
341,ÇEKMEKÖY,ÖMERLÝ,40758,108,0,1602,1693,17,0,341,ÇEKMEKÖY,ÖMERLÝ,40758,3,14,107,281,1,0,0,2,2,2,2,142,1710,17,405,0.009941520467836258
342,ÇEKMEKÖY,REÞADÝYE,191997,1,107,1105,1210,3,0,342,ÇEKMEKÖY,REÞADÝYE,191997,0,6,58,169,0,0,0,0,0,0,0,0,1213,6,233,0.00494641384995878
343,ÇEKMEKÖY,SIRAPINAR,191999,23,0,454,475,2,0,343,ÇEKMEKÖY,SIRAPINAR,191999,1,3,25,70,0,0,0,0,0,0,0,121,477,4,99,0.008385744234800839
344,ÇEKMEKÖY,SOÐUKPINAR,40767,15,433,194,472,153,17,344,ÇEKMEKÖY,SOÐUKPINAR,40767,0,3,28,95,0,0,0,3,0,0,0,60,642,3,126,0.004672897196261682
345,ÇEKMEKÖY,SULTANÇÝFTLÝÐÝ,40764,24,324,379,452,183,92,345,ÇEKMEKÖY,SULTANÇÝFTLÝÐÝ,40764,1,4,32,115,0,0,1,6,0,0,0,28,727,5,152,0.0068775790921595595
346,ÇEKMEKÖY,TAÞDELEN,40765,17,126,257,202,143,55,346,ÇEKMEKÖY,TAÞDELEN,40765,0,2,18,68,0,0,1,4,0,0,0,127,400,2,88,0.005
347,ESENLER,BÝRLÝK,40348,520,839,388,703,1039,5,347,ESENLER,BÝRLÝK,40348,17,41,228,567,23,13,63,124,0,0,1,233,1747,58,853,0.03319977103606182
348,ESENLER,ÇÝFTE HAVUZLAR,40340,111,61,99,213,58,0,348,ESENLER,ÇÝFTE HAVUZLAR,40340,12,23,68,88,11,8,29,51,0,0,1,119,271,35,191,0.12915129151291513
349,ESENLER,DAVUTPAÞA,40342,384,357,260,411,590,0,349,ESENLER,DAVUTPAÞA,40342,28,57,226,387,37,20,96,174,1,1,2,1713,1001,85,698,0.08491508491508491
350,ESENLER,FATÝH,40350,525,1035,526,496,1588,2,350,ESENLER,FATÝH,40350,41,84,394,837,72,39,190,353,1,1,2,3725,2086,125,1356,0.05992329817833174
351,ESENLER,FEVZÝ ÇAKMAK,40345,366,601,358,221,1100,4,351,ESENLER,FEVZÝ ÇAKMAK,40345,32,62,263,544,62,34,162,295,0,1,1,2788,1325,94,901,0.0709433962264151
352,ESENLER,HAVAALANI,40354,367,1128,372,751,1056,60,352,ESENLER,HAVAALANI,40354,15,40,224,588,20,11,55,111,0,0,1,1579,1867,55,867,0.02945902517407606
353,ESENLER,KAZIM KARABEKÝR,40346,405,652,442,277,1216,6,353,ESENLER,KAZIM KARABEKÝR,40346,26,52,250,604,51,28,135,252,0,1,1,2463,1499,78,932,0.05203468979319546
354,ESENLER,KEMER,40352,501,541,327,590,763,16,354,ESENLER,KEMER,40352,31,64,270,519,42,23,111,205,1,1,2,1938,1369,95,884,0.06939371804236669
355,ESENLER,MENDERES,40347,497,516,349,260,1101,1,355,ESENLER,MENDERES,40347,35,64,266,576,70,39,184,334,0,0,1,2828,1362,99,941,0.07268722466960352
356,ESENLER,MÝMAR SÝNAN,40341,334,205,188,163,562,2,356,ESENLER,MÝMAR SÝNAN,40341,23,43,162,293,36,20,94,168,0,0,1,1342,727,66,521,0.0907840440165062
357,ESENLER,NAMIK KEMAL,40344,357,248,279,418,466,0,357,ESENLER,NAMIK KEMAL,40344,27,54,199,328,33,19,87,157,1,1,2,1680,884,81,608,0.0916289592760181
358,ESENLER,NÝNE HATUN,40343,596,752,413,284,1472,5,358,ESENLER,NÝNE HATUN,40343,49,90,367,735,102,55,267,480,1,0,1,4062,1761,139,1241,0.07893242475865986
359,ESENLER,ORUÇREÝS,40355,369,2013,453,1313,1507,15,359,ESENLER,ORUÇREÝS,40355,8,28,220,721,11,6,32,74,1,1,2,1249,2835,36,977,0.012698412698412698
360,ESENLER,TUNA,40351,539,1122,453,924,1186,4,360,ESENLER,TUNA,40351,32,74,365,775,47,26,125,238,0,0,1,2474,2114,106,1246,0.050141911069063384
361,ESENLER,TURGUT REÝS,40353,591,1537,412,914,1617,9,361,ESENLER,TURGUT REÝS,40353,7,22,178,633,11,6,31,70,0,0,1,1206,2540,29,840,0.01141732283464567
362,ESENLER,YAVUZ SELÝM,40349,92,87,94,103,170,0,362,ESENLER,YAVUZ SELÝM,40349,8,15,59,107,10,5,26,47,0,0,0,348,273,23,189,0.08424908424908426
363,ESENYURT,AKÇABURGAZ,40880,0,657,846,1083,409,11,363,ESENYURT,AKÇABURGAZ,40880,9,44,232,457,8,4,27,62,1,2,4,1166,1503,53,742,0.03526280771789754
364,ESENYURT,AKEVLER,181498,0,30,92,31,72,19,364,ESENYURT,AKEVLER,181498,2,6,27,62,6,3,16,33,0,0,1,383,122,8,97,0.06557377049180328
365,ESENYURT,AKÞEMSEDDÝN,181504,2,396,114,358,138,16,365,ESENYURT,AKÞEMSEDDÝN,181504,11,34,131,194,12,7,33,63,0,0,1,644,512,45,370,0.087890625
366,ESENYURT,ARDIÇLI,40861,2,480,244,586,140,0,366,ESENYURT,ARDIÇLI,40861,9,34,149,226,9,4,27,54,1,0,1,566,726,43,418,0.05922865013774105
367,ESENYURT,AÞIK VEYSEL,181518,1,353,70,36,199,189,367,ESENYURT,AÞIK VEYSEL,181518,5,10,47,174,13,7,36,67,0,0,1,629,424,15,236,0.03537735849056604
368,ESENYURT,ATATÜRK,40881,0,559,387,637,303,6,368,ESENYURT,ATATÜRK,40881,12,45,192,306,12,6,34,70,1,1,2,1078,946,57,555,0.06025369978858351
369,ESENYURT,BAÐLARÇEÞME,40855,13,949,442,583,802,19,369,ESENYURT,BAÐLARÇEÞME,40855,20,62,291,550,38,21,103,201,1,1,2,2579,1404,82,923,0.0584045584045584
370,ESENYURT,BALIKYOLU,181510,4,736,636,754,620,2,370,ESENYURT,BALIKYOLU,181510,19,70,306,509,29,16,81,162,1,1,1,2456,1376,89,904,0.06468023255813954
371,ESENYURT,BARBAROS HAYRETTÝN PAÞA,181488,0,134,217,101,74,176,371,ESENYURT,BARBAROS HAYRETTÝN PAÞA,181488,5,14,47,141,26,13,69,126,1,1,1,1126,351,19,207,0.05413105413105413
372,ESENYURT,BATTALGAZÝ,181526,0,477,347,406,418,0,372,ESENYURT,BATTALGAZÝ,181526,10,35,168,322,15,8,44,90,0,0,1,1295,824,45,535,0.05461165048543689
373,ESENYURT,CUMHURÝYET,40865,0,60,49,8,9,92,373,ESENYURT,CUMHURÝYET,40865,2,4,12,49,14,7,36,64,0,0,1,524,109,6,67,0.05504587155963303
374,ESENYURT,ÇINAR,181514,0,751,393,476,649,19,374,ESENYURT,ÇINAR,181514,14,45,224,448,26,14,72,145,0,0,1,2209,1144,59,731,0.051573426573426576
375,ESENYURT,ESENKENT,40862,0,551,41,329,221,42,375,ESENYURT,ESENKENT,40862,5,18,96,197,8,3,21,42,0,0,1,637,592,23,316,0.03885135135135135
376,ESENYURT,FATÝH,40851,25,664,400,403,666,20,376,ESENYURT,FATÝH,40851,20,52,226,428,37,22,102,196,1,1,1,2269,1089,72,726,0.06611570247933884
377,ESENYURT,GÖKEVLER,181490,0,60,59,55,10,54,377,ESENYURT,GÖKEVLER,181490,2,6,22,55,12,5,33,60,0,0,1,325,119,8,85,0.06722689075630252
378,ESENYURT,GÜZELYURT,40895,12,281,284,130,414,33,378,ESENYURT,GÜZELYURT,40895,9,24,114,241,19,9,53,102,1,1,2,1172,577,33,388,0.05719237435008666
379,ESENYURT,HÜRRÝYET,181482,0,403,711,533,581,0,379,ESENYURT,HÜRRÝYET,181482,17,59,248,424,28,16,82,163,1,1,2,2240,1114,76,748,0.06822262118491922
380,ESENYURT,ÝNCÝRTEPE,40852,11,841,384,521,704,11,380,ESENYURT,ÝNCÝRTEPE,40852,23,67,279,471,38,21,105,200,1,1,1,2478,1236,90,840,0.07281553398058252
381,ESENYURT,ÝNÖNÜ,40853,8,799,262,455,613,1,381,ESENYURT,ÝNÖNÜ,40853,16,50,227,404,31,16,84,162,1,1,1,2201,1069,66,697,0.0617399438727783
382,ESENYURT,ÝSTÝKLAL,40879,26,553,626,649,555,1,382,ESENYURT,ÝSTÝKLAL,40879,12,44,207,403,17,10,49,101,0,1,1,1349,1205,56,666,0.046473029045643155
383,ESENYURT,KOZA,181522,4,238,99,254,13,74,383,ESENYURT,KOZA,181522,4,13,57,118,4,2,14,26,0,0,1,199,341,17,192,0.04985337243401759
384,ESENYURT,MEHMET AKÝF ERSOY,181494,2,150,434,115,462,9,384,ESENYURT,MEHMET AKÝF ERSOY,181494,7,23,114,251,23,12,65,129,0,1,1,1670,586,30,395,0.051194539249146756
385,ESENYURT,MEHTERÇEÞME,40854,6,616,567,378,791,20,385,ESENYURT,MEHTERÇEÞME,40854,16,49,237,491,42,23,120,240,1,1,2,2813,1189,65,793,0.054667788057190914
386,ESENYURT,MEVLANA,181492,2,161,39,26,63,113,386,ESENYURT,MEVLANA,181492,4,9,29,93,22,12,60,107,0,1,1,723,202,13,135,0.06435643564356436
387,ESENYURT,NAMIK KEMAL,40856,112,811,272,460,725,10,387,ESENYURT,NAMIK KEMAL,40856,33,77,289,452,40,22,109,201,1,1,2,2307,1195,110,851,0.09205020920502092
388,ESENYURT,NECÝP FAZIL KISAKÜREK,181484,1,441,464,473,426,7,388,ESENYURT,NECÝP FAZIL KISAKÜREK,181484,14,49,208,344,22,12,62,123,0,1,1,1687,906,63,615,0.0695364238410596
389,ESENYURT,ORHAN GAZÝ,40863,0,416,187,394,177,32,389,ESENYURT,ORHAN GAZÝ,40863,6,22,103,193,6,3,18,36,1,1,1,698,603,28,324,0.04643449419568822
390,ESENYURT,OSMANGAZÝ,181480,0,1604,950,1673,880,1,390,ESENYURT,OSMANGAZÝ,181480,29,117,542,926,25,14,73,153,2,2,4,2628,2554,146,1614,0.05716523101018011
391,ESENYURT,ÖRNEK,40857,49,862,352,736,513,14,391,ESENYURT,ÖRNEK,40857,16,53,246,429,22,12,61,122,0,0,1,1580,1263,69,744,0.05463182897862233
392,ESENYURT,PINAR,40864,5,1256,405,768,890,8,392,ESENYURT,PINAR,40864,24,73,341,649,47,27,130,255,1,1,2,3114,1666,97,1087,0.05822328931572629
393,ESENYURT,PÝRÝ REÝS,181486,0,42,144,18,63,105,393,ESENYURT,PÝRÝ REÝS,181486,2,6,24,78,13,7,35,65,0,0,1,542,186,8,110,0.043010752688172046
394,ESENYURT,SAADETDERE,40858,135,641,500,471,795,10,394,ESENYURT,SAADETDERE,40858,33,78,297,476,45,25,120,223,1,1,2,2280,1276,111,884,0.08699059561128526
395,ESENYURT,SELAHADDÝN EYYUBÝ,181516,2,536,616,610,543,1,395,ESENYURT,SELAHADDÝN EYYUBÝ,181516,12,46,223,439,17,9,51,109,1,1,2,1765,1154,58,720,0.05025996533795494
396,ESENYURT,SULTANÝYE,181508,6,418,251,252,407,16,396,ESENYURT,SULTANÝYE,181508,11,31,145,285,22,12,61,118,0,0,1,1433,675,42,472,0.06222222222222222
397,ESENYURT,SÜLEYMANÝYE,181512,3,868,414,492,791,2,397,ESENYURT,SÜLEYMANÝYE,181512,17,53,261,514,32,18,88,174,1,1,1,2401,1285,70,845,0.054474708171206226
398,ESENYURT,ÞEHÝTLER,181524,0,548,371,478,441,0,398,ESENYURT,ÞEHÝTLER,181524,11,42,196,350,17,9,48,97,0,0,1,1443,919,53,599,0.05767138193688792
399,ESENYURT,TALATPAÞA,40859,1,711,467,493,675,11,399,ESENYURT,TALATPAÞA,40859,16,51,238,460,34,18,93,184,1,1,2,2156,1179,67,765,0.056827820186598814
400,ESENYURT,TURGUT ÖZAL,181502,28,462,266,228,474,54,400,ESENYURT,TURGUT ÖZAL,181502,19,48,190,329,34,19,93,174,1,1,2,2275,756,67,586,0.08862433862433862
401,ESENYURT,ÜÇEVLER,181496,7,512,448,294,662,11,401,ESENYURT,ÜÇEVLER,181496,13,40,196,413,30,16,82,163,0,0,1,2031,967,53,662,0.05480868665977249
402,ESENYURT,YENÝKENT,40860,27,881,210,480,616,22,402,ESENYURT,YENÝKENT,40860,16,46,217,411,27,15,73,142,0,0,1,1788,1118,62,690,0.055456171735241505
403,ESENYURT,YEÞÝLKENT,40866,0,386,428,349,457,8,403,ESENYURT,YEÞÝLKENT,40866,13,41,185,354,36,20,101,199,1,1,3,1799,814,54,593,0.06633906633906633
404,ESENYURT,YUNUS EMRE,181506,4,802,217,580,417,26,404,ESENYURT,YUNUS EMRE,181506,18,58,243,384,28,15,78,149,0,0,1,1948,1023,76,703,0.07429130009775171
405,ESENYURT,ZAFER,181500,1,206,179,149,185,52,405,ESENYURT,ZAFER,181500,7,20,85,172,17,9,47,89,1,1,2,804,386,27,284,0.06994818652849741
406,EYÜP,AÐAÇLI,191741,0,210,139,348,1,0,406,EYÜP,AÐAÇLI,191741,1,4,20,52,0,0,0,0,0,0,0,23,349,5,77,0.014326647564469915
407,EYÜP,AKPINAR,191743,1,269,156,425,1,0,407,EYÜP,AKPINAR,191743,4,10,30,65,0,0,2,3,0,0,0,48,426,14,109,0.03286384976525822
408,EYÜP,AKÞEMSETTÝN,40358,64,1501,525,1131,944,15,408,EYÜP,AKÞEMSETTÝN,40358,4,18,107,402,3,2,14,38,0,1,1,768,2090,22,531,0.010526315789473684
409,EYÜP,ALÝBEYKÖY,40359,874,287,384,1233,232,80,409,EYÜP,ALÝBEYKÖY,40359,19,49,203,397,9,6,26,52,0,1,1,620,1545,68,668,0.04401294498381877
410,EYÜP,ÇIRÇIR,40360,717,742,904,1436,733,194,410,EYÜP,ÇIRÇIR,40360,7,26,148,452,2,1,13,30,0,0,1,701,2363,33,633,0.01396529834955565
411,EYÜP,ÇÝFTALAN,191745,0,65,32,97,0,0,411,EYÜP,ÇÝFTALAN,191745,1,3,7,16,0,0,0,0,0,0,0,11,97,4,27,0.041237113402061855
412,EYÜP,DEFTERDAR,40361,595,164,148,679,226,2,412,EYÜP,DEFTERDAR,40361,29,59,207,289,15,10,37,70,0,1,1,515,907,88,584,0.0970231532524807
413,EYÜP,DÜÐMECÝLER,40362,540,322,248,767,341,2,413,EYÜP,DÜÐMECÝLER,40362,14,37,183,340,14,9,39,77,0,0,1,1229,1110,51,574,0.04594594594594595
414,EYÜP,EMNÝYETTEPE,40363,441,104,427,614,349,9,414,EYÜP,EMNÝYETTEPE,40363,10,25,108,240,5,3,15,30,0,0,1,436,972,35,383,0.0360082304526749
415,EYÜP,ESENTEPE,40364,668,81,674,758,633,32,415,EYÜP,ESENTEPE,40364,10,30,137,341,5,4,17,37,0,0,1,822,1423,40,518,0.028109627547434995
416,EYÜP,GÖKTÜRK MERKEZ,40379,59,1441,1537,2343,692,2,416,EYÜP,GÖKTÜRK MERKEZ,40379,15,64,321,745,6,1,31,76,1,1,2,1564,3037,79,1145,0.02601251234771156
417,EYÜP,GÜZELTEPE,40366,972,374,1047,1475,849,69,417,EYÜP,GÜZELTEPE,40366,16,43,211,532,9,6,29,62,1,1,1,1175,2393,59,802,0.024655244463017135
418,EYÜP,IÞIKLAR,191747,2,188,123,295,18,0,418,EYÜP,IÞIKLAR,191747,1,5,22,57,0,0,0,0,0,0,0,24,313,6,85,0.019169329073482427
419,EYÜP,ÝHSANÝYE,191749,0,60,22,82,0,0,419,EYÜP,ÝHSANÝYE,191749,0,2,6,14,0,0,0,0,0,0,0,9,82,2,22,0.024390243902439025
420,EYÜP,ÝSLAMBEY,40367,957,287,576,1475,345,0,420,EYÜP,ÝSLAMBEY,40367,22,54,236,482,16,11,44,87,0,0,1,844,1820,76,794,0.041758241758241756
421,EYÜP,KARADOLAP,40368,986,654,764,1676,573,155,421,EYÜP,KARADOLAP,40368,12,41,197,524,5,4,21,47,0,0,1,832,2404,53,774,0.02204658901830283
422,EYÜP,MERKEZ,40365,512,176,406,787,306,1,422,EYÜP,MERKEZ,40365,26,53,187,322,15,11,43,79,1,1,1,891,1094,79,588,0.07221206581352833
423,EYÜP,MÝMAR SÝNAN,40369,138,345,410,830,48,15,423,EYÜP,MÝMAR SÝNAN,40369,5,21,101,197,1,1,5,10,0,0,1,209,893,26,324,0.029115341545352745
424,EYÜP,MÝTHATPAÞA,40370,206,473,847,1464,62,0,424,EYÜP,MÝTHATPAÞA,40370,11,40,180,338,2,2,8,18,1,1,1,324,1526,51,569,0.033420707732634336
425,EYÜP,NÝÞANCI,40371,903,448,307,1436,222,0,425,EYÜP,NÝÞANCI,40371,24,66,297,492,18,13,50,98,1,1,1,1144,1658,90,879,0.054282267792521106
426,EYÜP,ODAYERÝ,191751,1,101,68,170,0,0,426,EYÜP,ODAYERÝ,191751,0,2,11,27,0,0,0,0,0,0,0,10,170,2,40,0.011764705882352941
427,EYÜP,PÝRÝNÇÇÝ,191753,195,477,248,911,9,0,427,EYÜP,PÝRÝNÇÇÝ,191753,3,13,65,165,0,0,1,6,0,0,0,112,920,16,246,0.017391304347826087
428,EYÜP,RAMÝ CUMA,40372,345,158,260,347,416,0,428,EYÜP,RAMÝ CUMA,40372,10,26,119,244,11,7,32,61,0,0,0,911,763,36,399,0.047182175622542594
429,EYÜP,RAMÝ YENÝ,40373,438,217,324,682,294,3,429,EYÜP,RAMÝ YENÝ,40373,15,36,157,288,11,7,31,60,0,0,1,972,979,51,496,0.05209397344228805
430,EYÜP,SAKARYA,40374,774,94,288,909,227,20,430,EYÜP,SAKARYA,40374,6,22,101,265,3,2,11,23,0,0,0,349,1156,28,394,0.02422145328719723
431,EYÜP,SÝLAHTARAÐA,40375,652,53,336,767,267,7,431,EYÜP,SÝLAHTARAÐA,40375,5,17,90,240,3,2,9,20,0,0,0,342,1041,22,352,0.021133525456292025
432,EYÜP,TOPÇULAR,40376,483,305,414,1016,176,10,432,EYÜP,TOPÇULAR,40376,26,62,260,366,9,5,26,50,1,1,2,455,1202,88,714,0.07321131447587355
433,EYÜP,YEÞÝLPINAR,40378,443,575,612,549,1063,18,433,EYÜP,YEÞÝLPINAR,40378,4,13,83,345,6,3,21,46,0,0,1,727,1630,17,445,0.010429447852760737
434,FATÝH,AKSARAY,99127,1095,259,121,850,586,39,434,FATÝH,AKSARAY,99127,81,130,350,510,40,27,103,178,1,1,2,1136,1475,211,1071,0.1430508474576271
435,FATÝH,AKÞEMSETTÝN,99137,1047,436,103,149,1435,2,435,FATÝH,AKÞEMSETTÝN,99137,64,100,320,654,67,41,174,303,1,1,1,2010,1586,164,1138,0.1034047919293821
436,FATÝH,ALEMDAR,40307,294,114,17,203,221,1,436,FATÝH,ALEMDAR,40307,10,21,78,161,0,0,2,3,0,1,0,33,425,31,270,0.07294117647058823
437,FATÝH,ALÝ KUÞÇU,99141,721,186,74,376,604,1,437,FATÝH,ALÝ KUÞÇU,99141,49,77,222,389,42,28,111,193,0,0,1,1255,981,126,737,0.12844036697247707
438,FATÝH,ATÝKALÝ,99140,679,167,123,371,598,0,438,FATÝH,ATÝKALÝ,99140,45,73,218,375,52,32,134,234,0,0,1,1747,969,118,711,0.1217750257997936
439,FATÝH,AYVANSARAY,99146,2004,259,378,2231,410,0,439,FATÝH,AYVANSARAY,99146,111,214,568,848,56,47,154,275,1,1,2,2164,2641,325,1741,0.12305944717909882
440,FATÝH,BALABANAÐA,40308,118,51,1,39,130,1,440,FATÝH,BALABANAÐA,40308,7,12,37,68,0,0,1,2,0,0,0,10,170,19,124,0.11176470588235295
441,FATÝH,BALAT,99145,1352,231,229,1153,659,0,441,FATÝH,BALAT,99145,78,144,392,645,51,41,137,246,0,0,1,1618,1812,222,1259,0.12251655629139073
442,FATÝH,BEYAZIT,40309,297,17,64,357,21,0,442,FATÝH,BEYAZIT,40309,19,32,94,135,0,0,1,2,1,0,1,8,378,51,280,0.1349206349206349
443,FATÝH,BÝNBÝRDÝREK,40310,173,72,40,129,154,2,443,FATÝH,BÝNBÝRDÝREK,40310,12,22,69,100,3,2,7,13,0,0,1,110,285,34,203,0.11929824561403508
444,FATÝH,CANKURTARAN,40311,485,83,26,542,52,0,444,FATÝH,CANKURTARAN,40311,25,53,157,211,4,4,11,20,0,0,1,174,594,78,446,0.13131313131313133
445,FATÝH,CERRAHPAÞA,99128,606,125,75,412,385,9,445,FATÝH,CERRAHPAÞA,99128,50,76,209,293,41,25,106,182,0,1,1,1086,806,126,628,0.15632754342431762
446,FATÝH,CÝBALÝ,99143,908,136,44,905,183,0,446,FATÝH,CÝBALÝ,99143,42,82,245,365,23,18,63,112,0,0,1,964,1088,124,734,0.11397058823529412
447,FATÝH,DEMÝRTAÞ,40312,248,69,6,248,73,2,447,FATÝH,DEMÝRTAÞ,40312,18,30,79,105,1,1,3,6,0,0,1,35,323,48,232,0.14860681114551083
448,FATÝH,DERVÝÞ ALÝ,40422,1231,242,151,987,637,0,448,FATÝH,DERVÝÞ ALÝ,40422,60,114,333,560,49,35,131,233,0,0,1,1856,1624,174,1067,0.10714285714285714
449,FATÝH,EMÝN SÝNAN,40313,179,132,22,120,212,1,449,FATÝH,EMÝN SÝNAN,40313,13,25,77,115,3,3,9,16,0,0,0,142,333,38,230,0.11411411411411411
450,FATÝH,HACI KADIN,40314,159,50,17,202,24,0,450,FATÝH,HACI KADIN,40314,9,19,57,74,2,2,7,12,0,0,0,58,226,28,159,0.12389380530973451
451,FATÝH,HASEKÝ SULTAN,99129,741,128,15,285,595,4,451,FATÝH,HASEKÝ SULTAN,99129,47,72,208,350,45,27,117,201,0,0,1,1150,884,119,677,0.1346153846153846
452,FATÝH,HIRKA-Ý ÞERÝF,99138,1224,309,52,624,960,1,452,FATÝH,HIRKA-Ý ÞERÝF,99138,78,125,362,596,83,52,217,376,1,1,2,2714,1585,203,1161,0.1280757097791798
453,FATÝH,HOBYAR,40315,162,112,74,114,221,13,453,FATÝH,HOBYAR,40315,11,20,67,137,0,0,0,1,0,0,1,9,348,31,235,0.08908045977011494
454,FATÝH,HOCA GIYASETTÝN,40316,235,43,6,272,12,0,454,FATÝH,HOCA GIYASETTÝN,40316,12,25,72,91,3,2,8,14,0,0,0,106,284,37,200,0.13028169014084506
455,FATÝH,HOCAPAÞA,40317,246,93,48,169,212,6,455,FATÝH,HOCAPAÞA,40317,13,24,75,146,0,0,0,1,0,0,1,18,387,37,258,0.09560723514211886
456,FATÝH,ÝSKENDERPAÞA,40397,840,236,128,243,959,2,456,FATÝH,ÝSKENDERPAÞA,40397,41,70,226,487,33,21,88,154,0,1,1,1152,1204,111,824,0.09219269102990033
457,FATÝH,KALENDERHANE,40319,84,22,4,102,8,0,457,FATÝH,KALENDERHANE,40319,4,9,28,43,1,1,4,7,0,0,0,50,110,13,84,0.11818181818181818
458,FATÝH,KARAGÜMRÜK,99139,497,144,247,516,360,12,458,FATÝH,KARAGÜMRÜK,99139,42,70,204,310,41,27,108,187,0,1,1,1194,888,112,626,0.12612612612612611
459,FATÝH,KATÝP KASIM,40320,394,114,21,328,200,1,459,FATÝH,KATÝP KASIM,40320,29,48,128,181,7,5,18,31,0,0,1,249,529,77,386,0.14555765595463138
460,FATÝH,KEMALPAÞA,40318,264,94,13,78,287,6,460,FATÝH,KEMALPAÞA,40318,9,17,60,149,1,1,4,7,0,0,0,36,371,26,235,0.07008086253369272
461,FATÝH,KOCA MUSTAFAPAÞA,40390,1491,214,42,854,892,1,461,FATÝH,KOCA MUSTAFAPAÞA,40390,128,185,456,621,120,78,309,527,1,1,2,2981,1747,313,1390,0.17916428162564396
462,FATÝH,KÜÇÜK AYASOFYA,40321,560,93,31,628,56,0,462,FATÝH,KÜÇÜK AYASOFYA,40321,27,53,164,232,7,6,20,36,0,0,1,335,684,80,476,0.11695906432748537
463,FATÝH,MERCAN,40322,252,99,59,251,158,1,463,FATÝH,MERCAN,40322,12,26,85,144,0,0,1,2,0,0,0,5,410,38,267,0.09268292682926829
464,FATÝH,MESÝHPAÞA,40323,135,94,39,30,216,22,464,FATÝH,MESÝHPAÞA,40323,7,13,43,103,1,0,3,4,0,0,0,12,268,20,166,0.07462686567164178
465,FATÝH,MEVLANAKAPI,99134,1002,222,79,757,546,0,465,FATÝH,MEVLANAKAPI,99134,80,124,330,457,84,54,218,375,1,1,1,2620,1303,204,991,0.15656178050652342
466,FATÝH,MÝMAR HAYRETTÝN,40324,367,243,21,227,404,0,466,FATÝH,MÝMAR HAYRETTÝN,40324,29,51,151,226,5,4,14,24,0,0,1,91,631,80,457,0.12678288431061807
467,FATÝH,MÝMAR KEMALETTÝN,40325,270,181,31,93,370,19,467,FATÝH,MÝMAR KEMALETTÝN,40325,21,35,108,181,2,1,5,8,0,0,1,29,482,56,345,0.11618257261410789
468,FATÝH,MOLLA FENARÝ,40326,317,118,56,278,213,0,468,FATÝH,MOLLA FENARÝ,40326,20,36,112,176,0,0,2,3,0,0,0,13,491,56,344,0.11405295315682282
469,FATÝH,MOLLA GÜRANÝ,99136,863,221,76,168,978,14,469,FATÝH,MOLLA GÜRANÝ,99136,52,82,251,472,48,29,124,215,0,1,1,1405,1160,134,857,0.11551724137931034
470,FATÝH,MOLLA HÜSREV,40327,136,43,2,158,23,0,470,FATÝH,MOLLA HÜSREV,40327,6,13,43,63,2,2,6,10,0,0,0,95,181,19,125,0.10497237569060773
471,FATÝH,MUHSÝNE HATUN,40328,317,91,14,299,123,0,471,FATÝH,MUHSÝNE HATUN,40328,19,33,99,153,6,4,16,28,0,0,0,276,422,52,304,0.12322274881516587
472,FATÝH,NÝÞANCA,40329,312,252,123,345,340,2,472,FATÝH,NÝÞANCA,40329,29,51,155,250,12,8,31,55,0,0,1,539,687,80,485,0.11644832605531295
473,FATÝH,RÜSTEMPAÞA,40330,81,51,40,94,78,0,473,FATÝH,RÜSTEMPAÞA,40330,6,12,38,63,0,0,0,0,0,0,0,2,172,18,119,0.10465116279069768
474,FATÝH,SARAÇ ÝSHAK,40331,185,103,11,159,135,5,474,FATÝH,SARAÇ ÝSHAK,40331,13,23,70,107,3,2,9,15,0,0,0,126,299,36,213,0.12040133779264214
475,FATÝH,SARIDEMÝR,40332,151,12,2,154,11,0,475,FATÝH,SARIDEMÝR,40332,15,21,44,49,0,0,1,2,0,0,0,3,165,36,129,0.21818181818181817
476,FATÝH,SEYYÝD ÖMER,40387,1093,264,116,385,1088,0,476,FATÝH,SEYYÝD ÖMER,40387,77,119,341,572,91,54,236,407,1,1,2,2979,1473,196,1109,0.13306177868295996
477,FATÝH,SÝLÝVRÝKAPI,99132,752,192,43,332,649,6,477,FATÝH,SÝLÝVRÝKAPI,99132,53,83,237,371,66,39,171,294,0,1,1,2012,987,136,744,0.13779128672745694
478,FATÝH,SULTAN AHMET,40333,284,28,53,349,16,0,478,FATÝH,SULTAN AHMET,40333,17,34,98,124,4,3,10,18,0,0,0,128,365,51,273,0.13972602739726028
479,FATÝH,SURURÝ,40334,124,77,87,110,178,0,479,FATÝH,SURURÝ,40334,10,19,61,101,0,0,0,1,0,0,0,4,288,29,191,0.10069444444444445
480,FATÝH,SÜLEYMANÝYE,40335,196,74,26,217,79,0,480,FATÝH,SÜLEYMANÝYE,40335,9,20,68,112,1,1,3,6,0,0,0,76,296,29,209,0.09797297297297297
481,FATÝH,SÜMBÜL EFENDÝ,99131,693,138,27,389,469,0,481,FATÝH,SÜMBÜL EFENDÝ,99131,56,87,229,310,63,40,164,281,0,1,1,2220,858,143,682,0.16666666666666666
482,FATÝH,ÞEHREMÝNÝ,99133,1074,261,122,411,1042,4,482,FATÝH,ÞEHREMÝNÝ,99133,68,109,327,571,76,44,195,338,1,1,2,2320,1457,177,1075,0.12148249828414551
483,FATÝH,ÞEHSUVAR BEY,40336,366,130,25,373,148,0,483,FATÝH,ÞEHSUVAR BEY,40336,23,41,124,187,6,5,16,28,0,0,1,234,521,64,375,0.12284069097888675
484,FATÝH,TAHTAKALE,40337,233,74,15,207,112,3,484,FATÝH,TAHTAKALE,40337,10,20,65,111,0,0,0,0,0,0,0,4,322,30,206,0.09316770186335403
485,FATÝH,TAYA HATUN,40338,141,77,91,216,88,5,485,FATÝH,TAYA HATUN,40338,12,23,69,106,0,0,1,1,0,0,0,13,309,35,210,0.11326860841423948
486,FATÝH,TOPKAPI,99135,762,153,60,567,393,15,486,FATÝH,TOPKAPI,99135,61,94,242,338,46,31,120,206,1,1,1,1193,975,155,735,0.15897435897435896
487,FATÝH,YAVUZ SÝNAN,40339,170,19,1,186,4,0,487,FATÝH,YAVUZ SÝNAN,40339,9,17,48,59,2,1,5,8,0,0,0,46,190,26,133,0.1368421052631579
488,FATÝH,YAVUZ SULTAN SELÝM,99144,1069,216,227,828,684,0,488,FATÝH,YAVUZ SULTAN SELÝM,99144,54,104,308,531,39,30,107,191,0,0,1,1849,1512,158,997,0.10449735449735449
489,FATÝH,YEDÝKULE,99130,1379,26,33,914,524,0,489,FATÝH,YEDÝKULE,99130,137,185,410,448,118,83,301,514,1,1,2,2588,1438,322,1180,0.2239221140472879
490,FATÝH,ZEYREK,99142,841,197,123,504,657,0,490,FATÝH,ZEYREK,99142,44,79,238,422,34,24,91,161,0,1,1,1502,1161,123,783,0.10594315245478036
491,GAZÝOSMANPAÞA,BAÐLARBAÞI,40454,1048,231,448,924,799,4,491,GAZÝOSMANPAÞA,BAÐLARBAÞI,40454,8,24,142,423,10,6,29,60,0,0,1,918,1727,32,597,0.018529241459177764
492,GAZÝOSMANPAÞA,BARBAROS HAYRETTÝN PAÞA,40459,874,1343,630,1101,1744,2,492,GAZÝOSMANPAÞA,BARBAROS HAYRETTÝN PAÞA,40459,9,25,185,655,12,6,35,76,1,1,1,1180,2847,34,874,0.01194239550403934
493,GAZÝOSMANPAÞA,FEVZÝ ÇAKMAK,40457,412,313,300,449,570,6,493,GAZÝOSMANPAÞA,FEVZÝ ÇAKMAK,40457,5,13,82,256,6,3,18,39,0,0,0,664,1025,18,356,0.0175609756097561
494,GAZÝOSMANPAÞA,HÜRRÝYET,40458,629,588,341,488,1070,0,494,GAZÝOSMANPAÞA,HÜRRÝYET,40458,10,24,147,435,13,7,36,72,0,0,1,1004,1558,34,616,0.021822849807445442
495,GAZÝOSMANPAÞA,KARADENÝZ,40464,828,1434,1010,1083,2189,0,495,GAZÝOSMANPAÞA,KARADENÝZ,40464,9,25,192,759,15,7,44,99,1,1,1,1571,3272,34,985,0.01039119804400978
496,GAZÝOSMANPAÞA,KARAYOLLARI,40463,443,1203,748,1439,918,37,496,GAZÝOSMANPAÞA,KARAYOLLARI,40463,5,21,144,492,5,3,19,48,0,0,1,939,2394,26,662,0.01086048454469507
497,GAZÝOSMANPAÞA,KARLITEPE,40451,542,143,395,540,533,7,497,GAZÝOSMANPAÞA,KARLITEPE,40451,4,16,90,251,4,3,13,27,0,0,0,620,1080,20,361,0.018518518518518517
498,GAZÝOSMANPAÞA,KAZIM KARABEKÝR,40461,520,940,661,677,1436,8,498,GAZÝOSMANPAÞA,KAZIM KARABEKÝR,40461,4,13,95,438,7,3,21,49,0,0,1,791,2121,17,550,0.008015087223008015
499,GAZÝOSMANPAÞA,MERKEZ,40455,1092,543,719,1276,1071,7,499,GAZÝOSMANPAÞA,MERKEZ,40455,18,46,249,622,15,9,42,84,1,1,1,1234,2354,64,935,0.027187765505522515
500,GAZÝOSMANPAÞA,MEVLANA,40462,39,397,278,165,534,15,500,GAZÝOSMANPAÞA,MEVLANA,40462,1,2,24,135,1,0,4,13,0,0,0,268,714,3,162,0.004201680672268907
501,GAZÝOSMANPAÞA,PAZARÝÇÝ,40450,976,141,297,1146,267,1,501,GAZÝOSMANPAÞA,PAZARÝÇÝ,40450,8,26,136,333,6,4,17,36,0,0,0,466,1414,34,503,0.024045261669024046
502,GAZÝOSMANPAÞA,SARIGÖL,40453,1531,139,524,1553,626,15,502,GAZÝOSMANPAÞA,SARIGÖL,40453,15,51,219,561,12,9,38,78,0,0,1,1114,2194,66,846,0.0300820419325433
503,GAZÝOSMANPAÞA,ÞEMSÝPAÞA,40456,546,338,422,451,855,0,503,GAZÝOSMANPAÞA,ÞEMSÝPAÞA,40456,4,11,87,307,6,4,18,38,0,0,0,580,1306,15,409,0.011485451761102604
504,GAZÝOSMANPAÞA,YENÝ MAHALLE,40460,794,506,684,990,984,10,504,GAZÝOSMANPAÞA,YENÝ MAHALLE,40460,11,34,180,515,14,8,39,81,0,1,1,1304,1984,45,740,0.022681451612903226
505,GAZÝOSMANPAÞA,YENÝDOÐAN,40452,1019,45,211,1157,117,1,505,GAZÝOSMANPAÞA,YENÝDOÐAN,40452,7,29,127,308,5,4,16,35,0,0,0,348,1275,36,471,0.02823529411764706
506,GAZÝOSMANPAÞA,YILDIZTABYA,40449,1493,71,454,1479,539,0,506,GAZÝOSMANPAÞA,YILDIZTABYA,40449,11,43,177,479,9,7,29,63,0,0,1,962,2018,54,710,0.026759167492566897
507,GÜNGÖREN,ABDURRAHMAN NAFÝZ GÜRMAN,40504,247,241,37,138,314,73,507,GÜNGÖREN,ABDURRAHMAN NAFÝZ GÜRMAN,40504,22,40,122,207,67,37,174,299,0,1,2,2279,525,62,391,0.1180952380952381
508,GÜNGÖREN,AKINCILAR,40497,121,522,46,56,632,1,508,GÜNGÖREN,AKINCILAR,40497,21,35,150,307,54,29,139,248,0,0,1,1911,689,56,513,0.08127721335268505
509,GÜNGÖREN,GENÇOSMAN,40498,109,925,213,410,824,13,509,GÜNGÖREN,GENÇOSMAN,40498,27,57,260,521,66,35,175,323,1,1,3,3121,1247,84,865,0.0673616680032077
510,GÜNGÖREN,GÜNEÞTEPE,40499,265,1207,195,253,1409,5,510,GÜNGÖREN,GÜNEÞTEPE,40499,40,75,348,719,102,55,267,487,1,1,3,4645,1667,115,1182,0.06898620275944811
511,GÜNGÖREN,GÜVEN,40500,259,360,24,34,606,3,511,GÜNGÖREN,GÜVEN,40500,24,39,144,282,63,33,161,282,0,1,1,1754,643,63,489,0.09797822706065319
512,GÜNGÖREN,HAZNEDAR,40501,442,343,27,37,773,2,512,GÜNGÖREN,HAZNEDAR,40501,30,48,176,351,72,38,185,324,0,1,1,1997,812,78,605,0.0960591133004926
513,GÜNGÖREN,MAREÞAL ÇAKMAK,40502,246,784,67,74,1022,1,513,GÜNGÖREN,MAREÞAL ÇAKMAK,40502,32,54,234,487,81,43,210,376,1,1,2,2906,1097,86,807,0.07839562443026436
514,GÜNGÖREN,MEHMET NESÝH ÖZMEN,40506,90,681,117,411,474,3,514,GÜNGÖREN,MEHMET NESÝH ÖZMEN,40506,34,64,214,341,41,26,109,190,1,1,3,1050,888,98,653,0.11036036036036036
515,GÜNGÖREN,MERKEZ,40496,334,982,185,118,1372,11,515,GÜNGÖREN,MERKEZ,40496,44,75,325,661,112,61,292,521,1,1,3,4534,1501,119,1105,0.07928047968021319
516,GÜNGÖREN,SANAYÝ,40503,253,868,139,396,863,1,516,GÜNGÖREN,SANAYÝ,40503,38,75,300,509,44,24,117,209,1,1,3,1389,1260,113,922,0.08968253968253968
517,GÜNGÖREN,TOZKOPARAN,40505,147,374,64,275,288,22,517,GÜNGÖREN,TOZKOPARAN,40505,30,49,134,212,52,34,136,237,1,0,2,1892,585,79,425,0.13504273504273503
518,KADIKÖY,19.May,40528,224,401,329,240,351,363,518,KADIKÖY,19 MAYIS,40528,3,8,42,204,5,2,18,38,0,1,1,482,954,11,257,0.011530398322851153
519,KADIKÖY,ACIBADEM,40509,554,413,353,368,895,57,519,KADIKÖY,ACIBADEM,40509,9,20,113,367,12,6,38,73,1,0,1,953,1320,29,509,0.02196969696969697
520,KADIKÖY,BOSTANCI,40523,619,264,482,397,522,446,520,KADIKÖY,BOSTANCI,40523,8,20,96,345,11,4,35,67,1,1,1,814,1365,28,469,0.020512820512820513
521,KADIKÖY,CADDEBOSTAN,40521,488,202,339,292,350,387,521,KADIKÖY,CADDEBOSTAN,40521,6,15,74,260,6,2,22,43,0,0,1,489,1029,21,355,0.02040816326530612
522,KADIKÖY,CAFERAÐA,40512,1552,237,461,600,1636,14,522,KADIKÖY,CAFERAÐA,40512,17,38,196,648,13,6,39,74,1,0,1,787,2250,55,899,0.024444444444444446
523,KADIKÖY,DUMLUPINAR,40518,418,250,123,568,176,47,523,KADIKÖY,DUMLUPINAR,40518,12,33,152,248,11,6,31,58,0,1,1,713,791,45,445,0.056890012642225034
524,KADIKÖY,EÐÝTÝM,40516,747,234,348,949,293,87,524,KADIKÖY,EÐÝTÝM,40516,18,49,221,396,15,9,40,75,0,0,1,832,1329,67,684,0.05041384499623777
525,KADIKÖY,ERENKÖY,40524,490,219,354,234,328,501,525,KADIKÖY,ERENKÖY,40524,5,12,53,232,8,3,26,49,0,0,1,581,1063,17,302,0.01599247412982126
526,KADIKÖY,FENERBAHÇE,40514,504,168,443,406,357,352,526,KADIKÖY,FENERBAHÇE,40514,5,15,81,256,4,1,15,30,0,0,1,446,1115,20,357,0.017937219730941704
527,KADIKÖY,FENERYOLU,40515,518,130,227,200,337,338,527,KADIKÖY,FENERYOLU,40515,4,10,49,198,6,2,21,40,0,0,0,517,875,14,261,0.016
528,KADIKÖY,FÝKÝRTEPE,40517,628,204,203,818,198,19,528,KADIKÖY,FÝKÝRTEPE,40517,17,43,207,316,10,6,29,55,0,1,1,714,1035,60,583,0.057971014492753624
529,KADIKÖY,GÖZTEPE,40520,699,202,453,287,510,557,529,KADIKÖY,GÖZTEPE,40520,6,14,66,292,7,3,28,54,1,1,1,627,1354,20,378,0.014771048744460856
530,KADIKÖY,HASANPAÞA,40510,704,280,298,580,697,5,530,KADIKÖY,HASANPAÞA,40510,18,40,182,405,16,10,46,87,0,0,1,800,1282,58,645,0.0452418096723869
531,KADIKÖY,KOÞUYOLU,40508,610,162,372,941,197,6,531,KADIKÖY,KOÞUYOLU,40508,6,23,116,280,2,2,12,26,0,0,0,312,1144,29,425,0.025349650349650348
532,KADIKÖY,KOZYATAÐI,40529,301,394,314,163,357,489,532,KADIKÖY,KOZYATAÐI,40529,3,8,39,208,5,2,20,40,0,0,1,483,1009,11,258,0.010901883052527254
533,KADIKÖY,MERDÝVENKÖY,40519,747,526,294,691,575,301,533,KADIKÖY,MERDÝVENKÖY,40519,17,42,191,434,17,9,49,96,1,1,1,1533,1567,59,684,0.03765156349712827
534,KADIKÖY,OSMANAÐA,40511,794,354,373,422,1092,7,534,KADIKÖY,OSMANAÐA,40511,16,33,167,481,10,5,25,46,0,0,1,349,1521,49,697,0.032215647600262985
535,KADIKÖY,RASÝMPAÞA,40507,979,358,272,520,1081,8,535,KADIKÖY,RASÝMPAÞA,40507,18,41,189,518,12,6,31,58,0,0,1,617,1609,59,766,0.036668738346799255
536,KADIKÖY,SAHRAYICEDÝT,40525,269,405,179,163,371,319,536,KADIKÖY,SAHRAYICEDÝT,40525,4,9,46,204,6,3,24,46,0,0,1,597,853,13,263,0.015240328253223915
537,KADIKÖY,SUADÝYE,40522,628,165,425,324,467,427,537,KADIKÖY,SUADÝYE,40522,5,12,68,265,5,2,19,37,1,0,1,454,1218,17,350,0.013957307060755337
538,KADIKÖY,ZÜHTÜPAÞA,40513,343,43,141,260,200,67,538,KADIKÖY,ZÜHTÜPAÞA,40513,11,20,78,160,9,4,24,43,0,1,1,485,527,31,269,0.058823529411764705
539,KAÐITHANE,ÇAÐLAYAN,40535,957,417,771,1052,1056,37,539,KAÐITHANE,ÇAÐLAYAN,40535,6,19,137,462,5,3,19,43,0,0,1,717,2145,25,624,0.011655011655011656
540,KAÐITHANE,ÇELÝKTEPE,40536,984,685,557,1027,1194,5,540,KAÐITHANE,ÇELÝKTEPE,40536,4,11,95,393,4,1,13,30,0,0,0,480,2226,15,503,0.006738544474393531
541,KAÐITHANE,EMNÝYET EVLERÝ,40537,208,146,130,167,313,4,541,KAÐITHANE,EMNÝYET EVLERÝ,40537,1,2,17,83,1,0,3,7,0,0,0,106,484,3,103,0.006198347107438017
542,KAÐITHANE,GÜLTEPE,40538,406,683,61,526,621,3,542,KAÐITHANE,GÜLTEPE,40538,2,6,51,204,2,1,6,13,0,0,0,224,1150,8,263,0.006956521739130435
543,KAÐITHANE,GÜRSEL,40539,858,682,472,1033,962,17,543,KAÐITHANE,GÜRSEL,40539,8,22,137,430,6,3,22,47,0,0,1,774,2012,30,597,0.014910536779324055
544,KAÐITHANE,HAMÝDÝYE,40541,179,802,339,559,611,150,544,KAÐITHANE,HAMÝDÝYE,40541,3,12,63,252,3,2,16,37,1,1,1,835,1320,15,330,0.011363636363636364
545,KAÐITHANE,HARMANTEPE,40540,600,830,304,956,774,4,545,KAÐITHANE,HARMANTEPE,40540,3,10,86,311,2,1,8,20,0,0,0,328,1734,13,410,0.007497116493656286
546,KAÐITHANE,HÜRRÝYET,40542,878,463,265,807,781,18,546,KAÐITHANE,HÜRRÝYET,40542,4,14,87,313,4,2,11,25,0,0,0,394,1606,18,418,0.0112079701120797
547,KAÐITHANE,MEHMET AKÝF ERSOY,40544,551,322,89,600,362,0,547,KAÐITHANE,MEHMET AKÝF ERSOY,40544,10,25,112,243,8,6,23,44,0,0,1,908,962,35,390,0.036382536382536385
548,KAÐITHANE,MERKEZ,40543,576,847,473,895,919,82,548,KAÐITHANE,MERKEZ,40543,11,31,162,459,9,6,29,61,1,1,1,722,1896,42,663,0.022151898734177215
549,KAÐITHANE,NURTEPE,40545,546,651,267,819,620,25,549,KAÐITHANE,NURTEPE,40545,9,25,123,326,8,5,26,52,0,1,1,865,1464,34,483,0.023224043715846996
550,KAÐITHANE,ORTABAYIR,40546,726,702,107,630,893,12,550,KAÐITHANE,ORTABAYIR,40546,3,8,67,276,3,1,10,22,0,0,0,342,1535,11,354,0.0071661237785016286
551,KAÐITHANE,SEYRANTEPE,40548,449,540,478,647,798,22,551,KAÐITHANE,SEYRANTEPE,40548,3,10,71,286,1,0,8,22,0,0,1,410,1467,13,370,0.008861622358554875
552,KAÐITHANE,SULTAN SELÝM,40547,808,1047,255,712,1385,13,552,KAÐITHANE,SULTAN SELÝM,40547,3,9,74,356,3,1,12,28,0,0,1,442,2110,12,442,0.005687203791469194
553,KAÐITHANE,ÞÝRÝNTEPE,40549,511,657,138,609,692,5,553,KAÐITHANE,ÞÝRÝNTEPE,40549,2,8,55,229,3,1,8,19,0,0,0,349,1306,10,294,0.007656967840735069
554,KAÐITHANE,TALATPAÞA,40550,1166,946,232,1298,1037,9,554,KAÐITHANE,TALATPAÞA,40550,12,32,178,529,12,6,32,68,1,1,1,1049,2344,44,751,0.01877133105802048
555,KAÐITHANE,TELSÝZLER,40551,474,325,165,496,461,7,555,KAÐITHANE,TELSÝZLER,40551,2,5,41,173,2,1,6,14,0,0,0,180,964,7,221,0.007261410788381743
556,KAÐITHANE,YAHYA KEMAL,40552,508,503,252,795,465,3,556,KAÐITHANE,YAHYA KEMAL,40552,6,21,125,304,7,4,19,39,0,0,1,607,1263,27,456,0.021377672209026127
557,KAÐITHANE,YEÞÝLCE,40553,428,629,58,540,572,3,557,KAÐITHANE,YEÞÝLCE,40553,2,5,46,187,1,0,4,10,0,0,0,176,1115,7,240,0.006278026905829596
558,KARTAL,ATALAR,40554,490,712,321,506,900,117,558,KARTAL,ATALAR,40554,8,19,131,438,12,5,33,68,1,1,1,985,1523,27,596,0.01772816808929744
559,KARTAL,CEVÝZLÝ,40555,655,721,259,787,802,46,559,KARTAL,CEVÝZLÝ,40555,8,22,151,435,9,5,27,57,0,0,1,914,1635,30,616,0.01834862385321101
560,KARTAL,CUMHURÝYET,40556,374,903,503,1140,607,33,560,KARTAL,CUMHURÝYET,40556,5,21,141,407,2,0,12,28,0,0,1,653,1780,26,574,0.014606741573033709
561,KARTAL,ÇAVUÞOÐLU,40558,582,549,201,880,392,60,561,KARTAL,ÇAVUÞOÐLU,40558,12,33,170,373,7,3,20,40,0,0,1,678,1332,45,588,0.033783783783783786
562,KARTAL,ESENTEPE,40559,672,1122,446,1390,797,53,562,KARTAL,ESENTEPE,40559,9,32,209,564,5,2,21,48,1,1,1,853,2240,41,814,0.01830357142857143
563,KARTAL,GÜMÜÞPINAR,40560,301,813,339,830,566,57,563,KARTAL,GÜMÜÞPINAR,40560,6,22,133,366,7,3,22,49,0,0,1,914,1453,28,527,0.019270474879559532
564,KARTAL,HÜRRÝYET,40561,908,2020,784,2645,984,83,564,KARTAL,HÜRRÝYET,40561,19,72,401,948,13,7,48,107,1,1,2,2088,3712,91,1440,0.02451508620689655
565,KARTAL,KARLIKTEPE,40562,686,570,549,774,934,97,565,KARTAL,KARLIKTEPE,40562,12,31,185,517,11,6,33,68,1,1,1,1217,1805,43,745,0.023822714681440444
566,KARTAL,KORDONBOYU,40563,208,324,200,253,390,89,566,KARTAL,KORDONBOYU,40563,10,24,105,254,10,5,29,55,0,0,2,560,732,34,393,0.04644808743169399
567,KARTAL,ORHANTEPE,40564,802,994,267,1318,686,59,567,KARTAL,ORHANTEPE,40564,22,62,309,618,18,8,57,114,1,1,3,1752,2063,84,1011,0.0407174018419777
568,KARTAL,ORTA,40565,278,479,326,462,595,26,568,KARTAL,ORTA,40565,3,10,72,255,3,1,10,23,0,0,0,425,1083,13,340,0.012003693444136657
569,KARTAL,PETROL ÝÞ,40566,382,688,202,329,796,147,569,KARTAL,PETROL ÝÞ,40566,7,17,109,377,11,5,31,63,1,1,1,905,1272,24,510,0.018867924528301886
570,KARTAL,SOÐANLIK YENÝ,40567,488,687,366,811,676,54,570,KARTAL,SOÐANLIK YENÝ,40567,6,21,133,397,6,2,20,45,0,0,1,839,1541,27,557,0.01752109020116807
571,KARTAL,TOPSELVÝ,40568,569,423,151,803,331,9,571,KARTAL,TOPSELVÝ,40568,10,29,167,325,8,4,22,44,0,0,1,702,1143,39,531,0.03412073490813648
572,KARTAL,UÐUR MUMCU,40569,5,570,112,148,168,371,572,KARTAL,UÐUR MUMCU,40569,4,9,42,194,16,8,47,91,0,0,1,965,687,13,249,0.018922852983988356
573,KARTAL,YAKACIK ÇARSI,40557,317,736,583,1212,369,55,573,KARTAL,YAKACIK ÇARSI,40557,13,44,199,441,5,3,21,48,1,1,1,774,1636,57,697,0.03484107579462103
574,KARTAL,YAKACIK YENÝ,40570,48,736,300,775,248,61,574,KARTAL,YAKACIK YENÝ,40570,9,32,152,314,7,4,24,50,0,0,1,920,1084,41,507,0.03782287822878229
575,KARTAL,YALI,40571,491,343,96,588,332,10,575,KARTAL,YALI,40571,13,31,148,279,11,7,29,56,0,0,1,775,930,44,471,0.047311827956989246
576,KARTAL,YUKARI,40572,293,240,74,263,317,27,576,KARTAL,YUKARI,40572,6,15,73,188,6,3,16,31,0,0,0,363,607,21,282,0.03459637561779242
577,KARTAL,YUNUS,40573,662,856,186,1318,365,21,577,KARTAL,YUNUS,40573,17,47,252,483,9,6,31,63,0,1,1,907,1704,64,799,0.03755868544600939
578,KÜÇÜKÇEKMECE,ATAKENT,40582,6,210,962,283,337,558,578,KÜÇÜKÇEKMECE,ATAKENT,40582,8,25,118,356,24,10,82,170,2,2,3,3055,1178,33,507,0.02801358234295416
579,KÜÇÜKÇEKMECE,ATATÜRK,40591,317,2060,664,1765,1268,8,579,KÜÇÜKÇEKMECE,ATATÜRK,40591,32,97,473,985,41,25,115,230,1,1,2,3108,3041,129,1587,0.042420256494574156
580,KÜÇÜKÇEKMECE,BEÞYOL,40603,45,66,118,100,122,7,580,KÜÇÜKÇEKMECE,BEÞYOL,40603,7,17,55,88,5,3,14,27,0,0,1,193,229,24,167,0.10480349344978165
581,KÜÇÜKÇEKMECE,CENNET,40607,367,413,431,579,632,0,581,KÜÇÜKÇEKMECE,CENNET,40607,88,134,325,415,126,85,330,567,1,1,3,3933,1211,222,962,0.1833195706028076
582,KÜÇÜKÇEKMECE,CUMHURÝYET,40601,615,934,732,1257,1000,24,582,KÜÇÜKÇEKMECE,CUMHURÝYET,40601,109,209,626,803,148,89,392,696,2,2,5,6445,2281,318,1747,0.13941253836036827
583,KÜÇÜKÇEKMECE,FATÝH,40606,268,143,213,412,185,27,583,KÜÇÜKÇEKMECE,FATÝH,40606,54,74,168,184,54,34,140,238,1,1,2,1489,624,128,480,0.20512820512820512
584,KÜÇÜKÇEKMECE,FEVZÝ ÇAKMAK,40596,604,790,334,889,815,24,584,KÜÇÜKÇEKMECE,FEVZÝ ÇAKMAK,40596,84,155,477,603,89,51,232,406,1,1,2,3312,1728,239,1319,0.13831018518518517
585,KÜÇÜKÇEKMECE,GÜLTEPE,40589,213,486,823,502,1020,0,585,KÜÇÜKÇEKMECE,GÜLTEPE,40589,52,116,391,591,68,39,182,332,1,1,3,3207,1522,168,1150,0.11038107752956636
586,KÜÇÜKÇEKMECE,HALKALI MERKEZ,40590,283,2295,1097,1991,1566,118,586,KÜÇÜKÇEKMECE,HALKALI MERKEZ,40590,57,163,709,1315,92,53,255,492,2,2,7,5838,3675,220,2244,0.05986394557823129
587,KÜÇÜKÇEKMECE,ÝNÖNÜ,40592,436,2409,1026,2279,1532,60,587,KÜÇÜKÇEKMECE,ÝNÖNÜ,40592,95,243,924,1399,143,83,385,711,2,2,6,7372,3871,338,2661,0.08731593903384138
588,KÜÇÜKÇEKMECE,ÝSTASYON,40605,575,1037,658,1481,678,111,588,KÜÇÜKÇEKMECE,ÝSTASYON,40605,46,116,452,751,46,29,129,246,1,1,3,3350,2270,162,1365,0.07136563876651983
589,KÜÇÜKÇEKMECE,KANARYA,40604,1042,1553,873,1991,1454,23,589,KÜÇÜKÇEKMECE,KANARYA,40604,116,235,802,1210,144,91,384,696,1,1,4,7297,3468,351,2363,0.10121107266435986
590,KÜÇÜKÇEKMECE,KARTALTEPE,40588,340,473,313,761,365,0,590,KÜÇÜKÇEKMECE,KARTALTEPE,40588,62,112,313,374,52,34,137,239,1,1,3,1752,1126,174,861,0.15452930728241562
591,KÜÇÜKÇEKMECE,KEMALPAÞA,40594,232,470,129,324,507,0,591,KÜÇÜKÇEKMECE,KEMALPAÞA,40594,34,65,219,316,44,24,114,202,0,1,1,1655,831,99,634,0.11913357400722022
592,KÜÇÜKÇEKMECE,MEHMET AKÝF,40586,172,2178,687,1650,1380,7,592,KÜÇÜKÇEKMECE,MEHMET AKÝF,40586,21,75,435,991,33,19,95,201,1,1,2,3390,3037,96,1522,0.03161014158709253
593,KÜÇÜKÇEKMECE,SÖÐÜTLÜ ÇEÞME,40587,776,1273,516,1603,960,2,593,KÜÇÜKÇEKMECE,SÖÐÜTLÜ ÇEÞME,40587,82,181,645,892,89,51,236,424,1,1,3,3896,2565,263,1800,0.10253411306042885
594,KÜÇÜKÇEKMECE,SULTAN MURAT,40595,245,424,271,543,397,0,594,KÜÇÜKÇEKMECE,SULTAN MURAT,40595,42,85,262,329,47,28,125,222,0,1,1,1891,940,127,718,0.1351063829787234
595,KÜÇÜKÇEKMECE,TEVFÝKBEY,40593,454,1024,574,1099,920,33,595,KÜÇÜKÇEKMECE,TEVFÝKBEY,40593,87,171,533,722,103,63,272,482,1,2,4,4404,2052,258,1513,0.12573099415204678
596,KÜÇÜKÇEKMECE,YARIMBURGAZ,40599,91,938,268,1160,137,0,596,KÜÇÜKÇEKMECE,YARIMBURGAZ,40599,11,45,204,362,3,2,20,45,0,1,1,750,1297,56,622,0.04317656129529684
597,KÜÇÜKÇEKMECE,YENÝ MAHALLE,40600,333,425,473,670,560,1,597,KÜÇÜKÇEKMECE,YENÝ MAHALLE,40600,67,118,327,437,71,49,190,336,1,1,3,2297,1231,185,949,0.1502843216896832
598,KÜÇÜKÇEKMECE,YEÞÝLOVA,40602,121,1020,818,1232,727,0,598,KÜÇÜKÇEKMECE,YEÞÝLOVA,40602,86,180,520,676,93,63,250,451,1,1,4,4140,1959,266,1462,0.13578356304236855
599,MALTEPE,ALTAYÇEÞME,40612,249,679,144,359,554,159,599,MALTEPE,ALTAYÇEÞME,40612,6,15,90,294,9,4,27,57,0,1,1,877,1072,21,405,0.01958955223880597
600,MALTEPE,ALTINTEPE,40613,315,878,86,333,924,22,600,MALTEPE,ALTINTEPE,40613,10,22,126,403,18,9,47,93,1,0,1,1077,1279,32,561,0.02501954652071931
601,MALTEPE,AYDINEVLER,40617,83,722,220,580,428,17,601,MALTEPE,AYDINEVLER,40617,4,16,86,265,2,1,12,31,0,0,1,573,1025,20,371,0.01951219512195122
602,MALTEPE,BAÐLARBAÞI,40615,854,1183,187,962,1128,134,602,MALTEPE,BAÐLARBAÞI,40615,26,59,309,720,35,19,95,181,1,1,2,2227,2224,85,1114,0.03821942446043165
603,MALTEPE,BAÞIBÜYÜK,40625,583,1522,336,2122,292,27,603,MALTEPE,BAÞIBÜYÜK,40625,19,68,286,618,10,8,37,80,1,1,1,1184,2441,87,991,0.035641130684145844
604,MALTEPE,BÜYÜKBAKKALKÖY,40624,105,383,367,803,47,5,604,MALTEPE,BÜYÜKBAKKALKÖY,40624,3,15,86,189,0,0,1,5,0,0,1,80,855,18,293,0.021052631578947368
605,MALTEPE,CEVÝZLÝ,40614,481,1390,233,1070,948,86,605,MALTEPE,CEVÝZLÝ,40614,27,69,343,710,30,15,85,162,1,1,2,2224,2104,96,1149,0.045627376425855515
606,MALTEPE,ÇINAR,40608,208,524,43,252,523,0,606,MALTEPE,ÇINAR,40608,4,10,67,218,6,3,19,41,0,0,1,602,775,14,299,0.01806451612903226
607,MALTEPE,ESENKENT,40620,531,1413,71,1535,480,0,607,MALTEPE,ESENKENT,40620,22,70,290,581,18,12,55,108,0,1,2,1406,2015,92,963,0.0456575682382134
608,MALTEPE,FEYZULLAH,40610,366,472,52,287,509,94,608,MALTEPE,FEYZULLAH,40610,14,30,140,313,20,10,53,98,1,1,1,1170,890,44,497,0.04943820224719101
609,MALTEPE,FINDIKLI,40619,91,1317,819,621,1550,56,609,MALTEPE,FINDIKLI,40619,4,14,130,561,4,2,22,57,0,0,1,1156,2227,18,709,0.008082622361921869
610,MALTEPE,GÝRNE,40618,18,587,124,405,243,81,610,MALTEPE,GÝRNE,40618,2,9,53,176,2,0,10,25,0,0,0,433,729,11,240,0.015089163237311385
611,MALTEPE,GÜLENSU,40622,722,1937,183,2712,130,0,611,MALTEPE,GÜLENSU,40622,28,99,400,753,14,12,44,90,0,1,1,976,2842,127,1280,0.04468684025334271
612,MALTEPE,GÜLSUYU,40621,802,1249,129,1934,233,13,612,MALTEPE,GÜLSUYU,40621,20,67,316,595,12,9,37,76,1,1,1,947,2180,87,998,0.03990825688073395
613,MALTEPE,ÝDEALTEPE,40609,129,688,126,371,568,4,613,MALTEPE,ÝDEALTEPE,40609,4,12,84,270,7,3,22,47,0,0,1,702,943,16,370,0.016967126193001062
614,MALTEPE,KÜÇÜKYALI MERKEZ,40611,390,625,99,433,678,3,614,MALTEPE,KÜÇÜKYALI MERKEZ,40611,6,15,100,315,9,4,27,57,0,0,1,816,1114,21,436,0.018850987432675045
615,MALTEPE,YALI,40616,303,559,100,638,247,77,615,MALTEPE,YALI,40616,25,57,212,320,20,11,55,102,1,1,2,1208,962,82,614,0.08523908523908524
616,MALTEPE,ZÜMRÜTEVLER,40623,311,2016,738,1229,1588,248,616,MALTEPE,ZÜMRÜTEVLER,40623,13,43,270,855,18,8,58,128,1,1,2,2444,3065,56,1181,0.01827079934747145
617,PENDÝK,AHMET YESEVÝ,40632,27,1294,524,1254,578,13,617,PENDÝK,AHMET YESEVÝ,40632,7,38,233,524,6,2,24,59,1,1,2,1282,1845,45,802,0.024390243902439025
618,PENDÝK,BAHÇELÝEVLER,40628,284,347,426,673,345,39,618,PENDÝK,BAHÇELÝEVLER,40628,7,23,130,306,6,3,19,38,0,0,1,609,1057,30,466,0.02838221381267739
619,PENDÝK,BALLICA,191755,14,117,197,327,1,0,619,PENDÝK,BALLICA,191755,1,4,25,60,0,0,0,0,0,0,0,28,328,5,90,0.01524390243902439
620,PENDÝK,BATI,40633,231,361,339,338,589,4,620,PENDÝK,BATI,40633,8,23,122,309,8,4,25,50,0,0,1,737,931,31,462,0.03329752953813104
621,PENDÝK,ÇAMÇEÞME,40649,413,1105,321,910,906,23,621,PENDÝK,ÇAMÇEÞME,40649,7,23,161,487,8,4,26,57,0,0,1,1046,1839,30,678,0.01631321370309951
622,PENDÝK,ÇAMLIK,40656,0,365,663,854,117,57,622,PENDÝK,ÇAMLIK,40656,3,19,114,243,1,0,5,21,0,1,1,616,1028,22,379,0.021400778210116732
623,PENDÝK,ÇINARDERE,40644,498,618,319,1063,357,15,623,PENDÝK,ÇINARDERE,40644,11,38,188,386,8,6,27,56,0,0,1,958,1435,49,623,0.03414634146341464
624,PENDÝK,DOÐU,40627,111,479,347,366,496,75,624,PENDÝK,DOÐU,40627,9,26,130,321,10,5,30,59,1,1,1,813,937,35,486,0.03735325506937033
625,PENDÝK,DUMLUPINAR,40626,859,879,513,1721,514,16,625,PENDÝK,DUMLUPINAR,40626,17,58,286,611,11,8,38,82,1,1,1,1398,2251,75,972,0.03331852509995557
626,PENDÝK,EMÝRLÝ,191757,19,88,149,253,3,0,626,PENDÝK,EMÝRLÝ,191757,0,2,12,36,0,0,0,0,0,0,0,14,256,2,50,0.0078125
627,PENDÝK,ERTUÐRUL GAZÝ,40635,2,2876,407,3265,20,0,627,PENDÝK,ERTUÐRUL GAZÝ,40635,29,107,405,796,7,9,40,85,0,1,1,720,3285,136,1337,0.041400304414003046
628,PENDÝK,ESENLER,40638,103,747,771,830,754,37,628,PENDÝK,ESENLER,40638,3,15,111,366,2,1,12,31,0,0,1,782,1621,18,495,0.011104256631708822
629,PENDÝK,ESENYALI,40643,124,616,245,195,224,566,629,PENDÝK,ESENYALI,40643,5,14,65,277,7,3,19,37,0,0,1,357,985,19,361,0.019289340101522844
630,PENDÝK,FATÝH,40647,129,977,358,897,564,3,630,PENDÝK,FATÝH,40647,6,25,163,415,6,3,19,43,0,0,1,905,1464,31,609,0.02117486338797814
631,PENDÝK,FEVZÝ ÇAKMAK,40629,467,1063,593,1140,946,37,631,PENDÝK,FEVZÝ ÇAKMAK,40629,7,26,179,537,7,2,26,60,1,1,1,1133,2123,33,749,0.015544041450777202
632,PENDÝK,GÖÇBEYLÝ,191759,0,11,674,684,1,0,632,PENDÝK,GÖÇBEYLÝ,191759,1,6,45,118,0,0,0,0,0,0,0,50,685,7,170,0.010218978102189781
633,PENDÝK,GÜLLÜ BAÐLAR,40640,69,943,295,1014,283,10,633,PENDÝK,GÜLLÜ BAÐLAR,40640,4,21,131,316,1,0,11,26,0,0,1,552,1307,25,472,0.019127773527161437
634,PENDÝK,GÜZELYALI,40634,148,850,840,446,603,789,634,PENDÝK,GÜZELYALI,40634,8,27,133,513,10,3,31,62,1,1,2,988,1838,35,681,0.019042437431991296
635,PENDÝK,HARMANDERE,40636,90,198,156,348,36,60,635,PENDÝK,HARMANDERE,40636,5,16,60,118,4,2,13,27,0,0,0,441,444,21,199,0.0472972972972973
636,PENDÝK,KAVAKPINAR,40646,305,3558,850,3313,1378,22,636,PENDÝK,KAVAKPINAR,40646,21,93,557,1271,19,8,65,145,1,1,3,2841,4713,114,1942,0.0241884150222788
637,PENDÝK,KAYNARCA,40631,392,1167,943,964,1426,112,637,PENDÝK,KAYNARCA,40631,12,37,235,734,14,6,46,99,1,1,2,1681,2502,49,1018,0.01958433253397282
638,PENDÝK,KURNA,191761,79,206,279,563,1,0,638,PENDÝK,KURNA,191761,2,9,47,111,0,0,0,1,0,1,0,65,564,11,169,0.01950354609929078
639,PENDÝK,KURTDOÐMUÞ,191763,13,103,239,355,0,0,639,PENDÝK,KURTDOÐMUÞ,191763,0,1,10,35,0,0,0,0,0,0,0,10,355,1,46,0.0028169014084507044
640,PENDÝK,KURTKÖY,40654,164,725,723,1014,487,111,640,PENDÝK,KURTKÖY,40654,3,15,109,334,0,0,8,26,0,0,1,743,1612,18,461,0.011166253101736972
641,PENDÝK,ORHANGAZÝ,40650,192,1276,448,1118,795,3,641,PENDÝK,ORHANGAZÝ,40650,8,33,217,557,9,4,26,59,1,0,1,1239,1916,41,815,0.02139874739039666
642,PENDÝK,ORTA,40645,343,229,116,583,104,1,642,PENDÝK,ORTA,40645,8,24,107,196,5,4,16,32,0,0,0,415,688,32,335,0.046511627906976744
643,PENDÝK,RAMAZANOÐLU,40639,61,570,635,1177,86,3,643,PENDÝK,RAMAZANOÐLU,40639,11,47,212,354,1,0,10,23,1,1,1,220,1266,58,624,0.045813586097946286
644,PENDÝK,SANAYÝ,40651,29,333,418,709,63,8,644,PENDÝK,SANAYÝ,40651,6,28,133,219,3,2,9,19,1,0,1,215,780,34,386,0.04358974358974359
645,PENDÝK,SAPAN BAÐLARI,40637,356,319,244,643,243,33,645,PENDÝK,SAPAN BAÐLARI,40637,10,27,135,266,8,5,22,45,0,0,1,688,919,37,438,0.04026115342763874
646,PENDÝK,SÜLÜNTEPE,40655,44,1645,673,2070,240,52,646,PENDÝK,SÜLÜNTEPE,40655,8,41,230,537,4,2,19,47,0,1,1,976,2362,49,816,0.020745131244707875
647,PENDÝK,ÞEYHLÝ,40630,117,462,527,732,319,55,647,PENDÝK,ÞEYHLÝ,40630,7,27,144,313,4,2,17,38,1,1,1,832,1106,34,491,0.03074141048824593
648,PENDÝK,VELÝBABA,40642,228,1469,1043,2139,575,26,648,PENDÝK,VELÝBABA,40642,10,48,271,665,5,3,26,66,1,1,2,1391,2740,58,994,0.021167883211678833
649,PENDÝK,YAYALAR,40641,167,634,265,887,165,14,649,PENDÝK,YAYALAR,40641,5,21,112,256,1,0,10,24,0,0,1,496,1066,26,394,0.024390243902439025
650,PENDÝK,YENÝ,40652,403,405,343,793,312,46,650,PENDÝK,YENÝ,40652,16,44,208,365,14,8,38,74,0,1,1,1129,1151,60,633,0.052128583840139006
651,PENDÝK,YENÝÞEHÝR,40653,1,696,829,792,336,398,651,PENDÝK,YENÝÞEHÝR,40653,3,18,117,335,2,0,17,49,1,1,1,1526,1526,21,473,0.013761467889908258
652,PENDÝK,YEÞÝLBAÐLAR,40648,221,156,189,393,161,12,652,PENDÝK,YEÞÝLBAÐLAR,40648,6,17,88,162,4,2,13,26,0,0,1,385,566,23,273,0.04063604240282685
653,SANCAKTEPE,ABDURRAHMANGAZÝ,40579,41,1025,1371,1673,743,21,653,SANCAKTEPE,ABDURRAHMANGAZÝ,40579,5,29,183,515,3,1,13,35,1,1,2,931,2437,34,732,0.013951579811243332
654,SANCAKTEPE,AKPINAR,40575,1,1351,532,1527,357,0,654,SANCAKTEPE,AKPINAR,40575,14,57,268,534,11,7,36,78,1,1,2,1340,1884,71,873,0.03768577494692144
655,SANCAKTEPE,ATATÜRK,98781,54,1110,713,1068,809,0,655,SANCAKTEPE,ATATÜRK,98781,1,6,69,285,0,0,2,12,0,0,0,359,1877,7,361,0.0037293553542887587
656,SANCAKTEPE,EMEK,40759,4,843,694,903,602,36,656,SANCAKTEPE,EMEK,40759,4,22,144,394,3,1,14,36,0,1,1,844,1541,26,564,0.016872160934458143
657,SANCAKTEPE,EYÜP SULTAN,40578,68,615,986,1093,571,5,657,SANCAKTEPE,EYÜP SULTAN,40578,5,24,154,419,1,0,9,28,1,1,2,628,1669,29,602,0.01737567405632115
658,SANCAKTEPE,FATÝH,40576,8,839,986,1123,679,31,658,SANCAKTEPE,FATÝH,40576,7,35,213,538,4,1,21,54,1,1,2,1257,1833,42,793,0.022913256955810146
659,SANCAKTEPE,HÝLAL,40776,1,422,469,874,18,0,659,SANCAKTEPE,HÝLAL,40776,1,7,54,148,0,0,2,6,0,0,0,157,892,8,210,0.008968609865470852
660,SANCAKTEPE,ÝNÖNÜ,40760,20,608,699,541,786,0,660,SANCAKTEPE,ÝNÖNÜ,40760,1,4,48,228,0,0,2,11,0,0,0,271,1327,5,281,0.0037678975131876413
661,SANCAKTEPE,KEMAL TÜRKLER,40761,24,679,579,761,519,2,661,SANCAKTEPE,KEMAL TÜRKLER,40761,1,7,63,230,0,0,3,12,0,0,0,329,1282,8,301,0.0062402496099844
662,SANCAKTEPE,MECLÝS,40762,53,660,761,567,907,0,662,SANCAKTEPE,MECLÝS,40762,1,6,64,286,1,0,4,15,0,1,1,393,1474,7,357,0.0047489823609226595
663,SANCAKTEPE,MERVE,40775,2,660,848,1093,412,5,663,SANCAKTEPE,MERVE,40775,2,12,96,285,0,0,3,15,0,0,1,457,1510,14,395,0.009271523178807948
664,SANCAKTEPE,MEVLANA,40773,1,814,602,1151,264,2,664,SANCAKTEPE,MEVLANA,40773,2,14,93,265,1,1,6,18,0,0,1,434,1417,16,374,0.011291460832745237
665,SANCAKTEPE,OSMANGAZÝ,40580,25,1906,1282,2477,704,32,665,SANCAKTEPE,OSMANGAZÝ,40580,19,84,416,861,11,6,46,111,1,1,3,2173,3213,103,1380,0.032057267351385
666,SANCAKTEPE,PAÞAKÖY,192001,99,151,445,686,9,0,666,SANCAKTEPE,PAÞAKÖY,192001,1,9,51,125,0,0,0,0,0,0,0,65,695,10,186,0.014388489208633094
667,SANCAKTEPE,SAFA,40771,1,515,605,736,366,19,667,SANCAKTEPE,SAFA,40771,2,13,88,256,1,0,7,21,0,0,0,517,1121,15,359,0.013380909901873328
668,SANCAKTEPE,SARIGAZÝ,40763,41,737,543,750,571,0,668,SANCAKTEPE,SARIGAZÝ,40763,4,17,114,322,3,1,12,30,0,0,1,704,1321,21,457,0.015897047691143074
669,SANCAKTEPE,VEYSEL KARANÝ,40574,5,1298,517,1459,328,33,669,SANCAKTEPE,VEYSEL KARANÝ,40574,10,47,250,504,8,5,26,58,1,1,1,1215,1820,57,811,0.03131868131868132
670,SANCAKTEPE,YENÝDOÐAN,40774,6,814,613,995,425,13,670,SANCAKTEPE,YENÝDOÐAN,40774,1,6,63,226,0,0,1,9,0,0,1,313,1433,7,296,0.004884856943475227
671,SANCAKTEPE,YUNUS EMRE,40772,6,826,715,1152,389,6,671,SANCAKTEPE,YUNUS EMRE,40772,3,17,108,312,1,1,9,25,0,0,1,580,1547,20,440,0.012928248222365869
672,SARIYER,AYAZAÐA,40686,733,1198,707,2017,562,59,672,SARIYER,AYAZAÐA,40686,5,23,152,448,2,1,13,33,1,1,1,714,2638,28,628,0.01061410159211524
673,SARIYER,BAHÇEKÖY KEMER,40684,73,140,95,269,36,3,673,SARIYER,BAHÇEKÖY KEMER,40684,0,1,12,40,0,0,0,0,0,0,0,34,308,1,53,0.003246753246753247
674,SARIYER,BAHÇEKÖY MERKEZ,40682,132,102,63,211,84,2,674,SARIYER,BAHÇEKÖY MERKEZ,40682,0,1,11,39,0,0,0,2,0,0,0,49,297,1,51,0.003367003367003367
675,SARIYER,BAHÇEKÖY YENÝ,40683,96,168,117,276,99,6,675,SARIYER,BAHÇEKÖY YENÝ,40683,0,1,13,47,0,0,0,1,0,0,0,62,381,1,61,0.0026246719160104987
676,SARIYER,BALTALÝMANI,40657,268,593,364,1204,19,2,676,SARIYER,BALTALÝMANI,40657,3,12,74,187,0,0,3,8,0,0,0,125,1225,15,276,0.012244897959183673
677,SARIYER,BÜYÜKDERE,40658,552,885,353,1688,102,0,677,SARIYER,BÜYÜKDERE,40658,7,22,123,298,2,1,7,17,0,0,0,295,1790,29,450,0.016201117318435754
678,SARIYER,CUMHURÝYET,40659,425,780,313,1400,118,0,678,SARIYER,CUMHURÝYET,40659,2,10,66,200,0,0,3,10,0,0,0,176,1518,12,278,0.007905138339920948
679,SARIYER,ÇAMLITEPE,40660,441,233,243,850,67,0,679,SARIYER,ÇAMLITEPE,40660,1,4,27,97,0,0,1,5,0,0,0,83,917,5,129,0.0054525627044711015
680,SARIYER,ÇAYIRBAÞI,40661,340,347,182,844,25,0,680,SARIYER,ÇAYIRBAÞI,40661,12,27,98,166,5,3,15,28,0,0,0,286,869,39,303,0.04487917146144994
681,SARIYER,DARÜÞÞAFAKA,40662,25,237,76,174,162,2,681,SARIYER,DARÜÞÞAFAKA,40662,1,3,15,48,0,0,1,3,0,0,0,140,338,4,67,0.011834319526627219
682,SARIYER,DEMÝRCÝKÖY,191765,6,392,318,715,1,0,682,SARIYER,DEMÝRCÝKÖY,191765,1,3,31,92,0,0,0,0,0,0,0,34,716,4,127,0.00558659217877095
683,SARIYER,EMÝRGAN,40663,406,281,363,973,77,0,683,SARIYER,EMÝRGAN,40663,1,3,39,130,0,0,0,1,0,0,0,87,1050,4,173,0.0038095238095238095
684,SARIYER,FATÝH SULTAN MEHMET,40664,255,1782,800,2762,75,0,684,SARIYER,FATÝH SULTAN MEHMET,40664,3,19,153,434,0,0,4,14,0,0,0,291,2837,22,609,0.007754670426506873
685,SARIYER,FERAHEVLER,40665,546,961,534,1777,263,1,685,SARIYER,FERAHEVLER,40665,1,6,55,203,0,0,1,5,0,0,0,150,2041,7,265,0.0034296913277804997
686,SARIYER,GARÝPÇE,191767,19,76,54,146,3,0,686,SARIYER,GARÝPÇE,191767,0,1,6,19,0,0,0,0,0,0,0,7,149,1,26,0.006711409395973154
687,SARIYER,GÜMÜÞDERE,191769,17,352,409,766,12,0,687,SARIYER,GÜMÜÞDERE,191769,1,5,37,107,0,0,0,0,0,0,0,54,778,6,150,0.007712082262210797
688,SARIYER,HUZUR,40700,212,161,178,368,106,77,688,SARIYER,HUZUR,40700,1,4,26,94,0,0,1,3,0,0,1,124,551,5,125,0.009074410163339383
689,SARIYER,ÝSTÝNYE,40666,432,378,688,1261,237,0,689,SARIYER,ÝSTÝNYE,40666,11,30,141,284,8,5,23,44,0,1,1,592,1498,41,466,0.027369826435246995
690,SARIYER,KAZIM KARABEKÝR PAÞA,40667,430,807,304,1508,31,2,690,SARIYER,KAZIM KARABEKÝR PAÞA,40667,2,10,75,217,0,0,2,8,0,0,0,158,1541,12,304,0.007787151200519144
691,SARIYER,KISIRKAYA,191771,0,121,92,213,0,0,691,SARIYER,KISIRKAYA,191771,0,2,12,31,0,0,0,0,0,0,0,28,213,2,45,0.009389671361502348
692,SARIYER,KÝREÇBURNU,40668,380,384,224,917,71,0,692,SARIYER,KÝREÇBURNU,40668,1,2,27,98,0,0,0,1,0,0,0,38,988,3,128,0.003036437246963563
693,SARIYER,KOCATAÞ,40669,228,484,258,968,2,0,693,SARIYER,KOCATAÞ,40669,1,6,46,134,0,0,1,4,0,0,0,80,970,7,187,0.007216494845360825
694,SARIYER,KUMKÖY (KÝLYOS),191773,0,544,766,1288,22,0,694,SARIYER,KUMKÖY (KÝLYOS),191773,1,6,57,173,0,0,0,0,0,0,1,83,1310,7,237,0.0053435114503816794
695,SARIYER,MADEN,40670,513,991,743,2162,85,0,695,SARIYER,MADEN,40670,4,14,111,310,1,1,6,13,0,0,1,268,2247,18,439,0.00801068090787717
696,SARIYER,MASLAK,40704,115,180,347,564,54,24,696,SARIYER,MASLAK,40704,1,6,45,124,1,1,6,15,0,1,1,26,642,7,176,0.010903426791277258
697,SARIYER,PINAR,40672,378,298,854,1424,106,0,697,SARIYER,PINAR,40672,2,9,59,192,1,1,4,10,0,0,0,195,1530,11,262,0.00718954248366013
698,SARIYER,POLÝGON,40673,210,148,360,649,69,0,698,SARIYER,POLÝGON,40673,1,3,28,91,0,0,0,3,0,0,0,98,718,4,123,0.005571030640668524
699,SARIYER,PTT EVLERÝ,40674,162,257,137,479,77,0,699,SARIYER,PTT EVLERÝ,40674,4,9,53,111,2,1,7,14,0,0,0,175,556,13,177,0.023381294964028777
700,SARIYER,REÞÝTPAÞA,40675,1225,637,822,2464,215,5,700,SARIYER,REÞÝTPAÞA,40675,4,18,125,384,1,1,6,18,1,0,1,307,2684,22,531,0.00819672131147541
701,SARIYER,RUMELÝ HÝSARI,40676,558,407,385,1071,276,3,701,SARIYER,RUMELÝ HÝSARI,40676,3,11,77,223,0,0,3,8,0,0,0,195,1350,14,314,0.01037037037037037
702,SARIYER,RUMELÝ KAVAÐI,40677,319,265,181,709,56,0,702,SARIYER,RUMELÝ KAVAÐI,40677,3,9,56,135,0,0,2,6,0,0,0,119,765,12,203,0.01568627450980392
703,SARIYER,RUMELÝFENERÝ,191775,3,353,345,684,17,0,703,SARIYER,RUMELÝFENERÝ,191775,1,3,28,89,0,0,0,0,0,0,0,42,701,4,121,0.005706134094151213
704,SARIYER,SARIYER MERKEZ,40671,715,781,372,1593,275,0,704,SARIYER,SARIYER MERKEZ,40671,15,37,179,380,8,5,25,47,1,1,1,546,1868,52,611,0.027837259100642397
705,SARIYER,TARABYA,40678,365,1330,599,2009,284,1,705,SARIYER,TARABYA,40678,0,4,51,205,0,0,0,1,0,0,1,145,2294,4,260,0.0017436791630340018
706,SARIYER,USKUMRUKÖY,191777,38,1277,1397,2710,2,0,706,SARIYER,USKUMRUKÖY,191777,1,12,123,364,0,0,0,0,1,1,0,184,2712,13,500,0.004793510324483776
707,SARIYER,YENÝ,40679,318,240,154,667,45,0,707,SARIYER,YENÝ,40679,5,11,60,136,2,1,5,11,0,0,0,145,712,16,212,0.02247191011235955
708,SARIYER,YENÝKÖY,40680,904,950,591,2140,299,6,708,SARIYER,YENÝKÖY,40680,2,10,92,287,0,0,2,8,0,0,1,250,2445,12,391,0.0049079754601227
709,SARIYER,ZEKERÝYAKÖY,191779,57,1639,1517,2915,297,1,709,SARIYER,ZEKERÝYAKÖY,191779,1,8,103,360,0,0,0,0,1,1,1,231,3213,9,472,0.0028011204481792717
710,SÝLÝVRÝ,AKÖREN,191835,0,695,440,1129,6,0,710,SÝLÝVRÝ,AKÖREN,191835,4,17,83,199,0,0,0,0,1,0,1,95,1135,21,303,0.018502202643171806
711,SÝLÝVRÝ,ALÝBEY,40920,1,268,668,353,574,10,711,SÝLÝVRÝ,ALÝBEY,40920,8,28,134,330,7,4,24,53,1,1,1,1015,937,36,500,0.0384204909284952
712,SÝLÝVRÝ,ALÝPAÞA,40927,0,456,472,925,3,0,712,SÝLÝVRÝ,ALÝPAÞA,40927,8,31,127,221,0,0,1,3,1,1,1,117,928,39,387,0.04202586206896552
713,SÝLÝVRÝ,BALABAN,40930,17,1842,977,2788,48,0,713,SÝLÝVRÝ,BALABAN,40930,32,118,468,686,0,0,4,9,1,1,2,488,2836,150,1304,0.05289139633286319
714,SÝLÝVRÝ,BEKÝRLÝ,191845,109,56,109,274,0,0,714,SÝLÝVRÝ,BEKÝRLÝ,191845,3,7,24,49,0,0,0,1,0,0,0,28,274,10,83,0.0364963503649635
715,SÝLÝVRÝ,BEYCÝLER,191847,0,565,259,824,0,0,715,SÝLÝVRÝ,BEYCÝLER,191847,4,13,55,131,0,0,1,2,0,0,1,69,824,17,203,0.02063106796116505
716,SÝLÝVRÝ,BÜYÜK ÇAVUÞLU,40941,0,1107,455,1553,5,4,716,SÝLÝVRÝ,BÜYÜK ÇAVUÞLU,40941,9,26,101,239,0,0,3,6,0,1,1,145,1562,35,375,0.02240717029449424
717,SÝLÝVRÝ,BÜYÜK KILIÇLI,16775,0,557,351,905,3,0,717,SÝLÝVRÝ,BÜYÜK KILIÇLI,16775,4,17,75,172,0,0,0,0,0,0,0,85,908,21,268,0.023127753303964757
718,SÝLÝVRÝ,BÜYÜK SÝNEKLÝ,16771,0,238,86,324,0,0,718,SÝLÝVRÝ,BÜYÜK SÝNEKLÝ,16771,3,7,25,55,0,0,0,0,0,0,0,89,324,10,90,0.030864197530864196
719,SÝLÝVRÝ,CUMHURÝYET,40922,0,1541,1015,2431,125,0,719,SÝLÝVRÝ,CUMHURÝYET,40922,34,126,490,678,6,3,22,49,1,2,1,704,2556,160,1328,0.06259780907668232
720,SÝLÝVRÝ,ÇAYIRDERE,191851,316,328,417,1061,0,0,720,SÝLÝVRÝ,ÇAYIRDERE,191851,12,26,73,155,0,0,2,4,0,0,0,104,1061,38,266,0.03581526861451461
721,SÝLÝVRÝ,ÇELTÝK,191837,0,602,265,861,6,0,721,SÝLÝVRÝ,ÇELTÝK,191837,8,31,124,207,0,0,0,1,1,1,1,142,867,39,370,0.04498269896193772
722,SÝLÝVRÝ,DANAMANDIRA,191853,0,342,160,501,1,0,722,SÝLÝVRÝ,DANAMANDIRA,191853,2,5,23,63,0,0,0,1,0,0,0,32,502,7,93,0.013944223107569721
723,SÝLÝVRÝ,FATÝH,40918,5,357,314,465,211,0,723,SÝLÝVRÝ,FATÝH,40918,9,28,104,215,6,4,17,36,0,0,0,454,676,37,356,0.05473372781065089
724,SÝLÝVRÝ,FENER,16765,312,621,446,1376,3,0,724,SÝLÝVRÝ,FENER,16765,13,45,168,316,0,0,2,4,1,1,1,195,1379,58,542,0.04205946337926034
725,SÝLÝVRÝ,FEVZÝPAÞA,40933,14,590,474,1061,16,1,725,SÝLÝVRÝ,FEVZÝPAÞA,40933,7,29,128,242,1,1,5,12,1,1,2,188,1078,36,406,0.03339517625231911
726,SÝLÝVRÝ,GAZÝTEPE,40925,0,526,228,752,2,0,726,SÝLÝVRÝ,GAZÝTEPE,40925,7,28,105,180,0,0,1,3,0,0,0,124,754,35,320,0.046419098143236075
727,SÝLÝVRÝ,GÜMÜÞYAKA,40935,0,2966,1610,4502,74,0,727,SÝLÝVRÝ,GÜMÜÞYAKA,40935,45,186,781,1146,1,0,14,34,2,2,5,946,4576,231,2158,0.05048076923076923
728,SÝLÝVRÝ,HÜRRÝYET,40937,0,0,910,904,6,0,728,SÝLÝVRÝ,HÜRRÝYET,40937,1,16,110,214,0,0,0,0,1,1,0,322,910,17,341,0.01868131868131868
729,SÝLÝVRÝ,ÝSMETPAÞA,40934,149,504,401,1048,6,0,729,SÝLÝVRÝ,ÝSMETPAÞA,40934,7,29,122,229,1,1,4,10,1,1,1,221,1054,36,387,0.03415559772296015
730,SÝLÝVRÝ,KADIKÖY,40939,281,354,294,929,0,0,730,SÝLÝVRÝ,KADIKÖY,40939,12,38,128,224,1,1,4,9,0,0,0,170,929,50,402,0.05382131324004306
731,SÝLÝVRÝ,KAVAKLI,40936,0,0,943,927,16,0,731,SÝLÝVRÝ,KAVAKLI,40936,2,18,119,226,0,0,0,1,1,1,0,153,943,20,365,0.021208907741251327
732,SÝLÝVRÝ,KURFALLI,191855,1,350,148,497,1,1,732,SÝLÝVRÝ,KURFALLI,191855,3,11,39,90,0,0,0,0,0,0,0,48,499,14,143,0.028056112224448898
733,SÝLÝVRÝ,KÜÇÜK KILIÇLI,40924,0,124,117,241,0,0,733,SÝLÝVRÝ,KÜÇÜK KILIÇLI,40924,2,7,28,54,0,0,0,0,0,0,0,30,241,9,91,0.03734439834024896
734,SÝLÝVRÝ,KÜÇÜK SÝNEKLÝ,16779,0,88,13,101,0,0,734,SÝLÝVRÝ,KÜÇÜK SÝNEKLÝ,16779,1,3,8,18,0,0,0,0,0,0,0,11,101,4,30,0.039603960396039604
735,SÝLÝVRÝ,MÝMAR SÝNAN,40923,0,1899,1315,3105,105,4,735,SÝLÝVRÝ,MÝMAR SÝNAN,40923,37,139,559,822,9,3,33,72,1,2,4,1349,3214,176,1557,0.054760423148724334
736,SÝLÝVRÝ,ORTAKÖY,40938,116,859,1002,1950,23,4,736,SÝLÝVRÝ,ORTAKÖY,40938,20,75,307,496,1,1,4,10,1,2,0,353,1977,95,898,0.048052604957005564
737,SÝLÝVRÝ,PÝRÝ MEHMET PAÞA,40919,0,241,527,310,439,19,737,SÝLÝVRÝ,PÝRÝ MEHMET PAÞA,40919,11,30,124,278,6,4,19,40,0,1,1,584,768,41,443,0.053385416666666664
738,SÝLÝVRÝ,SANCAKTEPE,40931,17,1172,914,1996,102,5,738,SÝLÝVRÝ,SANCAKTEPE,40931,23,85,341,526,1,0,7,15,1,1,2,453,2103,108,975,0.05135520684736091
739,SÝLÝVRÝ,SAYALAR,191859,0,319,251,570,0,0,739,SÝLÝVRÝ,SAYALAR,191859,4,10,32,75,0,0,1,3,0,0,0,43,570,14,121,0.02456140350877193
740,SÝLÝVRÝ,SELÝMPAÞA,40940,0,1371,3583,4723,231,0,740,SÝLÝVRÝ,SELÝMPAÞA,40940,31,165,814,1319,5,2,23,64,3,5,5,1515,4954,196,2329,0.03956398869600323
741,SÝLÝVRÝ,SEMÝZKUMLAR,40926,0,2739,2671,5369,39,2,741,SÝLÝVRÝ,SEMÝZKUMLAR,40926,52,216,926,1347,3,0,9,20,1,2,3,1093,5410,268,2541,0.04953789279112754
742,SÝLÝVRÝ,SEYMEN,191841,0,562,340,895,7,0,742,SÝLÝVRÝ,SEYMEN,191841,5,19,82,180,0,0,0,0,0,0,0,88,902,24,286,0.026607538802660754
743,SÝLÝVRÝ,YENÝ,40921,0,751,1085,1385,348,103,743,SÝLÝVRÝ,YENÝ,40921,17,64,274,518,10,3,46,104,1,2,3,1964,1836,81,873,0.04411764705882353
744,SÝLÝVRÝ,YOLÇATI,40932,0,302,124,426,0,0,744,SÝLÝVRÝ,YOLÇATI,40932,4,14,54,97,0,0,0,0,0,0,0,64,426,18,169,0.04225352112676056
745,SULTANBEYLÝ,ABDURRAHMANGAZÝ,40949,117,2143,669,2481,436,12,745,SULTANBEYLÝ,ABDURRAHMANGAZÝ,40949,14,68,389,781,11,7,36,85,1,1,2,1763,2929,82,1252,0.02799590303857972
746,SULTANBEYLÝ,ADÝL,40943,2,719,538,939,290,30,746,SULTANBEYLÝ,ADÝL,40943,2,12,96,265,0,0,5,19,0,0,1,578,1259,14,375,0.011119936457505957
747,SULTANBEYLÝ,AHMET YESEVÝ,40942,22,2165,619,2407,392,7,747,SULTANBEYLÝ,AHMET YESEVÝ,40942,8,45,292,677,6,2,23,57,0,0,1,1305,2806,53,1022,0.018888096935138987
748,SULTANBEYLÝ,AKÞEMSETTÝN,40956,1,944,681,1534,92,0,748,SULTANBEYLÝ,AKÞEMSETTÝN,40956,4,29,182,377,2,1,11,30,0,0,1,631,1626,33,592,0.02029520295202952
749,SULTANBEYLÝ,BATTALGAZÝ,40944,3,2151,1213,3007,345,15,749,SULTANBEYLÝ,BATTALGAZÝ,40944,9,58,368,789,4,2,23,63,1,1,2,1470,3367,67,1224,0.0198990198990199
750,SULTANBEYLÝ,FATÝH,40951,0,1702,416,1970,148,0,750,SULTANBEYLÝ,FATÝH,40951,6,40,256,518,5,2,20,48,0,0,1,1112,2118,46,820,0.021718602455146365
751,SULTANBEYLÝ,HAMÝDÝYE,40952,3,1923,786,2572,140,0,751,SULTANBEYLÝ,HAMÝDÝYE,40952,12,67,379,702,10,6,36,83,1,1,2,1651,2712,79,1160,0.029129793510324485
752,SULTANBEYLÝ,HASANPAÞA,40948,5,1112,651,1512,248,8,752,SULTANBEYLÝ,HASANPAÞA,40948,6,36,217,461,4,3,17,42,0,0,1,955,1768,42,720,0.023755656108597284
753,SULTANBEYLÝ,MECÝDÝYE,40945,12,1828,646,2230,254,2,753,SULTANBEYLÝ,MECÝDÝYE,40945,7,42,260,568,4,3,17,46,0,1,2,1075,2486,49,877,0.019710378117457763
754,SULTANBEYLÝ,MEHMET AKÝF,40950,265,1791,733,2298,487,4,754,SULTANBEYLÝ,MEHMET AKÝF,40950,12,60,362,743,10,5,34,78,1,1,2,1581,2789,72,1177,0.025815704553603443
755,SULTANBEYLÝ,MÝMAR SÝNAN,40946,1,1100,1184,2150,121,14,755,SULTANBEYLÝ,MÝMAR SÝNAN,40946,3,26,178,436,0,0,5,24,1,1,2,626,2285,29,643,0.012691466083150985
756,SULTANBEYLÝ,NECÝP FAZIL,40954,0,1174,797,1900,70,1,756,SULTANBEYLÝ,NECÝP FAZIL,40954,8,52,285,512,5,2,21,51,1,1,2,1082,1971,60,857,0.030441400304414
757,SULTANBEYLÝ,ORHANGAZÝ,40955,0,1034,556,1538,52,0,757,SULTANBEYLÝ,ORHANGAZÝ,40955,7,41,223,410,6,3,22,51,1,1,1,918,1590,48,681,0.03018867924528302
758,SULTANBEYLÝ,TURGUT REÝS,40947,27,1368,463,1513,344,1,758,SULTANBEYLÝ,TURGUT REÝS,40947,3,23,168,417,1,0,10,29,0,0,1,742,1858,26,611,0.013993541442411194
759,SULTANBEYLÝ,YAVUZ SELÝM,40953,0,1662,685,2268,79,0,759,SULTANBEYLÝ,YAVUZ SELÝM,40953,8,49,294,569,5,2,20,50,0,1,1,1146,2347,57,920,0.024286322965487855
760,SULTANGAZÝ,50. YIL,40471,212,2975,926,1346,2765,2,760,SULTANGAZÝ,50. YIL,40471,10,32,278,1045,14,7,45,105,1,1,2,1779,4113,42,1365,0.010211524434719184
761,SULTANGAZÝ,75. YIL,40467,207,529,676,341,1071,0,761,SULTANGAZÝ,75. YIL,40467,2,5,47,262,2,0,8,22,0,0,1,387,1412,7,316,0.004957507082152974
762,SULTANGAZÝ,CEBECÝ,40474,512,2700,1307,2258,2258,3,762,SULTANGAZÝ,CEBECÝ,40474,7,30,256,923,5,2,21,56,1,1,1,1347,4519,37,1216,0.008187652135428191
763,SULTANGAZÝ,CUMHURÝYET,40465,61,423,193,170,507,0,763,SULTANGAZÝ,CUMHURÝYET,40465,1,2,25,134,1,0,4,10,0,0,0,189,677,3,162,0.004431314623338257
764,SULTANGAZÝ,ESENTEPE,40470,95,2026,1414,1552,1978,5,764,SULTANGAZÝ,ESENTEPE,40470,4,19,160,686,3,1,17,48,0,1,1,1114,3535,23,869,0.006506364922206506
765,SULTANGAZÝ,ESKÝ HABÝPLER,40356,117,257,395,601,148,20,765,SULTANGAZÝ,ESKÝ HABÝPLER,40356,1,6,37,120,0,0,0,4,0,0,0,139,769,7,164,0.009102730819245773
766,SULTANGAZÝ,GAZÝ,40469,764,673,650,1290,797,0,766,SULTANGAZÝ,GAZÝ,40469,6,24,121,404,6,4,20,46,0,0,1,793,2087,30,555,0.014374700527072353
767,SULTANGAZÝ,HABÝBLER,40477,161,891,851,1877,24,2,767,SULTANGAZÝ,HABÝBLER,40477,3,19,91,275,0,0,0,8,0,0,0,137,1903,22,388,0.011560693641618497
768,SULTANGAZÝ,ÝSMETPAÞA,40475,399,1735,911,1047,1996,2,768,SULTANGAZÝ,ÝSMETPAÞA,40475,4,13,138,611,5,2,17,45,0,0,1,980,3045,17,766,0.005582922824302135
769,SULTANGAZÝ,MALKOÇOÐLU,40476,1,531,236,279,489,0,769,SULTANGAZÝ,MALKOÇOÐLU,40476,0,2,26,134,0,0,2,6,0,0,0,163,768,2,162,0.0026041666666666665
770,SULTANGAZÝ,SULTANÇÝFTLÝÐÝ,40472,385,1143,675,813,1388,2,770,SULTANGAZÝ,SULTANÇÝFTLÝÐÝ,40472,3,10,104,454,4,1,14,35,0,0,1,641,2203,13,571,0.005901044030866999
771,SULTANGAZÝ,UÐUR MUMCU,40473,421,1398,738,951,1598,8,771,SULTANGAZÝ,UÐUR MUMCU,40473,8,25,206,713,11,5,33,76,1,1,1,1207,2557,33,952,0.012905748924520923
772,SULTANGAZÝ,YAYLA,40377,33,823,491,1307,40,0,772,SULTANGAZÝ,YAYLA,40377,2,11,77,211,0,0,1,6,0,0,0,188,1347,13,301,0.009651076466221232
773,SULTANGAZÝ,YUNUS EMRE,40466,362,649,905,627,1289,0,773,SULTANGAZÝ,YUNUS EMRE,40466,2,9,74,360,3,2,14,37,0,0,1,667,1916,11,445,0.005741127348643006
774,SULTANGAZÝ,ZÜBEYDE HANIM,40468,772,1668,656,2358,738,0,774,SULTANGAZÝ,ZÜBEYDE HANIM,40468,8,38,164,552,3,3,21,52,0,0,1,793,3096,46,762,0.014857881136950904
775,ÞÝLE,AÐAÇDERE,191927,5,60,15,80,0,0,775,ÞÝLE,AÐAÇDERE,191927,0,1,5,13,0,0,0,0,0,0,0,6,80,1,19,0.0125
776,ÞÝLE,AÐVA MERKEZ,40961,200,508,151,844,15,0,776,ÞÝLE,AÐVA MERKEZ,40961,1,4,39,117,0,0,0,0,0,1,1,40,859,5,161,0.005820721769499418
777,ÞÝLE,AHMETLÝ,191861,20,519,324,846,17,0,777,ÞÝLE,AHMETLÝ,191861,2,6,38,110,0,0,0,0,1,1,1,41,863,8,156,0.009269988412514484
778,ÞÝLE,AKÇAKESE,191863,5,338,27,368,2,0,778,ÞÝLE,AKÇAKESE,191863,0,2,12,40,0,0,0,0,0,0,0,12,370,2,54,0.005405405405405406
779,ÞÝLE,ALACALI,191947,0,36,512,548,0,0,779,ÞÝLE,ALACALI,191947,0,1,15,53,0,0,0,0,0,0,0,13,548,1,69,0.0018248175182481751
780,ÞÝLE,AVCIKORU,191949,29,72,26,127,0,0,780,ÞÝLE,AVCIKORU,191949,0,1,6,17,0,0,0,0,0,0,0,5,127,1,24,0.007874015748031496
781,ÞÝLE,BALÝBEY,40960,47,939,831,1781,36,0,781,ÞÝLE,BALÝBEY,40960,0,3,50,185,0,0,0,0,0,1,1,49,1817,3,238,0.001651073197578426
782,ÞÝLE,BIÇKIDERE,191951,37,130,18,185,0,0,782,ÞÝLE,BIÇKIDERE,191951,1,3,14,33,0,0,0,1,0,0,0,16,185,4,51,0.021621621621621623
783,ÞÝLE,BOZGOCA,16785,4,79,13,96,0,0,783,ÞÝLE,BOZGOCA,16785,0,0,3,9,0,0,0,0,0,0,0,2,96,0,12,0.0
784,ÞÝLE,BUCAKLI,191897,38,208,39,284,1,0,784,ÞÝLE,BUCAKLI,191897,0,1,10,33,0,0,0,0,0,0,0,10,285,1,44,0.0035087719298245615
785,ÞÝLE,ÇATAKLI,191899,47,46,25,118,0,0,785,ÞÝLE,ÇATAKLI,191899,1,1,7,18,0,0,0,0,0,0,0,9,118,2,27,0.01694915254237288
786,ÞÝLE,ÇAVUÞ,40959,171,1156,451,1586,192,0,786,ÞÝLE,ÇAVUÞ,40959,1,5,62,209,0,0,0,0,1,1,1,130,1778,6,277,0.003374578177727784
787,ÞÝLE,ÇAYIRBAÞI,191867,0,415,148,557,6,0,787,ÞÝLE,ÇAYIRBAÞI,191867,0,2,17,60,0,0,0,0,0,0,0,18,563,2,79,0.003552397868561279
788,ÞÝLE,ÇELEBÝ,191901,0,114,39,153,0,0,788,ÞÝLE,ÇELEBÝ,191901,0,0,4,15,0,0,0,0,0,0,0,4,153,0,19,0.0
789,ÞÝLE,ÇENGÝLLÝ,191929,0,95,12,107,0,0,789,ÞÝLE,ÇENGÝLLÝ,191929,0,2,7,19,0,0,0,0,0,0,0,9,107,2,28,0.018691588785046728
790,ÞÝLE,DARLIK,191869,0,42,17,59,0,0,790,ÞÝLE,DARLIK,191869,0,1,4,11,0,0,0,0,0,0,0,5,59,1,16,0.01694915254237288
791,ÞÝLE,DEÐÝRMENÇAYIRI,191931,0,225,101,326,0,0,791,ÞÝLE,DEÐÝRMENÇAYIRI,191931,1,6,26,63,0,0,0,0,0,0,0,30,326,7,96,0.02147239263803681
792,ÞÝLE,DOÐANCILI,191953,0,0,714,710,4,0,792,ÞÝLE,DOÐANCILI,191953,0,1,16,63,0,0,0,0,0,0,1,14,714,1,80,0.0014005602240896359
793,ÞÝLE,ERENLER,191871,0,41,6,47,0,0,793,ÞÝLE,ERENLER,191871,0,0,2,5,0,0,0,0,0,0,0,2,47,0,7,0.0
794,ÞÝLE,ESENCELÝ,191955,8,25,16,49,0,0,794,ÞÝLE,ESENCELÝ,191955,0,1,3,8,0,0,0,0,0,0,0,4,49,1,12,0.02040816326530612
795,ÞÝLE,GEREDELÝ,191903,24,454,103,581,0,0,795,ÞÝLE,GEREDELÝ,191903,1,4,24,72,0,0,0,0,0,0,0,28,581,5,101,0.008605851979345954
796,ÞÝLE,GÖÇE,191905,62,213,63,337,1,0,796,ÞÝLE,GÖÇE,191905,1,2,13,40,0,0,0,0,0,0,0,16,338,3,56,0.008875739644970414
797,ÞÝLE,GÖKMAÞLI,16807,49,94,8,151,0,0,797,ÞÝLE,GÖKMAÞLI,16807,0,1,8,22,0,0,0,0,0,0,0,7,151,1,31,0.006622516556291391
798,ÞÝLE,GÖKSU,191909,48,130,24,202,0,0,798,ÞÝLE,GÖKSU,191909,1,3,12,32,0,0,0,0,0,0,0,14,202,4,48,0.019801980198019802
799,ÞÝLE,HACI KASIM,40958,82,173,19,240,34,0,799,ÞÝLE,HACI KASIM,40958,0,0,7,29,0,0,0,0,0,0,0,10,274,0,36,0.0
800,ÞÝLE,HACILLI,191911,4,101,18,123,0,0,800,ÞÝLE,HACILLI,191911,0,2,8,20,0,0,0,0,0,0,0,10,123,2,30,0.016260162601626018
801,ÞÝLE,HASANLI,191933,1,122,33,156,0,0,801,ÞÝLE,HASANLI,191933,1,2,9,26,0,0,0,0,0,0,0,12,156,3,38,0.019230769230769232
802,ÞÝLE,ÝMRENDERE,191873,0,384,29,411,2,0,802,ÞÝLE,ÝMRENDERE,191873,0,2,15,48,0,0,0,0,0,0,0,10,413,2,65,0.004842615012106538
803,ÞÝLE,ÝMRENLÝ,191875,7,358,126,487,4,0,803,ÞÝLE,ÝMRENLÝ,191875,0,2,14,49,0,0,0,0,0,0,0,10,491,2,65,0.004073319755600814
804,ÞÝLE,ÝSAKÖY,191913,45,51,30,126,0,0,804,ÞÝLE,ÝSAKÖY,191913,1,1,10,20,0,0,0,0,0,0,0,11,126,2,32,0.015873015873015872
805,ÞÝLE,KABAKOZ,191877,7,444,185,631,5,0,805,ÞÝLE,KABAKOZ,191877,1,4,23,75,0,0,0,0,0,0,0,19,636,5,103,0.007861635220125786
806,ÞÝLE,KADIKÖY,191915,0,83,11,94,0,0,806,ÞÝLE,KADIKÖY,191915,0,0,2,9,0,0,0,0,0,0,0,2,94,0,11,0.0
807,ÞÝLE,KALEM,191917,55,116,26,197,0,0,807,ÞÝLE,KALEM,191917,0,1,9,28,0,0,0,0,0,0,0,10,197,1,38,0.005076142131979695
808,ÞÝLE,KARABEYLÝ,191879,1,116,15,131,1,0,808,ÞÝLE,KARABEYLÝ,191879,0,1,6,18,0,0,0,0,0,0,0,7,132,1,25,0.007575757575757576
809,ÞÝLE,KARACAKÖY,191881,4,205,61,268,2,0,809,ÞÝLE,KARACAKÖY,191881,0,1,7,25,0,0,0,0,0,0,0,6,270,1,33,0.003703703703703704
810,ÞÝLE,KARAKÝRAZ,191957,12,182,45,239,0,0,810,ÞÝLE,KARAKÝRAZ,191957,0,1,7,23,0,0,0,0,0,0,0,5,239,1,31,0.0041841004184100415
811,ÞÝLE,KARAMANDERE,191883,6,127,26,159,0,0,811,ÞÝLE,KARAMANDERE,191883,0,1,6,18,0,0,0,0,0,0,0,8,159,1,25,0.006289308176100629
812,ÞÝLE,KERVANSARAY,191959,15,118,24,157,0,0,812,ÞÝLE,KERVANSARAY,191959,0,1,7,19,0,0,0,0,0,0,0,7,157,1,27,0.006369426751592357
813,ÞÝLE,KIZILCA,191885,140,158,83,370,11,0,813,ÞÝLE,KIZILCA,191885,1,3,16,49,0,0,0,0,0,0,0,16,381,4,69,0.010498687664041995
814,ÞÝLE,KORUCU,191887,3,105,22,130,0,0,814,ÞÝLE,KORUCU,191887,0,1,4,13,0,0,0,0,0,0,0,4,130,1,18,0.007692307692307693
815,ÞÝLE,KÖMÜRLÜK,191961,27,72,12,111,0,0,815,ÞÝLE,KÖMÜRLÜK,191961,0,0,2,9,0,0,0,0,0,0,0,2,111,0,11,0.0
816,ÞÝLE,KUMBABA,40957,0,717,422,1137,2,0,816,ÞÝLE,KUMBABA,40957,1,5,52,154,0,0,0,0,1,1,1,56,1139,6,212,0.0052677787532923615
817,ÞÝLE,KURFALLI,191919,0,50,236,285,1,0,817,ÞÝLE,KURFALLI,191919,0,1,9,30,0,0,0,0,0,0,0,7,286,1,40,0.0034965034965034965
818,ÞÝLE,KURNA,191963,16,201,37,253,1,0,818,ÞÝLE,KURNA,191963,0,0,5,21,0,0,0,0,0,0,0,4,254,0,26,0.0
819,ÞÝLE,MEÞRUTÝYET,191889,2,262,109,364,9,0,819,ÞÝLE,MEÞRUTÝYET,191889,0,1,12,40,0,0,0,0,0,0,0,11,373,1,53,0.002680965147453083
820,ÞÝLE,ORUÇOÐLU,191965,47,124,22,193,0,0,820,ÞÝLE,ORUÇOÐLU,191965,1,3,16,36,0,0,0,0,0,0,0,19,193,4,56,0.02072538860103627
821,ÞÝLE,OSMANKÖY,191935,6,118,14,138,0,0,821,ÞÝLE,OSMANKÖY,191935,1,2,8,20,0,0,0,0,0,0,0,10,138,3,31,0.021739130434782608
822,ÞÝLE,OVACIK,191891,2,71,24,97,0,0,822,ÞÝLE,OVACIK,191891,0,1,4,12,0,0,0,0,0,0,0,4,97,1,17,0.010309278350515464
823,ÞÝLE,SAHÝLKÖY,191967,4,10,977,991,0,0,823,ÞÝLE,SAHÝLKÖY,191967,0,2,26,94,0,0,0,0,0,0,0,23,991,2,122,0.0020181634712411706
824,ÞÝLE,SATMAZLI,191893,3,196,42,241,0,0,824,ÞÝLE,SATMAZLI,191893,1,2,10,30,0,0,0,0,0,0,0,11,241,3,43,0.012448132780082987
825,ÞÝLE,SOFULAR,191969,12,125,72,209,0,0,825,ÞÝLE,SOFULAR,191969,0,0,5,19,0,0,0,0,0,0,0,5,209,0,24,0.0
826,ÞÝLE,SOÐULLU,191921,68,59,8,135,0,0,826,ÞÝLE,SOÐULLU,191921,1,2,9,23,0,0,0,0,0,0,0,10,135,3,35,0.022222222222222223
827,ÞÝLE,SORTULLU,191937,0,48,4,52,0,0,827,ÞÝLE,SORTULLU,191937,0,1,3,8,0,0,0,0,0,0,0,5,52,1,12,0.019230769230769232
828,ÞÝLE,ÞUAYÝPLÝ,191923,37,69,125,231,0,0,828,ÞÝLE,ÞUAYÝPLÝ,191923,0,0,7,25,0,0,0,0,0,0,0,6,231,0,32,0.0
829,ÞÝLE,TEKE,16816,3,226,36,265,0,0,829,ÞÝLE,TEKE,16816,1,3,16,41,0,0,0,0,0,0,0,20,265,4,61,0.01509433962264151
830,ÞÝLE,ULUPELÝT,191971,0,139,29,168,0,0,830,ÞÝLE,ULUPELÝT,191971,1,2,10,27,0,0,0,0,0,0,0,12,168,3,40,0.017857142857142856
831,ÞÝLE,ÜVEZLÝ,191973,5,161,84,250,0,0,831,ÞÝLE,ÜVEZLÝ,191973,0,0,4,16,0,0,0,0,0,0,0,3,250,0,20,0.0
832,ÞÝLE,YAKA,191939,0,85,18,103,0,0,832,ÞÝLE,YAKA,191939,1,2,8,19,0,0,0,0,0,0,0,10,103,3,30,0.02912621359223301
833,ÞÝLE,YAYLALI,191941,0,48,9,56,1,0,833,ÞÝLE,YAYLALI,191941,0,1,3,9,0,0,0,0,0,0,0,4,57,1,13,0.017543859649122806
834,ÞÝLE,YAZIMANAYIR,191943,4,107,11,122,0,0,834,ÞÝLE,YAZIMANAYIR,191943,0,2,7,20,0,0,0,0,0,0,0,9,122,2,29,0.01639344262295082
835,ÞÝLE,YENÝKÖY,191895,0,142,15,156,1,0,835,ÞÝLE,YENÝKÖY,191895,0,1,7,20,0,0,0,0,0,0,0,10,157,1,28,0.006369426751592357
836,ÞÝLE,YEÞÝLVADÝ,191945,5,111,20,136,0,0,836,ÞÝLE,YEÞÝLVADÝ,191945,0,1,4,13,0,0,0,0,0,0,0,4,136,1,18,0.007352941176470588
837,ÞÝÞLÝ,19.May,40685,389,190,49,90,437,101,837,ÞÝÞLÝ,19 MAYIS,40685,2,5,24,131,2,1,7,14,0,0,0,145,628,7,162,0.011146496815286623
838,ÞÝÞLÝ,BOZKURT,40687,480,377,32,148,710,31,838,ÞÝÞLÝ,BOZKURT,40687,3,7,37,187,2,1,6,13,0,0,0,174,889,10,234,0.01124859392575928
839,ÞÝÞLÝ,CUMHURÝYET,40688,278,241,56,94,425,56,839,ÞÝÞLÝ,CUMHURÝYET,40688,2,4,21,122,2,1,5,10,0,0,0,96,575,6,149,0.010434782608695653
840,ÞÝÞLÝ,DUATEPE,40689,264,291,18,69,496,8,840,ÞÝÞLÝ,DUATEPE,40689,2,4,22,118,1,1,5,9,0,0,0,115,573,6,146,0.010471204188481676
841,ÞÝÞLÝ,ERGENEKON,40690,165,272,22,193,190,76,841,ÞÝÞLÝ,ERGENEKON,40690,1,5,23,98,1,1,3,6,0,0,0,48,459,6,127,0.013071895424836602
842,ÞÝÞLÝ,ESENTEPE,40691,486,194,88,319,351,98,842,ÞÝÞLÝ,ESENTEPE,40691,2,7,33,145,0,0,3,10,1,0,1,116,768,9,187,0.01171875
843,ÞÝÞLÝ,ESKÝÞEHÝR,40692,502,523,97,510,595,17,843,ÞÝÞLÝ,ESKÝÞEHÝR,40692,4,14,69,248,3,2,8,17,0,0,0,286,1122,18,335,0.016042780748663103
844,ÞÝÞLÝ,FERÝKÖY,40693,383,377,88,148,693,7,844,ÞÝÞLÝ,FERÝKÖY,40693,3,7,37,182,3,2,8,17,0,0,0,229,848,10,229,0.01179245283018868
845,ÞÝÞLÝ,FULYA,40694,426,379,63,126,656,86,845,ÞÝÞLÝ,FULYA,40694,2,5,26,166,3,1,10,20,0,1,1,192,868,7,199,0.008064516129032258
846,ÞÝÞLÝ,GÜLBAHAR,40695,437,429,89,216,618,121,846,ÞÝÞLÝ,GÜLBAHAR,40695,2,7,37,176,3,1,9,19,0,0,0,313,955,9,222,0.009424083769633508
847,ÞÝÞLÝ,HALASKARGAZÝ,40698,230,91,34,55,261,39,847,ÞÝÞLÝ,HALASKARGAZÝ,40698,1,3,15,80,0,0,2,4,0,0,0,31,355,4,99,0.011267605633802818
848,ÞÝÞLÝ,HALÝDE EDÝP ADIVAR,40696,240,454,90,210,537,37,848,ÞÝÞLÝ,HALÝDE EDÝP ADIVAR,40696,2,6,33,154,2,0,6,15,0,0,0,266,784,8,195,0.01020408163265306
849,ÞÝÞLÝ,HALÝL RIFAT PAÞA,40697,83,249,49,258,123,0,849,ÞÝÞLÝ,HALÝL RIFAT PAÞA,40697,1,5,22,80,1,0,3,7,0,0,0,101,381,6,108,0.015748031496062992
850,ÞÝÞLÝ,HARBÝYE,40699,142,129,53,116,159,49,850,ÞÝÞLÝ,HARBÝYE,40699,1,3,15,68,0,0,1,3,0,0,0,39,324,4,87,0.012345679012345678
851,ÞÝÞLÝ,ÝNÖNÜ,40711,411,320,56,470,270,47,851,ÞÝÞLÝ,ÝNÖNÜ,40711,3,11,49,172,1,0,3,7,0,0,0,104,787,14,235,0.017789072426937738
852,ÞÝÞLÝ,ÝZZET PAÞA,40712,345,242,16,199,389,15,852,ÞÝÞLÝ,ÝZZET PAÞA,40712,2,6,30,118,2,1,5,10,0,0,0,158,603,8,156,0.013266998341625208
853,ÞÝÞLÝ,KAPTANPAÞA,40701,49,30,22,54,23,24,853,ÞÝÞLÝ,KAPTANPAÞA,40701,0,1,5,20,0,0,1,2,0,0,0,54,101,1,26,0.009900990099009901
854,ÞÝÞLÝ,KUÞTEPE,40702,993,701,66,1335,404,21,854,ÞÝÞLÝ,KUÞTEPE,40702,5,22,104,343,4,3,13,29,0,0,0,397,1760,27,474,0.01534090909090909
855,ÞÝÞLÝ,MAHMUT ÞEVKET PAÞA,40703,606,502,40,335,795,18,855,ÞÝÞLÝ,MAHMUT ÞEVKET PAÞA,40703,4,13,64,255,5,3,15,31,0,0,1,440,1148,17,336,0.014808362369337979
856,ÞÝÞLÝ,MECÝDÝYEKÖY,40705,612,437,46,306,694,95,856,ÞÝÞLÝ,MECÝDÝYEKÖY,40705,3,8,42,206,4,1,11,24,0,0,0,286,1095,11,259,0.01004566210045662
857,ÞÝÞLÝ,MERKEZ,40706,839,451,89,301,1007,71,857,ÞÝÞLÝ,MERKEZ,40706,4,10,54,284,3,1,10,21,1,1,1,194,1379,14,352,0.01015228426395939
858,ÞÝÞLÝ,MEÞRUTÝYET,40707,600,300,41,96,764,81,858,ÞÝÞLÝ,MEÞRUTÝYET,40707,7,13,58,263,4,2,10,18,0,0,0,188,941,20,341,0.021253985122210415
859,ÞÝÞLÝ,PAÞA,40708,682,618,221,891,623,7,859,ÞÝÞLÝ,PAÞA,40708,5,21,93,325,4,2,12,27,0,0,1,410,1521,26,444,0.017094017094017096
860,ÞÝÞLÝ,TEÞVÝKÝYE,40709,449,369,58,145,656,75,860,ÞÝÞLÝ,TEÞVÝKÝYE,40709,3,6,30,180,2,1,7,15,0,0,0,155,876,9,219,0.010273972602739725
861,ÞÝÞLÝ,YAYLA,40710,510,321,118,553,391,5,861,ÞÝÞLÝ,YAYLA,40710,4,14,65,212,3,2,9,20,0,0,0,308,949,18,295,0.018967334035827187
862,TUZLA,AKFIRAT,40725,0,0,480,475,5,0,862,TUZLA,AKFIRAT,40725,1,11,65,117,0,0,0,2,0,0,0,142,480,12,194,0.025
863,TUZLA,ANADOLU,40730,0,40,160,193,7,0,863,TUZLA,ANADOLU,40730,0,4,23,48,0,0,0,1,0,0,0,43,200,4,75,0.02
864,TUZLA,AYDINLI,40720,158,2730,2258,4130,844,172,864,TUZLA,AYDINLI,40720,41,176,821,1481,22,12,87,188,2,3,9,3467,5146,217,2519,0.04216867469879518
865,TUZLA,AYDINTEPE,40717,140,699,615,744,592,118,865,TUZLA,AYDINTEPE,40717,11,38,191,458,12,6,34,72,1,1,2,1119,1454,49,698,0.03370013755158184
866,TUZLA,CAMÝ,40724,170,457,283,809,100,1,866,TUZLA,CAMÝ,40724,26,73,250,278,11,6,33,61,1,1,2,729,910,99,627,0.1087912087912088
867,TUZLA,EVLÝYA ÇELEBÝ,40718,88,590,554,871,360,1,867,TUZLA,EVLÝYA ÇELEBÝ,40718,19,65,255,395,9,4,27,56,1,1,3,931,1232,84,734,0.06818181818181818
868,TUZLA,FATÝH,40731,0,61,271,303,29,0,868,TUZLA,FATÝH,40731,1,5,32,72,0,0,0,0,0,0,0,43,332,6,110,0.018072289156626505
869,TUZLA,ÝÇMELER,40716,269,713,198,908,271,1,869,TUZLA,ÝÇMELER,40716,14,43,193,344,8,5,27,54,0,0,1,725,1180,57,594,0.048305084745762714
870,TUZLA,ÝSTASYON,40723,301,398,664,894,469,0,870,TUZLA,ÝSTASYON,40723,46,98,312,450,29,19,80,149,1,2,5,1930,1363,144,906,0.10564930300807043
871,TUZLA,MESCÝT,40732,13,41,638,625,67,0,871,TUZLA,MESCÝT,40732,5,27,123,197,1,1,7,17,1,1,2,371,692,32,352,0.046242774566473986
872,TUZLA,MÝMAR SÝNAN,40721,240,1582,490,1998,262,52,872,TUZLA,MÝMAR SÝNAN,40721,77,199,586,717,57,43,159,293,1,2,5,3143,2312,276,1579,0.11937716262975778
873,TUZLA,ORHANLI,40728,81,89,1675,1693,148,4,873,TUZLA,ORHANLI,40728,12,72,332,526,1,1,6,12,0,1,4,157,1845,84,942,0.04552845528455285
874,TUZLA,ORTA,40729,2,11,967,762,216,2,874,TUZLA,ORTA,40729,3,24,138,274,1,0,4,13,0,1,1,429,980,27,439,0.027551020408163266
875,TUZLA,POSTANE,40719,719,1416,1223,3061,288,9,875,TUZLA,POSTANE,40719,56,183,737,1001,17,10,65,130,2,2,6,1878,3358,239,1977,0.07117331745086361
876,TUZLA,ÞÝFA,40722,234,1538,584,1844,483,29,876,TUZLA,ÞÝFA,40722,103,238,673,733,81,50,218,392,2,2,6,4163,2356,341,1747,0.14473684210526316
877,TUZLA,TEPEÖREN,40726,78,188,2515,2699,81,1,877,TUZLA,TEPEÖREN,40726,8,49,287,595,0,0,2,4,1,1,0,332,2781,57,939,0.020496224379719527
878,TUZLA,YAYLA,40715,387,583,740,1105,598,7,878,TUZLA,YAYLA,40715,23,65,292,553,19,12,59,121,1,1,2,1815,1710,88,933,0.05146198830409357
879,ÜMRANÝYE,ADEM YAVUZ,98684,390,927,342,1383,254,22,879,ÜMRANÝYE,ADEM YAVUZ,98684,5,24,137,356,2,1,12,28,0,0,1,599,1659,29,522,0.017480409885473176
880,ÜMRANÝYE,ALTINÞEHÝR,98685,180,1020,647,938,895,14,880,ÜMRANÝYE,ALTINÞEHÝR,98685,3,15,126,418,3,1,12,31,1,1,1,694,1847,18,562,0.009745533297238766
881,ÜMRANÝYE,ARMAÐANEVLER,98686,240,499,947,562,1002,122,881,ÜMRANÝYE,ARMAÐANEVLER,98686,2,9,87,346,1,0,9,26,0,0,1,678,1686,11,444,0.006524317912218268
882,ÜMRANÝYE,AÞAÐI DUDULLU,40742,111,845,408,1113,224,27,882,ÜMRANÝYE,AÞAÐI DUDULLU,40742,5,26,151,337,2,1,11,26,0,0,1,497,1364,31,519,0.022727272727272728
883,ÜMRANÝYE,ATAKENT,40748,24,548,416,656,290,42,883,ÜMRANÝYE,ATAKENT,40748,1,6,57,197,0,0,4,14,0,0,0,412,988,7,261,0.00708502024291498
884,ÜMRANÝYE,ATATÜRK,40735,366,518,465,519,770,60,884,ÜMRANÝYE,ATATÜRK,40735,2,7,68,276,2,1,9,23,0,0,0,423,1349,9,353,0.006671608598962194
885,ÜMRANÝYE,CEMÝL MERÝÇ,98688,325,2024,531,2618,241,21,885,ÜMRANÝYE,CEMÝL MERÝÇ,98688,14,56,284,644,7,7,24,57,1,1,1,1014,2880,70,998,0.024305555555555556
886,ÜMRANÝYE,ÇAKMAK,40738,150,464,908,394,1071,57,886,ÜMRANÝYE,ÇAKMAK,40738,1,5,52,275,0,0,5,18,0,0,1,424,1522,6,333,0.003942181340341655
887,ÜMRANÝYE,ÇAMLIK,98689,4,344,625,277,613,83,887,ÜMRANÝYE,ÇAMLIK,98689,0,3,28,161,0,0,2,8,0,0,0,209,973,3,192,0.003083247687564234
888,ÜMRANÝYE,DUMLUPINAR,98690,276,1674,517,2417,49,1,888,ÜMRANÝYE,DUMLUPINAR,98690,5,29,163,434,0,0,9,23,0,0,1,460,2467,34,631,0.013781921361978111
889,ÜMRANÝYE,ELMALIKENT,98691,90,1589,399,1816,220,42,889,ÜMRANÝYE,ELMALIKENT,98691,3,20,141,383,0,0,8,24,0,0,1,599,2078,23,547,0.011068334937439845
890,ÜMRANÝYE,ESENEVLER,98692,74,473,610,374,727,56,890,ÜMRANÝYE,ESENEVLER,98692,1,3,37,196,0,0,3,13,0,0,0,285,1157,4,237,0.003457216940363008
891,ÜMRANÝYE,ESENKENT,98709,40,997,1017,1434,601,19,891,ÜMRANÝYE,ESENKENT,98709,3,21,163,462,0,0,4,18,1,1,2,580,2054,24,649,0.011684518013631937
892,ÜMRANÝYE,ESENÞEHÝR,40747,157,894,601,1077,553,22,892,ÜMRANÝYE,ESENÞEHÝR,40747,5,24,163,414,4,1,13,31,1,1,1,692,1652,29,606,0.017554479418886198
893,ÜMRANÝYE,FATÝH SULTAN MEHMET,98693,15,57,147,107,94,18,893,ÜMRANÝYE,FATÝH SULTAN MEHMET,98693,0,2,15,54,0,0,1,3,0,0,0,73,219,2,71,0.0091324200913242
894,ÜMRANÝYE,HEKÝMBAÞI,40744,197,1140,360,1678,18,1,894,ÜMRANÝYE,HEKÝMBAÞI,40744,3,18,107,286,0,0,3,12,0,0,0,201,1697,21,414,0.012374779021803181
895,ÜMRANÝYE,HUZUR,98694,37,798,395,1089,137,4,895,ÜMRANÝYE,HUZUR,98694,2,14,108,264,0,0,5,15,0,0,1,356,1230,16,388,0.013008130081300813
896,ÜMRANÝYE,IHLAMURKUYU,40745,398,846,402,1249,379,18,896,ÜMRANÝYE,IHLAMURKUYU,40745,6,26,147,373,3,2,13,31,0,1,1,635,1646,32,552,0.019441069258809233
897,ÜMRANÝYE,ÝNKILAP,40737,240,1498,755,2020,379,94,897,ÜMRANÝYE,ÝNKILAP,40737,4,22,175,481,1,0,8,26,1,1,1,776,2493,26,682,0.010429201764941836
898,ÜMRANÝYE,ÝSTÝKLAL,40739,103,918,827,505,1266,77,898,ÜMRANÝYE,ÝSTÝKLAL,40739,2,7,69,335,1,0,7,24,0,0,1,589,1848,9,413,0.00487012987012987
899,ÜMRANÝYE,KAZIM KARABEKÝR,40743,562,1465,402,2243,183,3,899,ÜMRANÝYE,KAZIM KARABEKÝR,40743,5,25,179,459,2,0,9,25,0,0,1,580,2429,30,668,0.012350761630300536
900,ÜMRANÝYE,MADENLER,98695,5,397,532,621,276,37,900,ÜMRANÝYE,MADENLER,98695,1,7,57,187,0,0,3,12,0,0,1,305,934,8,252,0.008565310492505354
901,ÜMRANÝYE,MEHMET AKÝF,98696,5,165,507,136,375,166,901,ÜMRANÝYE,MEHMET AKÝF,98696,0,2,19,110,0,0,2,8,0,0,0,226,677,2,131,0.0029542097488921715
902,ÜMRANÝYE,NAMIK KEMAL,40736,366,631,553,656,862,32,902,ÜMRANÝYE,NAMIK KEMAL,40736,2,7,68,283,1,0,8,20,0,0,0,434,1550,9,360,0.005806451612903226
903,ÜMRANÝYE,NECÝP FAZIL,98699,30,1163,790,1362,541,80,903,ÜMRANÝYE,NECÝP FAZIL,98699,9,43,238,532,8,2,24,55,1,1,1,1235,1983,52,822,0.026222894604135148
904,ÜMRANÝYE,PARSELLER,98700,2,679,641,1083,222,17,904,ÜMRANÝYE,PARSELLER,98700,3,18,124,301,1,0,8,22,0,0,1,584,1322,21,446,0.01588502269288956
905,ÜMRANÝYE,SARAY,98701,43,71,254,293,40,35,905,ÜMRANÝYE,SARAY,98701,1,3,24,73,0,0,0,1,0,0,0,24,368,4,101,0.010869565217391304
906,ÜMRANÝYE,SÝTE,98702,276,610,570,986,349,121,906,ÜMRANÝYE,SÝTE,98702,4,17,101,297,2,1,9,26,0,1,1,656,1456,21,419,0.014423076923076924
907,ÜMRANÝYE,ÞERÝFALÝ,98703,7,280,679,508,391,67,907,ÜMRANÝYE,ÞERÝFALÝ,98703,1,5,48,179,0,0,1,4,0,0,1,133,966,6,233,0.006211180124223602
908,ÜMRANÝYE,TANTAVÝ,98704,36,200,191,166,234,27,908,ÜMRANÝYE,TANTAVÝ,98704,1,3,24,83,0,0,2,6,0,0,0,182,427,4,111,0.00936768149882904
909,ÜMRANÝYE,TATLISU,98705,8,260,421,279,221,189,909,ÜMRANÝYE,TATLISU,98705,0,3,24,110,0,0,1,7,0,0,0,223,689,3,137,0.0043541364296081275
910,ÜMRANÝYE,TEPEÜSTÜ,98706,201,499,225,544,364,17,910,ÜMRANÝYE,TEPEÜSTÜ,98706,1,6,50,181,1,0,4,12,0,0,0,262,925,7,238,0.0075675675675675675
911,ÜMRANÝYE,TOPAÐACI,98707,260,2051,611,2868,54,0,911,ÜMRANÝYE,TOPAÐACI,98707,5,32,186,501,0,0,7,23,0,1,1,515,2922,37,724,0.012662559890485968
912,ÜMRANÝYE,YAMANEVLER,98708,163,352,334,404,434,11,912,ÜMRANÝYE,YAMANEVLER,98708,1,5,47,185,0,0,4,13,0,0,0,251,849,6,238,0.007067137809187279
913,ÜMRANÝYE,YUKARI DUDULLU,40741,67,1383,856,1524,762,20,913,ÜMRANÝYE,YUKARI DUDULLU,40741,4,21,159,483,1,0,6,19,1,1,1,539,2306,25,667,0.010841283607979185
914,ÜSKÜDAR,ACIBADEM,40778,268,412,146,92,690,44,914,ÜSKÜDAR,ACIBADEM,40778,2,6,38,185,2,1,13,28,0,0,1,385,826,8,231,0.009685230024213076
915,ÜSKÜDAR,AHMEDÝYE,98664,203,324,69,143,450,3,915,ÜSKÜDAR,AHMEDÝYE,98664,3,7,46,164,3,1,9,18,0,0,0,312,596,10,220,0.016778523489932886
916,ÜSKÜDAR,ALTUNÝZADE,40781,173,461,195,353,413,63,916,ÜSKÜDAR,ALTUNÝZADE,40781,2,8,52,197,1,0,6,16,0,0,1,895,829,10,259,0.012062726176115802
917,ÜSKÜDAR,AZÝZ MAHMUT HÜDAYÝ,98665,416,348,62,394,428,4,917,ÜSKÜDAR,AZÝZ MAHMUT HÜDAYÝ,98665,7,16,93,240,4,2,13,25,0,0,0,171,826,23,356,0.02784503631961259
918,ÜSKÜDAR,BAHÇELÝEVLER,40785,569,1254,417,1944,295,1,918,ÜSKÜDAR,BAHÇELÝEVLER,40785,6,29,154,419,2,1,11,30,0,0,1,395,2240,35,608,0.015625
919,ÜSKÜDAR,BARBAROS,40786,181,400,60,270,349,22,919,ÜSKÜDAR,BARBAROS,40786,2,7,44,152,2,1,8,19,0,0,0,478,641,9,205,0.014040561622464899
920,ÜSKÜDAR,BEYLERBEYÝ,40787,540,215,157,773,139,0,920,ÜSKÜDAR,BEYLERBEYÝ,40787,4,14,98,218,0,0,4,13,0,0,0,330,912,18,334,0.019736842105263157
921,ÜSKÜDAR,BULGURLU,40788,124,1076,160,386,928,46,921,ÜSKÜDAR,BULGURLU,40788,1,5,51,253,1,0,6,18,0,0,0,627,1360,6,310,0.004411764705882353
922,ÜSKÜDAR,BURHANÝYE,40789,501,831,332,1153,510,1,922,ÜSKÜDAR,BURHANÝYE,40789,4,17,132,364,1,0,10,24,0,0,1,605,1664,21,517,0.012620192307692308
923,ÜSKÜDAR,CUMHURÝYET,40790,230,1119,523,460,1390,22,923,ÜSKÜDAR,CUMHURÝYET,40790,3,8,84,386,2,1,11,28,0,1,1,693,1872,11,481,0.005876068376068376
924,ÜSKÜDAR,ÇENGELKÖY,98666,713,847,259,1432,384,3,924,ÜSKÜDAR,ÇENGELKÖY,98666,7,24,171,402,2,1,11,27,1,0,1,320,1819,31,604,0.017042330951072018
925,ÜSKÜDAR,FERAH,40794,204,775,315,815,479,0,925,ÜSKÜDAR,FERAH,40794,6,23,149,358,5,3,19,42,1,0,1,332,1294,29,536,0.02241112828438949
926,ÜSKÜDAR,GÜZELTEPE,40797,423,727,251,1092,308,1,926,ÜSKÜDAR,GÜZELTEPE,40797,3,12,106,283,1,0,6,17,0,0,0,168,1401,15,404,0.010706638115631691
927,ÜSKÜDAR,ÝCADÝYE,40802,685,580,97,478,883,1,927,ÜSKÜDAR,ÝCADÝYE,40802,6,17,106,341,5,1,15,31,0,0,0,782,1362,23,470,0.016886930983847283
928,ÜSKÜDAR,KANDÝLLÝ,40806,211,279,86,554,22,0,928,ÜSKÜDAR,KANDÝLLÝ,40806,1,6,47,113,0,0,0,1,0,0,0,159,576,7,167,0.012152777777777778
929,ÜSKÜDAR,KISIKLI,40809,256,991,315,938,611,13,929,ÜSKÜDAR,KISIKLI,40809,4,17,128,373,2,1,10,27,1,1,1,471,1562,21,522,0.013444302176696543
930,ÜSKÜDAR,KÝRAZLITEPE,40808,733,580,191,1361,143,0,930,ÜSKÜDAR,KÝRAZLITEPE,40808,6,24,158,351,3,2,14,31,0,0,0,120,1504,30,539,0.0199468085106383
931,ÜSKÜDAR,KULELÝ,40810,251,188,36,461,14,0,931,ÜSKÜDAR,KULELÝ,40810,1,6,37,93,0,0,0,4,0,0,0,172,475,7,137,0.014736842105263158
932,ÜSKÜDAR,KUZGUNCUK,40811,304,574,184,935,127,0,932,ÜSKÜDAR,KUZGUNCUK,40811,4,16,109,264,1,0,5,11,0,0,0,268,1062,20,393,0.018832391713747645
933,ÜSKÜDAR,KÜÇÜKÇAMLICA,98667,243,790,458,1267,222,2,933,ÜSKÜDAR,KÜÇÜKÇAMLICA,98667,5,24,157,364,0,0,7,25,1,1,1,466,1491,29,550,0.019450033534540577
934,ÜSKÜDAR,KÜÇÜKSU,40812,291,904,239,1056,377,1,934,ÜSKÜDAR,KÜÇÜKSU,40812,3,13,100,276,1,0,4,18,0,0,1,358,1434,16,392,0.011157601115760111
935,ÜSKÜDAR,KÜPLÜCE,40813,717,744,148,1201,408,0,935,ÜSKÜDAR,KÜPLÜCE,40813,5,17,142,357,2,1,11,26,0,0,1,228,1609,22,521,0.013673088875077687
936,ÜSKÜDAR,MEHMET AKÝF ERSOY,40814,578,1045,300,1574,341,8,936,ÜSKÜDAR,MEHMET AKÝF ERSOY,40814,5,22,168,416,3,1,13,32,0,0,1,308,1923,27,611,0.014040561622464899
937,ÜSKÜDAR,MÝMAR SÝNAN,98668,493,412,143,522,524,2,937,ÜSKÜDAR,MÝMAR SÝNAN,98668,12,27,131,342,11,6,29,58,0,0,1,722,1048,39,512,0.03721374045801527
938,ÜSKÜDAR,MURATREÝS,40815,520,320,159,401,597,1,938,ÜSKÜDAR,MURATREÝS,40815,4,11,67,259,6,3,16,32,0,0,0,420,999,15,341,0.015015015015015015
939,ÜSKÜDAR,SALACAK,40804,475,247,49,252,518,1,939,ÜSKÜDAR,SALACAK,40804,4,8,56,199,3,2,9,20,0,0,0,908,771,12,267,0.01556420233463035
940,ÜSKÜDAR,SELAMÝ ALÝ,40819,378,276,128,188,591,3,940,ÜSKÜDAR,SELAMÝ ALÝ,40819,3,9,53,203,4,2,12,25,0,0,0,295,782,12,268,0.015345268542199489
941,ÜSKÜDAR,SELÝMÝYE,40820,443,236,100,396,372,11,941,ÜSKÜDAR,SELÝMÝYE,40820,6,16,76,208,3,1,8,16,0,1,0,326,779,22,306,0.028241335044929396
942,ÜSKÜDAR,SULTANTEPE,98669,468,222,47,198,538,1,942,ÜSKÜDAR,SULTANTEPE,98669,7,15,78,222,6,3,18,35,0,0,0,888,737,22,322,0.029850746268656716
943,ÜSKÜDAR,ÜNALAN,40827,953,1059,190,1239,805,158,943,ÜSKÜDAR,ÜNALAN,40827,8,24,173,507,7,3,23,51,1,1,1,915,2202,32,712,0.014532243415077202
944,ÜSKÜDAR,VALÝDE-Ý ATÝK,40828,576,475,163,291,922,1,944,ÜSKÜDAR,VALÝDE-Ý ATÝK,40828,5,13,82,316,7,3,19,39,0,0,0,942,1214,18,416,0.014827018121911038
945,ÜSKÜDAR,YAVUZTÜRK,40830,496,2354,372,2804,387,31,945,ÜSKÜDAR,YAVUZTÜRK,40830,5,27,220,612,2,1,15,42,1,1,1,387,3222,32,864,0.009931719428926133
946,ÜSKÜDAR,ZEYNEP KAMÝL,98670,248,424,27,112,586,1,946,ÜSKÜDAR,ZEYNEP KAMÝL,98670,2,5,35,173,3,1,10,20,0,0,0,241,699,7,215,0.010014306151645207
947,ZEYTÝNBURNU,BEÞTELSÝZ,40838,361,880,309,482,1058,10,947,ZEYTÝNBURNU,BEÞTELSÝZ,40838,43,89,354,622,56,31,147,268,0,1,2,2291,1550,132,1108,0.08516129032258064
948,ZEYTÝNBURNU,ÇIRPICI,40837,381,759,311,464,986,1,948,ZEYTÝNBURNU,ÇIRPICI,40837,49,98,357,572,77,43,202,360,1,1,2,2760,1451,147,1076,0.10130944176430048
949,ZEYTÝNBURNU,GÖKALP,40834,116,716,243,218,856,1,949,ZEYTÝNBURNU,GÖKALP,40834,31,62,253,456,45,24,118,215,0,1,2,1111,1075,93,802,0.08651162790697674
950,ZEYTÝNBURNU,KAZLIÇEÞME,40840,111,171,240,449,60,13,950,ZEYTÝNBURNU,KAZLIÇEÞME,40840,25,44,126,182,13,8,36,68,0,1,3,346,522,69,377,0.13218390804597702
951,ZEYTÝNBURNU,MALTEPE,40843,450,927,185,1228,269,65,951,ZEYTÝNBURNU,MALTEPE,40843,62,125,378,513,15,8,44,81,1,1,4,181,1562,187,1078,0.11971830985915492
952,ZEYTÝNBURNU,MERKEZEFENDÝ,40842,182,625,162,469,469,31,952,ZEYTÝNBURNU,MERKEZEFENDÝ,40842,29,60,216,369,39,24,105,193,1,1,2,2617,969,89,674,0.09184726522187822
953,ZEYTÝNBURNU,NURÝPAÞA,40832,43,1017,183,251,991,1,953,ZEYTÝNBURNU,NURÝPAÞA,40832,39,77,308,529,66,37,173,314,1,1,2,3220,1243,116,953,0.09332260659694289
954,ZEYTÝNBURNU,SEYÝTNÝZAM,40841,157,1024,372,839,672,42,954,ZEYTÝNBURNU,SEYÝTNÝZAM,40841,37,92,363,592,51,28,134,246,1,1,3,2363,1553,129,1084,0.08306503541532517
955,ZEYTÝNBURNU,SÜMER,40831,53,1025,223,252,989,60,955,ZEYTÝNBURNU,SÜMER,40831,41,80,319,561,87,47,229,414,1,1,3,5682,1301,121,1001,0.0930053804765565
956,ZEYTÝNBURNU,TELSÝZ,40839,567,763,710,596,1443,1,956,ZEYTÝNBURNU,TELSÝZ,40839,72,133,470,801,84,48,223,400,1,1,3,1094,2040,205,1476,0.10049019607843138
957,ZEYTÝNBURNU,VELÝEFENDÝ,40836,92,1020,185,418,879,0,957,ZEYTÝNBURNU,VELÝEFENDÝ,40836,39,80,309,530,66,38,175,317,1,1,2,3400,1297,119,958,0.09175019275250579
958,ZEYTÝNBURNU,YENÝDOÐAN,40833,31,450,67,109,438,1,958,ZEYTÝNBURNU,YENÝDOÐAN,40833,17,33,135,234,24,13,63,114,0,0,1,1715,548,50,419,0.09124087591240876
959,ZEYTÝNBURNU,YEÞÝLTEPE,40835,50,726,113,203,685,1,959,ZEYTÝNBURNU,YEÞÝLTEPE,40835,26,52,211,374,45,25,118,216,0,0,1,4250,889,78,663,0.08773903262092239
