_id,ilce_adi,mahalle_adi,mahalle_uavt,1980_oncesi,1980-2000_arasi,2000_sonrasi,1-4 kat_arasi,5-9 kat_arasi,9-19 kat_arasi,lon,lat,area_km2,match,vs30_point,vs30_mean,vs30_min,vs30_max,vs30_used,vs30_source,vs30_flag
1,ADALAR,BURGAZADA,40139,433,214,173,802,18,0,29.057438,40.879836,1.604,name+district,600.0,535.9,368.8160095214844,600.0,535.9,polygon mean,water
2,ADALAR,HEYBELİADA,40142,836,347,212,1359,36,0,29.085813,40.874733,2.626,name+district,600.0,500.4,273.81951904296875,600.0,500.4,polygon mean,water
3,ADALAR,KINALIADA,40143,610,244,158,923,89,0,29.048671,40.908741,1.364,name+district,343.7,459.4,291.628662109375,600.0,459.4,polygon mean,ok
4,ADALAR,MADEN,40140,863,510,308,1637,44,0,29.129618,40.857547,2.519,name+district,600.0,547.9,395.1453857421875,600.0,547.9,polygon mean,water
5,ADALAR,NİZAM,40141,842,426,217,1434,51,0,29.118961,40.857719,3.221,name+district,480.2,512.9,394.7971496582031,600.0,512.9,polygon mean,ok
6,ARNAVUTKÖY,ADNAN MENDERES,40490,0,244,121,353,12,0,28.70017,41.210994,2.263,name+spatial,407.5,382.3,317.8178405761719,446.5809326171875,382.3,polygon mean,ok
7,ARNAVUTKÖY,ANADOLU,99359,0,1360,845,1647,555,3,28.750137,41.186312,1.568,name+spatial,454.0,413.4,292.4180603027344,498.0849304199219,413.4,polygon mean,ok
8,ARNAVUTKÖY,ARNAVUTKÖY MERKEZ,40478,0,685,589,797,470,7,28.739818,41.172109,6.813,name+spatial,419.3,402.4,245.2178955078125,498.8721618652344,402.4,polygon mean,ok
9,ARNAVUTKÖY,ATATÜRK,40482,0,565,216,754,27,0,28.760521,41.192193,0.638,name+spatial,447.3,396.1,296.8021240234375,498.0849304199219,396.1,polygon mean,ok
10,ARNAVUTKÖY,BAKLALI,191981,0,332,184,515,1,0,28.658544,41.266499,17.767,name+spatial,301.8,382.6,214.70777893066406,600.0,382.6,polygon mean,ok
11,ARNAVUTKÖY,BALABAN,191983,0,242,53,295,0,0,28.576427,41.347827,46.316,name+district,600.0,440.9,222.66761779785156,600.0,440.9,polygon mean,water
12,ARNAVUTKÖY,BOĞAZKÖY İSTİKLAL,40483,90,864,540,1452,42,0,28.794991,41.179893,29.388,name+spatial,379.6,388.6,189.89004516601562,535.6158447265625,388.6,polygon mean,ok
13,ARNAVUTKÖY,BOLLUCA,40487,0,578,185,716,47,0,28.778468,41.222365,11.986,name+spatial,291.5,353.0,223.01136779785156,479.9661560058594,353.0,polygon mean,ok
14,ARNAVUTKÖY,BOYALIK,191985,0,313,205,514,4,0,28.622913,41.278232,28.615,name+spatial,331.5,391.2,214.70777893066406,600.0,391.2,polygon mean,ok
15,ARNAVUTKÖY,ÇİLİNGİR,40494,0,315,176,485,6,0,28.670336,41.190144,12.903,name+spatial,518.6,407.6,204.60546875,552.3568115234375,407.6,polygon mean,ok
16,ARNAVUTKÖY,DELİKLİKAYA,40910,0,291,279,478,36,56,28.658355,41.114425,5.769,name+spatial,483.8,459.8,311.8088073730469,590.4580078125,459.8,polygon mean,ok
17,ARNAVUTKÖY,DURSUNKÖY,40911,0,204,72,276,0,0,28.64018,41.207377,27.172,name+spatial,312.2,409.3,204.60546875,552.3568115234375,409.3,polygon mean,ok
18,ARNAVUTKÖY,DURUSU,40915,0,208,43,251,0,0,28.680705,41.303064,0.361,name+spatial,407.2,323.9,269.1236572265625,407.17108154296875,323.9,polygon mean,ok
19,ARNAVUTKÖY,FATİH,40495,0,219,198,406,11,0,28.695294,41.224675,2.534,name+spatial,422.9,378.0,317.8178405761719,445.0790100097656,378.0,polygon mean,ok
20,ARNAVUTKÖY,HACIMAŞLI,191975,1,137,107,244,1,0,28.730342,41.144793,31.113,name+spatial,532.5,435.6,227.38070678710938,553.5989990234375,435.6,polygon mean,ok
21,ARNAVUTKÖY,HADIMKÖY,40913,0,418,793,909,229,73,28.621396,41.163839,10.049,name+spatial,365.7,378.1,246.32208251953125,529.1256713867188,378.1,polygon mean,ok
22,ARNAVUTKÖY,HARAÇÇI,40489,0,813,622,1356,79,0,28.696591,41.18343,8.71,name+spatial,275.3,365.9,227.38070678710938,463.1891174316406,365.9,polygon mean,ok
23,ARNAVUTKÖY,HASTANE,40912,0,434,391,578,237,10,28.604568,41.157587,5.65,name+district,371.9,397.3,254.55062866210938,515.2669677734375,397.3,polygon mean,ok
24,ARNAVUTKÖY,HİCRET,40486,0,221,113,323,11,0,28.757828,41.200808,0.976,name+spatial,296.8,383.2,296.8021240234375,478.4377136230469,383.2,polygon mean,ok
25,ARNAVUTKÖY,İMRAHOR,40481,0,1141,471,1585,27,0,28.754263,41.256786,32.858,name+spatial,311.4,395.6,223.01136779785156,600.0,395.6,polygon mean,ok
26,ARNAVUTKÖY,İSLAMBEY,40479,0,1184,481,1452,204,9,28.745544,41.196548,1.586,name+spatial,484.3,402.5,283.90338134765625,484.2593078613281,402.5,polygon mean,ok
27,ARNAVUTKÖY,KARABURUN,191987,0,404,710,1110,4,0,28.659533,41.341422,7.583,name+spatial,360.3,442.2,222.66761779785156,600.0,442.2,polygon mean,ok
28,ARNAVUTKÖY,KARLIBAYIR,40488,0,669,465,944,183,7,28.716898,41.180277,1.295,name+spatial,409.8,383.0,289.7459411621094,441.17926025390625,383.0,polygon mean,ok
29,ARNAVUTKÖY,MAREŞAL FEVZİ ÇAKMAK,40493,0,458,450,881,27,0,28.720687,41.208708,2.575,name+spatial,313.2,395.8,313.200439453125,477.58160400390625,395.8,polygon mean,ok
30,ARNAVUTKÖY,MAVİGÖL,40485,0,420,520,907,33,0,28.762723,41.209948,1.587,name+spatial,384.2,350.0,296.8021240234375,396.8544616699219,350.0,polygon mean,ok
31,ARNAVUTKÖY,MEHMET AKİF ERSOY,40491,0,255,218,465,8,0,28.708935,41.20288,2.114,name+spatial,416.5,377.1,297.2890930175781,446.5809326171875,377.1,polygon mean,ok
32,ARNAVUTKÖY,MUSTAFA KEMAL PAŞA,99358,0,707,273,843,137,0,28.728082,41.189526,1.319,name+spatial,410.6,380.2,305.1224365234375,429.1566162109375,380.2,polygon mean,ok
33,ARNAVUTKÖY,NENEHATUN,99357,0,561,223,707,77,0,28.733961,41.196951,1.24,name+spatial,411.6,405.0,305.1224365234375,484.2593078613281,405.0,polygon mean,ok
34,ARNAVUTKÖY,ÖMERLİ,40906,0,273,329,477,83,42,28.635053,41.119155,10.561,name+district,468.3,398.0,289.72698974609375,538.1277465820312,398.0,polygon mean,ok
35,ARNAVUTKÖY,SAZLIBOSNA,40907,0,338,55,393,0,0,28.668424,41.147608,20.897,name+spatial,371.7,453.2,246.32208251953125,595.5380859375,453.2,polygon mean,ok
36,ARNAVUTKÖY,TAŞOLUK,40492,0,607,179,750,36,0,28.714805,41.191373,1.573,name+spatial,417.7,399.1,336.0781555175781,423.0412292480469,399.1,polygon mean,ok
37,ARNAVUTKÖY,TAYAKADIN,191977,0,817,487,1301,3,0,28.703582,41.260499,35.422,name+spatial,404.1,386.7,239.17300415039062,530.296142578125,386.7,polygon mean,ok
38,ARNAVUTKÖY,TERKOS,40914,0,428,132,560,0,0,28.654754,41.323548,18.971,name+spatial,377.6,383.1,222.66761779785156,600.0,383.1,polygon mean,ok
39,ARNAVUTKÖY,YASSIÖREN,191989,0,0,342,316,24,2,28.5871,41.251495,41.347,name+district,370.8,406.9,222.8182373046875,600.0,406.9,polygon mean,ok
40,ARNAVUTKÖY,YAVUZ SELİM,40480,0,968,204,1113,58,1,28.734643,41.208356,2.065,name+spatial,477.6,403.0,288.64825439453125,484.2593078613281,403.0,polygon mean,ok
41,ARNAVUTKÖY,YENİKÖY,191979,0,190,836,1026,0,0,28.724475,41.30338,32.333,name+spatial,321.8,415.4,268.11920166015625,600.0,415.4,polygon mean,ok
42,ARNAVUTKÖY,YEŞİLBAYIR,40908,0,172,208,357,23,0,28.596466,41.135013,14.559,name+district,411.9,421.3,289.72698974609375,536.1404418945312,421.3,polygon mean,ok
43,ARNAVUTKÖY,YUNUS EMRE,40484,5,1168,327,1421,78,1,28.758206,41.181862,1.055,name+spatial,498.1,411.0,292.4180603027344,498.0849304199219,411.0,polygon mean,ok
44,ATAŞEHİR,AŞIKVEYSEL,98687,792,181,199,886,266,20,29.091806,41.004559,0.414,name+district,445.5,399.9,331.9969177246094,445.511962890625,399.9,polygon mean,ok
45,ATAŞEHİR,ATATÜRK,99749,49,386,416,455,234,162,29.127608,40.990475,2.523,name+district,370.8,363.2,337.5726318359375,407.0850830078125,363.2,polygon mean,ok
46,ATAŞEHİR,BARBAROS,40527,571,725,596,1585,205,102,29.101659,40.992361,2.933,name+district,347.5,347.1,270.3731384277344,379.09454345703125,347.1,polygon mean,ok
47,ATAŞEHİR,ESATPAŞA,40793,997,396,733,1474,597,55,29.085094,41.003631,0.985,name+district,391.6,404.1,296.83892822265625,492.8279113769531,404.1,polygon mean,ok
48,ATAŞEHİR,FERHATPAŞA,40577,4,845,1135,1370,599,15,29.18119,40.983843,3.887,name+district,436.5,446.6,316.0032653808594,554.6170043945312,446.6,polygon mean,ok
49,ATAŞEHİR,FETIH,40795,55,339,160,265,262,27,29.075924,41.002798,0.422,name+district,447.3,449.4,391.6473083496094,492.8279113769531,449.4,polygon mean,ok
50,ATAŞEHİR,İÇERENKÖY,40530,1610,1809,1203,2950,1302,370,29.111819,40.971742,3.611,name+spatial,338.9,371.1,270.3731384277344,429.1817932128906,371.1,polygon mean,ok
51,ATAŞEHİR,İNÖNÜ,40534,89,445,887,504,898,19,29.138218,40.975778,1.248,name+spatial,437.8,459.4,346.12841796875,637.0193481445312,459.4,polygon mean,ok
52,ATAŞEHİR,KAYIŞDAĞI,40533,311,1394,1273,2245,723,10,29.145203,40.981509,1.836,name+spatial,346.0,433.0,337.5726318359375,637.0193481445312,433.0,polygon mean,ok
53,ATAŞEHİR,KÜÇÜKBAKKALKÖY,40531,478,292,957,850,611,266,29.117475,40.983033,2.275,name+spatial,407.1,361.1,270.3731384277344,408.2796630859375,361.1,polygon mean,ok
54,ATAŞEHİR,MEVLANA,99516,32,723,135,617,221,52,29.153493,40.987398,0.798,name+spatial,415.8,423.4,360.8922119140625,520.3228149414062,423.4,polygon mean,ok
55,ATAŞEHİR,MİMAR SİNAN,99519,51,722,135,771,135,2,29.16112,40.984334,0.5,name+spatial,520.3,488.2,396.6802062988281,547.524658203125,488.2,polygon mean,ok
56,ATAŞEHİR,MUSTAFA KEMAL,40740,914,374,164,1170,282,0,29.095233,41.001505,0.604,name+district,332.0,386.5,331.9969177246094,445.511962890625,386.5,polygon mean,ok
57,ATAŞEHİR,ÖRNEK,40816,760,367,732,1166,667,26,29.080434,40.995653,0.958,name+district,296.8,349.6,255.95155334472656,447.3019104003906,349.6,polygon mean,ok
58,ATAŞEHİR,YENİ ÇAMLICA,40746,184,793,350,1192,109,26,29.162502,40.990888,0.737,name+district,386.7,442.4,360.8922119140625,547.524658203125,442.4,polygon mean,ok
59,ATAŞEHİR,YENİSAHRA,40526,782,378,264,1216,207,1,29.088006,40.990179,0.713,name+spatial,373.6,330.7,255.95155334472656,375.7322692871094,330.7,polygon mean,ok
60,ATAŞEHİR,YENİŞEHİR,99517,56,128,212,58,225,113,29.142895,40.993994,0.823,name+district,337.6,375.6,337.5726318359375,410.2487487792969,375.6,polygon mean,ok
61,AVCILAR,AMBARLI,40146,354,941,323,561,1009,48,28.711541,40.97595,1.835,name+district,469.1,497.7,380.8756408691406,600.0,497.7,polygon mean,ok
62,AVCILAR,CİHANGİR,40148,282,1376,1391,1324,1694,31,28.700639,40.990452,3.824,name+district,544.9,443.2,293.6829528808594,550.865966796875,443.2,polygon mean,ok
63,AVCILAR,DENİZKÖŞKLER,40147,379,1370,402,725,1387,39,28.735037,40.975329,1.682,name+district,434.9,454.2,225.10476684570312,600.0,454.2,polygon mean,ok
64,AVCILAR,FİRUZKÖY,40152,586,1598,927,2703,397,11,28.718937,41.025771,12.482,name+district,364.0,461.8,268.9647216796875,605.6824340820312,461.8,polygon mean,ok
65,AVCILAR,GÜMÜŞPALA,40151,303,1111,475,617,1253,19,28.740585,40.981156,1.136,name+district,454.3,414.8,225.10476684570312,600.0,414.8,polygon mean,ok
66,AVCILAR,MERKEZ,40145,371,552,185,189,848,71,28.721837,40.981975,0.858,name+district,434.0,450.7,361.7786865234375,490.34014892578125,450.7,polygon mean,ok
67,AVCILAR,MUSTAFA KEMALPAŞA,40150,258,973,717,498,1443,7,28.70429,41.001858,0.954,name+district,293.7,414.9,293.6829528808594,513.9769897460938,414.9,polygon mean,ok
68,AVCILAR,TAHTAKALE,40154,4,1549,958,1956,339,216,28.713975,41.069759,11.455,name+district,482.2,449.9,319.34942626953125,600.0,449.9,polygon mean,ok
69,AVCILAR,ÜNİVERSİTE,40149,59,574,626,578,655,26,28.723265,40.991872,2.826,name+district,516.8,480.0,293.6829528808594,600.0,480.0,polygon mean,ok
70,AVCILAR,YEŞİLKENT,40153,0,4243,3875,7362,735,21,28.699643,41.041148,5.086,name+district,482.9,451.4,283.67279052734375,536.8303833007812,451.4,polygon mean,ok
71,BAĞCILAR,100. YIL,40176,195,2175,436,1233,1555,18,28.851869,41.063638,1.324,name+district,379.1,366.7,314.22930908203125,402.8040771484375,366.7,polygon mean,ok
72,BAĞCILAR,BAĞLAR,40155,239,677,356,771,462,39,28.821562,41.026231,1.391,name+district,453.6,410.7,310.2262268066406,457.0579528808594,410.7,polygon mean,ok
73,BAĞCILAR,BARBAROS,40157,298,487,359,364,776,4,28.839213,41.026066,0.44,name+spatial,420.9,386.3,335.6001281738281,420.9292297363281,386.3,polygon mean,ok
74,BAĞCILAR,ÇINAR,40163,469,1045,228,424,1304,14,28.863811,41.036934,0.55,name+district,373.1,353.7,325.483642578125,389.91583251953125,353.7,polygon mean,ok
75,BAĞCILAR,DEMİRKAPI,40171,250,1835,504,987,1554,48,28.837728,41.04866,1.079,name+spatial,443.3,361.0,214.15431213378906,443.2865295410156,361.0,polygon mean,ok
76,BAĞCILAR,EVREN,40169,229,2099,832,1291,1840,29,,,,UNMATCHED,,,,,,none,no_geometry
77,BAĞCILAR,FATİH,40172,214,1996,288,975,1520,3,28.845115,41.051612,0.664,name+district,443.3,384.8,317.2164611816406,443.2865295410156,384.8,polygon mean,ok
78,BAĞCILAR,FEVZİ ÇAKMAK,40173,333,1044,370,576,1142,29,28.855977,41.045825,0.732,name+district,341.4,333.8,298.7641906738281,377.75579833984375,333.8,polygon mean,ok
79,BAĞCILAR,GÖZTEPE,40175,135,1714,257,1085,989,32,28.838031,41.060378,1.629,name+district,402.8,369.9,214.15431213378906,465.1885070800781,369.9,polygon mean,ok
80,BAĞCILAR,GÜNEŞLİ,40168,213,1642,555,852,1503,55,28.828511,41.037786,1.23,name+spatial,439.7,412.9,379.9916687011719,444.1518859863281,412.9,polygon mean,ok
81,BAĞCILAR,HÜRRİYET,40156,449,644,391,602,856,26,28.832223,41.026606,0.589,name+spatial,335.6,406.9,335.6001281738281,453.6114196777344,406.9,polygon mean,ok
82,BAĞCILAR,İNÖNÜ,40159,320,825,217,564,793,5,28.851349,41.029863,0.5,name+district,403.6,382.9,335.586669921875,403.6475830078125,382.9,polygon mean,ok
83,BAĞCILAR,KAZIM KARABEKİR,40158,352,749,432,539,992,2,28.844328,41.027754,0.498,name+district,420.9,392.2,335.586669921875,420.9292297363281,392.2,polygon mean,ok
84,BAĞCILAR,KEMALPAŞA,40174,259,1457,267,843,1138,2,28.851649,41.051046,0.572,name+spatial,317.2,352.2,298.7641906738281,384.43218994140625,352.2,polygon mean,ok
85,BAĞCILAR,KİRAZLI,40166,263,1572,457,925,1333,34,28.840442,41.034988,0.942,name+spatial,408.8,395.9,377.75579833984375,417.53546142578125,395.9,polygon mean,ok
86,BAĞCILAR,MAHMUTBEY,40170,266,3585,434,3428,802,55,28.820902,41.057577,4.868,name+spatial,462.3,380.5,214.15431213378906,465.1885070800781,380.5,polygon mean,ok
87,BAĞCILAR,MERKEZ,40162,180,621,243,305,722,17,,,,UNMATCHED,,,,,,none,no_geometry
88,BAĞCILAR,SANCAKTEPE,40164,229,657,170,363,688,5,28.855411,41.038549,0.397,name+district,341.4,378.2,341.3932189941406,403.6475830078125,378.2,polygon mean,ok
89,BAĞCILAR,YAVUZ SELİM,40165,239,901,311,536,897,18,28.849615,41.037607,0.642,name+district,377.8,399.5,377.75579833984375,417.53546142578125,399.5,polygon mean,ok
90,BAĞCILAR,YENİGÜN,40161,246,519,112,169,707,1,28.859655,41.022293,0.279,name+district,402.3,366.9,326.1588439941406,407.24371337890625,366.9,polygon mean,ok
91,BAĞCILAR,YENİMAHALLE,40167,137,1236,247,619,953,48,28.837995,41.042265,0.775,name+district,417.5,390.7,327.44818115234375,443.2865295410156,390.7,polygon mean,ok
92,BAĞCILAR,YILDIZTEPE,40160,557,1066,355,697,1260,21,28.853751,41.024299,0.601,name+district,335.6,383.8,335.586669921875,407.24371337890625,383.8,polygon mean,ok
93,BAHÇELİEVLER,BAHÇELİEVLER,40177,728,878,359,835,1014,116,28.868595,41.003108,3.176,name+district,375.8,375.9,326.1588439941406,411.7250061035156,375.9,polygon mean,ok
94,BAHÇELİEVLER,CUMHURİYET,40181,196,1136,271,310,1285,8,28.853994,41.0173,0.7,name+district,324.9,359.2,324.92523193359375,407.24371337890625,359.2,polygon mean,ok
95,BAHÇELİEVLER,ÇOBANÇEŞME,40184,108,1539,230,649,1216,12,28.826499,41.001701,1.278,name+district,439.5,393.9,298.29486083984375,439.4875793457031,393.9,polygon mean,ok
96,BAHÇELİEVLER,FEVZİ ÇAKMAK,40185,145,881,78,184,917,3,,,,UNMATCHED,,,,,,none,no_geometry
97,BAHÇELİEVLER,HÜRRİYET,40187,107,1491,129,185,1517,25,,,,UNMATCHED,,,,,,none,no_geometry
98,BAHÇELİEVLER,KOCASİNAN MERKEZ,40182,152,1623,848,815,1785,23,,,,UNMATCHED,,,,,,none,no_geometry
99,BAHÇELİEVLER,SİYAVUŞPAŞA,40179,793,1308,58,111,2034,14,28.85437,41.002093,0.815,name+spatial,405.4,388.9,350.0792541503906,410.6965637207031,388.9,polygon mean,ok
100,BAHÇELİEVLER,SOĞANLI,40180,476,1745,166,143,2234,10,28.854558,41.01082,0.962,name+district,401.5,365.1,324.92523193359375,407.24371337890625,365.1,polygon mean,ok
101,BAHÇELİEVLER,ŞİRİNEVLER,40178,577,1434,230,299,1910,32,28.846944,40.998548,1.093,name+spatial,381.5,353.9,308.9753723144531,384.30279541015625,353.9,polygon mean,ok
102,BAHÇELİEVLER,YENİBOSNA MERKEZ,40183,365,1263,567,1234,897,64,28.81808,41.011902,4.378,name+spatial,430.2,397.6,226.69239807128906,453.6114196777344,397.6,polygon mean,ok
103,BAHÇELİEVLER,ZAFER,40186,245,2185,965,599,2789,7,28.835974,41.005138,1.085,name+district,418.4,374.8,308.9753723144531,420.26177978515625,374.8,polygon mean,ok
104,BAKIRKÖY,ATAKÖY 1. KISIM,40202,61,7,27,39,42,14,28.870038,40.974672,0.554,name+district,330.4,366.4,245.73304748535156,600.0,366.4,polygon mean,ok
105,BAKIRKÖY,ATAKÖY 2-5-6. KISIM,40194,123,8,93,108,74,42,28.85536,40.97721,1.235,name+district,271.5,347.8,252.7583770751953,600.0,347.8,polygon mean,ok
106,BAKIRKÖY,ATAKÖY 3-4-11. KISIM,40201,156,93,11,82,170,8,28.860425,40.982996,0.644,name+district,347.5,337.8,290.3082275390625,375.73211669921875,337.8,polygon mean,ok
107,BAKIRKÖY,ATAKÖY 7-8-9-10. KISIM,40196,3,426,107,239,226,71,28.842473,40.986756,2.06,name+district,275.2,309.7,252.7583770751953,359.12921142578125,309.7,polygon mean,ok
108,BAKIRKÖY,BASINKÖY,40200,184,358,108,614,36,0,28.78311,40.97872,1.553,name+district,427.4,404.6,349.7980651855469,458.48223876953125,404.6,polygon mean,ok
109,BAKIRKÖY,CEVİZLİK,40192,332,259,110,198,501,2,28.876238,40.977739,0.187,name+district,344.9,345.9,344.85858154296875,346.9392395019531,345.9,polygon mean,ok
110,BAKIRKÖY,KARTALTEPE,40197,775,641,57,414,1056,3,28.876632,40.987903,1.344,name+district,358.4,364.4,346.9392395019531,388.71307373046875,364.4,polygon mean,ok
111,BAKIRKÖY,OSMANİYE,40188,339,363,290,512,470,10,28.885436,40.994118,2.353,name+district,358.6,347.7,283.6947021484375,399.2172546386719,347.7,polygon mean,ok
112,BAKIRKÖY,SAKIZAĞACI,40191,300,143,29,77,385,10,28.883629,40.978296,0.382,name+district,301.8,376.9,283.6947021484375,600.0,376.9,polygon mean,ok
113,BAKIRKÖY,ŞENLİKKÖY,40199,357,1134,320,1644,166,1,,,,UNMATCHED,,,,,,none,no_geometry
114,BAKIRKÖY,YENİMAHALLE,40190,319,126,48,134,359,0,28.882332,40.980693,0.236,name+district,354.0,326.2,283.6947021484375,353.9823303222656,326.2,polygon mean,ok
115,BAKIRKÖY,YEŞİLKÖY,40189,894,848,590,1755,554,23,28.820224,40.976447,13.106,name+district,296.2,339.5,226.69239807128906,600.0,339.5,polygon mean,ok
116,BAKIRKÖY,YEŞİLYURT,40195,179,97,32,134,173,1,28.841326,40.965444,0.704,name+district,337.4,388.5,252.7583770751953,600.0,388.5,polygon mean,ok
117,BAKIRKÖY,ZEYTİNLİK,40193,203,270,101,143,430,1,28.873049,40.97699,0.291,name+district,344.9,349.5,330.3780517578125,375.73211669921875,349.5,polygon mean,ok
118,BAKIRKÖY,ZUHURATBABA,40198,644,319,66,279,746,4,28.863828,40.988911,1.839,name+district,368.5,358.2,290.3082275390625,410.6965637207031,358.2,polygon mean,ok
119,BAŞAKŞEHİR,ALTINŞEHİR,40598,96,968,332,1256,140,0,28.751391,41.067467,1.365,name+district,477.3,417.0,327.6659240722656,483.09783935546875,417.0,polygon mean,ok
120,BAŞAKŞEHİR,BAHÇEŞEHİR 1. KISIM,40871,0,699,1478,1837,176,164,28.684605,41.088069,8.03,name+district,532.2,462.8,319.34942626953125,532.912109375,462.8,polygon mean,ok
121,BAŞAKŞEHİR,BAHÇEŞEHİR 2. KISIM,40872,1,1130,1664,2101,141,553,28.666426,41.082731,9.117,name+district,553.2,451.2,239.16969299316406,582.4488525390625,451.2,polygon mean,ok
122,BAŞAKŞEHİR,BAŞAK,40357,1,644,793,792,208,438,28.82183,41.10475,24.819,name+district,401.5,373.1,201.71006774902344,454.0853576660156,373.1,polygon mean,ok
123,BAŞAKŞEHİR,BAŞAKŞEHİR,40581,0,136,658,187,208,399,28.787197,41.110934,8.204,name+district,411.1,371.9,278.25067138671875,454.0853576660156,371.9,polygon mean,ok
124,BAŞAKŞEHİR,GÜVERCİNTEPE,40597,110,3440,903,3784,640,29,28.749764,41.089509,5.933,name+district,411.7,390.1,247.07789611816406,545.6436767578125,390.1,polygon mean,ok
125,BAŞAKŞEHİR,KAYABAŞI,40583,206,425,969,872,121,607,28.765999,41.121152,13.748,name+district,392.6,387.6,257.1637878417969,548.58984375,387.6,polygon mean,ok
126,BAŞAKŞEHİR,ŞAHİNTEPE,40584,95,3785,959,4624,202,13,28.725286,41.088552,11.598,name+district,442.2,468.5,319.34942626953125,619.0201416015625,468.5,polygon mean,ok
127,BAŞAKŞEHİR,ŞAMLAR,191991,9,347,103,440,19,0,28.715983,41.118053,9.263,name-only,407.5,459.6,260.692138671875,603.2903442382812,459.6,polygon mean,ok
128,BAŞAKŞEHİR,ZİYA GÖKALP,40585,296,2046,3498,5283,474,83,28.772081,41.077218,7.213,name+district,288.5,346.2,247.07789611816406,408.54022216796875,346.2,polygon mean,ok
129,BAYRAMPAŞA,ALTINTEPSİ,40207,679,1206,353,1073,1161,4,28.895223,41.040032,1.272,name+spatial,286.2,345.9,286.23883056640625,411.3601989746094,345.9,polygon mean,ok
130,BAYRAMPAŞA,CEVATPAŞA,40203,351,733,116,648,552,0,28.883119,41.071548,0.595,name+district,319.9,355.6,265.03607177734375,453.2088317871094,355.6,polygon mean,ok
131,BAYRAMPAŞA,İSMET PAŞA,40209,555,489,166,568,611,31,28.905602,41.043043,0.508,name+district,390.9,407.6,390.8924255371094,420.5035400390625,407.6,polygon mean,ok
132,BAYRAMPAŞA,KARTALTEPE,40211,1256,1408,257,1286,1631,4,28.900879,41.056418,0.849,name+district,356.6,373.0,315.71649169921875,424.6842041015625,373.0,polygon mean,ok
133,BAYRAMPAŞA,KOCATEPE,40212,235,784,218,509,702,26,28.892635,41.050698,1.734,name+district,373.1,370.7,286.23883056640625,424.6842041015625,370.7,polygon mean,ok
134,BAYRAMPAŞA,MURATPAŞA,40213,1285,1342,212,1551,1287,1,28.906715,41.049329,0.808,name+spatial,347.4,377.2,315.71649169921875,420.5035400390625,377.2,polygon mean,ok
135,BAYRAMPAŞA,ORTAMAHALLE,40204,635,763,132,870,659,1,28.915399,41.032297,0.761,name+district,329.3,362.5,329.3025817871094,402.7902526855469,362.5,polygon mean,ok
136,BAYRAMPAŞA,TERAZİDERE,40206,532,834,114,771,709,0,28.90087,41.032356,0.49,name+district,331.0,333.8,288.9548034667969,402.7902526855469,333.8,polygon mean,ok
137,BAYRAMPAŞA,VATAN,40205,541,398,142,712,368,1,28.90664,41.03301,0.231,name+district,402.8,366.9,331.0149841308594,402.7902526855469,366.9,polygon mean,ok
138,BAYRAMPAŞA,YENİDOĞAN,40208,687,762,154,804,793,6,28.913277,41.040712,0.817,name+district,385.5,382.0,329.3025817871094,411.3601989746094,382.0,polygon mean,ok
139,BAYRAMPAŞA,YILDIRIM,40210,1539,1521,553,1865,1745,3,28.891351,41.064174,1.488,name+spatial,374.0,400.7,356.58990478515625,453.2088317871094,400.7,polygon mean,ok
140,BEŞİKTAŞ,ABBASAĞA,40219,217,169,101,166,319,2,29.005155,41.04959,0.145,name+spatial,483.2,472.6,461.97637939453125,483.1842041015625,472.6,polygon mean,ok
141,BEŞİKTAŞ,AKAT,40234,398,597,291,954,294,38,29.026278,41.085982,1.53,name+spatial,418.3,404.4,273.87017822265625,515.5169067382812,404.4,polygon mean,ok
142,BEŞİKTAŞ,ARNAVUTKÖY,40231,611,295,196,997,105,0,29.041305,41.068194,0.425,name+spatial,582.5,596.5,557.3040771484375,646.3561401367188,596.5,polygon mean,ok
143,BEŞİKTAŞ,BALMUMCU,40223,145,144,61,289,48,13,29.015073,41.059527,0.556,name+district,456.8,430.7,311.8330383300781,487.4217834472656,430.7,polygon mean,ok
144,BEŞİKTAŞ,BEBEK,40232,477,266,170,743,169,1,29.043979,41.07897,1.246,name+district,646.4,571.2,506.2638244628906,646.3561401367188,571.2,polygon mean,ok
145,BEŞİKTAŞ,CİHANNÜMA,40217,209,141,88,173,260,5,29.007989,41.046756,0.274,name+district,483.2,461.8,440.4998779296875,483.1842041015625,461.8,polygon mean,ok
146,BEŞİKTAŞ,DİKİLİTAŞ,40221,288,243,170,113,529,59,29.004873,41.055389,0.649,name+spatial,429.1,446.3,411.0306091308594,483.1842041015625,446.3,polygon mean,ok
147,BEŞİKTAŞ,ETİLER,40233,438,189,173,524,261,15,29.036085,41.084384,1.215,name+spatial,429.6,454.8,273.87017822265625,646.3561401367188,454.8,polygon mean,ok
148,BEŞİKTAŞ,GAYRETTEPE,40222,227,169,111,137,239,131,29.006202,41.062243,0.598,name+spatial,429.1,361.1,292.5301818847656,429.09747314453125,361.1,polygon mean,ok
149,BEŞİKTAŞ,KONAKLAR,40236,217,231,181,278,319,32,29.015164,41.094997,2.632,name+district,431.9,368.3,287.7975158691406,431.8675842285156,368.3,polygon mean,ok
150,BEŞİKTAŞ,KURUÇEŞME,40228,437,147,132,667,49,0,29.034273,41.06149,1.014,name+district,545.0,577.0,544.9840087890625,600.0,577.0,polygon mean,ok
151,BEŞİKTAŞ,KÜLTÜR,40229,172,141,117,286,138,6,29.032796,41.072961,0.73,name+district,515.5,515.1,273.87017822265625,646.3561401367188,515.1,polygon mean,ok
152,BEŞİKTAŞ,LEVAZIM,40226,38,118,64,59,148,13,29.019347,41.062554,0.761,name+spatial,412.4,450.0,412.41607666015625,487.4217834472656,450.0,polygon mean,ok
153,BEŞİKTAŞ,LEVENT,40235,798,158,416,1337,24,11,29.016944,41.081576,1.083,name+spatial,369.9,352.9,273.87017822265625,431.8675842285156,352.9,polygon mean,ok
154,BEŞİKTAŞ,MECİDİYE,40224,546,320,216,673,409,0,29.019187,41.052509,0.571,name+district,473.1,466.6,429.09747314453125,487.4217834472656,466.6,polygon mean,ok
155,BEŞİKTAŞ,MURADİYE,40216,141,139,34,15,293,6,28.998994,41.048052,0.081,name+spatial,462.0,467.9,461.97637939453125,473.8778991699219,467.9,polygon mean,ok
156,BEŞİKTAŞ,NİSBETİYE,40230,201,271,114,123,426,37,,,,UNMATCHED,,,,,,none,no_geometry
157,BEŞİKTAŞ,ORTAKÖY,40225,474,273,284,727,303,1,29.027706,41.054589,0.851,name+spatial,487.4,529.7,486.5447082519531,600.0,529.7,polygon mean,ok
158,BEŞİKTAŞ,SİNANPAŞA,40215,189,187,147,289,233,1,29.004871,41.042764,0.166,name+spatial,440.5,457.2,440.4998779296875,473.8778991699219,457.2,polygon mean,ok
159,BEŞİKTAŞ,TÜRKALİ,40218,395,212,102,190,512,7,29.002422,41.047202,0.21,name+district,462.0,464.9,440.4998779296875,483.1842041015625,464.9,polygon mean,ok
160,BEŞİKTAŞ,ULUS,40227,130,288,72,256,234,0,29.026914,41.0645,0.525,name+spatial,443.6,508.3,443.59588623046875,557.3040771484375,508.3,polygon mean,ok
161,BEŞİKTAŞ,VİŞNEZADE,40214,254,273,146,338,317,18,28.998643,41.041507,0.584,name+district,473.9,496.2,440.4998779296875,600.0,496.2,polygon mean,ok
162,BEŞİKTAŞ,YILDIZ,40220,270,224,184,375,295,8,29.014472,41.047986,1.125,name+district,473.1,472.8,413.5164489746094,600.0,472.8,polygon mean,ok
163,BEYKOZ,ACARLAR,40250,3,1846,391,1977,262,1,29.124925,41.109378,5.446,name+spatial,516.3,458.3,247.64535522460938,563.3418579101562,458.3,polygon mean,ok
164,BEYKOZ,AKBABA,191701,298,210,188,682,14,0,29.112776,41.156208,4.515,name+spatial,466.2,423.8,344.0790100097656,491.5520935058594,423.8,polygon mean,ok
165,BEYKOZ,ALİBAHADIR,191703,22,151,130,302,1,0,29.208334,41.19189,11.288,name+spatial,401.7,432.0,290.91021728515625,534.6110229492188,432.0,polygon mean,ok
166,BEYKOZ,ANADOLU FENERİ,191705,42,73,301,414,2,0,29.170178,41.200889,16.997,name+spatial,401.1,435.4,290.91021728515625,600.0,435.4,polygon mean,ok
167,BEYKOZ,ANADOLU HİSARI,40243,362,163,138,619,44,0,29.07112,41.087005,0.994,name+district,509.8,480.8,413.6929626464844,517.5634765625,480.8,polygon mean,ok
168,BEYKOZ,ANADOLU KAVAĞI,40256,93,163,153,402,7,0,29.094366,41.169803,5.272,name+spatial,537.6,524.9,373.7281494140625,687.6017456054688,524.9,polygon mean,ok
169,BEYKOZ,BAKLACI,40257,21,0,1024,1034,11,0,29.137561,41.061773,11.853,name+district,444.3,405.7,270.9442138671875,528.5159301757812,405.7,polygon mean,ok
170,BEYKOZ,BOZHANE,191725,47,82,149,278,0,0,29.296279,41.17929,14.454,name+spatial,283.8,421.2,281.26129150390625,600.0,421.2,polygon mean,ok
171,BEYKOZ,CUMHURİYET,191727,205,194,283,679,3,0,29.254694,41.126598,10.635,name+spatial,401.7,407.7,247.59494018554688,518.7125854492188,407.7,polygon mean,ok
172,BEYKOZ,ÇAMLIBAHÇE,40253,699,255,115,1042,27,0,29.08309,41.148462,0.51,name+district,480.5,427.8,373.7281494140625,480.45733642578125,427.8,polygon mean,ok
173,BEYKOZ,ÇENGELDERE,40258,26,3,1161,1159,31,0,29.146481,41.097479,5.242,name+spatial,343.9,405.1,293.15618896484375,545.74462890625,405.1,polygon mean,ok
174,BEYKOZ,ÇİFTLİK,40259,31,0,1074,1079,26,0,29.140818,41.079665,4.098,name+spatial,389.1,374.4,293.15618896484375,471.4518737792969,374.4,polygon mean,ok
175,BEYKOZ,ÇİĞDEM,40240,962,752,177,1793,98,0,29.096228,41.110169,0.89,name+district,449.0,497.0,449.0228576660156,600.0,497.0,polygon mean,ok
176,BEYKOZ,ÇUBUKLU,40241,1414,1493,428,3110,224,1,29.086717,41.102593,2.36,name+district,469.3,460.2,306.25634765625,600.0,460.2,polygon mean,ok
177,BEYKOZ,DERESEKİ,191709,130,222,370,718,4,0,29.148984,41.156805,8.791,name+spatial,264.5,413.3,264.5150146484375,538.9666748046875,413.3,polygon mean,ok
178,BEYKOZ,ELMALI,191711,92,501,310,880,23,0,29.129485,41.13683,4.379,name+spatial,489.3,457.2,247.64535522460938,538.9666748046875,457.2,polygon mean,ok
179,BEYKOZ,FATİH,40260,17,0,602,583,36,0,29.118856,41.086246,3.622,name+spatial,490.0,438.9,293.15618896484375,563.3418579101562,438.9,polygon mean,ok
180,BEYKOZ,GÖKSU,40244,354,126,125,580,25,0,29.071026,41.07794,0.736,name+district,369.4,443.7,369.44964599609375,509.7632141113281,443.7,polygon mean,ok
181,BEYKOZ,GÖLLÜ,191729,20,36,91,147,0,0,29.285435,41.198542,14.728,name+spatial,353.7,411.8,281.26129150390625,600.0,411.8,polygon mean,ok
182,BEYKOZ,GÖRELE,191713,30,412,213,650,5,0,29.146953,41.110653,2.935,name+spatial,445.0,414.2,247.64535522460938,501.51580810546875,414.2,polygon mean,ok
183,BEYKOZ,GÖZTEPE,40246,189,294,557,904,135,1,29.088293,41.078755,2.61,name+district,397.5,402.9,306.25634765625,509.7632141113281,402.9,polygon mean,ok
184,BEYKOZ,GÜMÜŞSUYU,40237,1354,1211,586,3087,64,0,29.11068,41.126192,2.467,name+district,625.9,511.7,354.110107421875,625.8831176757812,511.7,polygon mean,ok
185,BEYKOZ,İNCİRKÖY,40238,2043,775,419,3124,113,0,29.114581,41.119909,2.003,name+district,531.8,480.8,247.64535522460938,625.8831176757812,480.8,polygon mean,ok
186,BEYKOZ,İSHAKLI,191731,64,213,379,655,1,0,29.314139,41.137639,12.4,name+spatial,481.1,412.8,248.1693878173828,523.7916870117188,412.8,polygon mean,ok
187,BEYKOZ,KANLICA,40242,387,206,150,658,84,1,29.072149,41.098494,1.319,name+spatial,524.6,497.0,306.25634765625,600.0,497.0,polygon mean,ok
188,BEYKOZ,KAVACIK,40247,959,667,363,1296,606,87,29.083346,41.090389,1.631,name+district,306.3,437.0,306.25634765625,509.7632141113281,437.0,polygon mean,ok
189,BEYKOZ,KAYNARCA,191715,3,124,91,218,0,0,29.152735,41.172377,5.581,name+spatial,476.1,394.2,264.5150146484375,476.1238708496094,394.2,polygon mean,ok
190,BEYKOZ,KILIÇLI,191733,0,39,293,331,1,0,29.320724,41.157291,16.959,name+spatial,326.2,381.0,241.56146240234375,551.9502563476562,381.0,polygon mean,ok
191,BEYKOZ,MAHMUTŞEVKETPAŞA,191723,213,254,267,727,7,0,29.195247,41.154291,16.156,name+spatial,387.7,418.8,234.72845458984375,556.4426879882812,418.8,polygon mean,ok
192,BEYKOZ,MERKEZ,40251,712,291,209,1147,64,1,29.110629,41.134345,3.577,name+district,535.8,485.4,344.0790100097656,572.1864624023438,485.4,polygon mean,ok
193,BEYKOZ,ORTAÇEŞME,40254,594,705,249,1517,31,0,29.091958,41.14578,0.818,name+district,464.6,416.1,344.0790100097656,480.45733642578125,416.1,polygon mean,ok
194,BEYKOZ,ÖĞÜMCE,191735,81,161,110,352,0,0,29.24782,41.154186,10.653,name+spatial,470.1,418.6,247.93128967285156,553.2577514648438,418.6,polygon mean,ok
195,BEYKOZ,ÖRNEKKÖY,191721,20,676,358,1044,10,0,29.153181,41.142612,3.717,name+spatial,356.3,432.4,266.804931640625,538.9666748046875,432.4,polygon mean,ok
196,BEYKOZ,PAŞABAHÇE,40239,474,166,101,694,47,0,29.092982,41.114154,0.573,name+spatial,600.0,514.0,449.0228576660156,600.0,514.0,polygon mean,water
197,BEYKOZ,PAŞAMANDIRA,191737,50,269,240,559,0,0,29.235492,41.171153,12.124,name+spatial,437.5,407.1,234.72845458984375,504.8215637207031,407.1,polygon mean,ok
198,BEYKOZ,POLONEZKÖY,191717,105,155,212,469,3,0,29.198853,41.111426,29.36,name+spatial,411.3,413.1,247.59494018554688,560.2520751953125,413.1,polygon mean,ok
199,BEYKOZ,POYRAZKÖY,16634,89,12,205,300,6,0,29.133125,41.190553,8.601,name+spatial,432.5,493.8,358.7102355957031,600.0,493.8,polygon mean,ok
200,BEYKOZ,RİVA,191707,8,64,1305,1367,9,1,29.242802,41.212781,22.682,name+spatial,317.6,441.6,289.06671142578125,600.0,441.6,polygon mean,ok
201,BEYKOZ,RÜZGARLIBAHÇE,40248,536,826,342,1618,58,28,29.10173,41.090292,3.441,name+district,433.6,432.9,306.2891845703125,545.697021484375,432.9,polygon mean,ok
202,BEYKOZ,SOĞUKSU,40249,378,925,259,1470,92,0,29.110424,41.111608,0.944,name+district,460.4,495.6,449.0228576660156,534.6031494140625,495.6,polygon mean,ok
203,BEYKOZ,TOKATKÖY,40255,995,1366,411,2688,84,0,29.10065,41.162779,4.084,name+spatial,459.2,467.6,350.28228759765625,600.76904296875,467.6,polygon mean,ok
204,BEYKOZ,YALIKÖY,40252,740,346,242,1295,33,0,29.08259,41.141212,1.022,name+district,439.4,428.7,356.0762634277344,488.5179443359375,428.7,polygon mean,ok
205,BEYKOZ,YAVUZ SELİM,40261,30,18,1363,1392,19,0,29.179003,41.073166,13.561,name+spatial,428.0,438.1,295.5725402832031,619.2300415039062,438.1,polygon mean,ok
206,BEYKOZ,YENİ MAHALLE,40245,1046,1750,648,3366,78,0,29.090858,41.068181,2.491,name+district,440.2,415.8,306.2891845703125,528.5159301757812,415.8,polygon mean,ok
207,BEYKOZ,ZERZAVATÇI,191739,43,157,86,284,2,0,29.162077,41.132694,3.493,name+spatial,477.8,422.7,247.64535522460938,477.7560729980469,422.7,polygon mean,ok
208,BEYLİKDÜZÜ,ADNAN KAHVECİ,40869,0,505,1113,583,490,545,28.628431,40.998874,4.552,name+district,360.9,436.2,263.6153564453125,560.78125,436.2,polygon mean,ok
209,BEYLİKDÜZÜ,BARIŞ,40875,0,303,499,368,56,378,28.65185,40.998978,2.547,name+district,420.0,421.9,331.7113037109375,495.5061340332031,421.9,polygon mean,ok
210,BEYLİKDÜZÜ,BÜYÜKŞEHİR,40877,0,107,132,51,15,173,28.645024,41.005491,0.949,name+district,397.1,418.0,392.50299072265625,493.2799987792969,418.0,polygon mean,ok
211,BEYLİKDÜZÜ,CUMHURİYET,40874,0,224,126,91,14,245,28.638503,41.010195,1.274,name+district,397.1,377.5,263.6153564453125,416.42498779296875,377.5,polygon mean,ok
212,BEYLİKDÜZÜ,DEREAĞZI,40870,0,1134,1027,1960,192,9,28.617235,40.974059,6.613,name+district,470.8,492.2,373.0629577636719,600.0,492.2,polygon mean,ok
213,BEYLİKDÜZÜ,GÜRPINAR,40867,0,953,510,1220,191,52,28.603019,40.986227,2.568,name+district,495.3,529.1,463.9464111328125,600.0,529.1,polygon mean,ok
214,BEYLİKDÜZÜ,KAVAKLI,40873,0,624,920,997,421,126,28.644829,40.980534,5.272,name+district,468.5,452.0,331.7113037109375,529.3101196289062,452.0,polygon mean,ok
215,BEYLİKDÜZÜ,MARMARA,40893,4,336,657,722,89,186,28.669269,40.972249,5.596,name+spatial,524.4,517.3,418.9334716796875,600.0,517.3,polygon mean,ok
216,BEYLİKDÜZÜ,SAHİL,40876,0,369,277,540,84,22,28.645743,40.968566,1.553,name+district,437.1,502.3,437.1264953613281,600.0,502.3,polygon mean,ok
217,BEYLİKDÜZÜ,YAKUPLU,40894,37,1666,1230,1522,1369,42,28.677783,40.99084,7.365,name+spatial,578.9,474.3,305.201904296875,600.0,474.3,polygon mean,ok
218,BEYOĞLU,ARAP CAMİ,40299,347,139,2,332,125,31,28.971309,41.023526,0.16,name+spatial,313.4,303.9,294.4555969238281,313.3907470703125,303.9,polygon mean,ok
219,BEYOĞLU,ASMALI MESCİT,40281,156,107,77,47,276,17,28.974924,41.030981,0.088,name+spatial,418.7,366.0,313.3907470703125,418.68621826171875,366.0,polygon mean,ok
220,BEYOĞLU,BEDRETTİN,40300,199,46,6,231,20,0,28.968866,41.028989,0.242,name+spatial,294.5,361.7,294.4555969238281,420.1161193847656,361.7,polygon mean,ok
221,BEYOĞLU,BEREKETZADE,40298,163,124,11,95,193,10,28.973325,41.025351,0.074,name+spatial,313.4,313.4,313.3907470703125,313.3907470703125,313.4,polygon mean,ok
222,BEYOĞLU,BOSTAN,40291,317,112,8,324,112,1,28.976273,41.038792,0.063,name+spatial,432.4,425.5,418.68621826171875,432.37322998046875,425.5,polygon mean,ok
223,BEYOĞLU,BÜLBÜL,40292,510,216,16,575,166,1,28.979894,41.039184,0.094,name+spatial,389.6,427.6,389.62646484375,460.6761169433594,427.6,polygon mean,ok
224,BEYOĞLU,CAMİİKEBİR,40301,458,204,8,489,179,2,28.959342,41.034981,0.426,name+spatial,366.9,422.2,366.8721923828125,474.2667236328125,422.2,polygon mean,ok
225,BEYOĞLU,CİHANGİR,40275,237,157,83,113,349,15,28.985331,41.033049,0.113,name+spatial,460.7,478.1,460.6761169433594,495.48040771484375,478.1,polygon mean,ok
226,BEYOĞLU,ÇATMA MESCİT,40283,174,92,1,135,124,8,28.971837,41.032208,0.092,name+spatial,418.7,419.4,418.68621826171875,420.1161193847656,419.4,polygon mean,ok
227,BEYOĞLU,ÇUKUR,40293,331,56,7,243,144,7,28.978115,41.037191,0.053,name+spatial,418.7,425.3,389.62646484375,460.6761169433594,425.3,polygon mean,ok
228,BEYOĞLU,EMEKYEMEZ,40269,169,156,14,144,181,14,28.970385,41.02603,0.063,name+spatial,294.5,303.9,294.4555969238281,313.3907470703125,303.9,polygon mean,ok
229,BEYOĞLU,EVLİYA ÇELEBİ,40282,80,23,6,24,72,13,29.286963,40.839499,3.009,name-only,600.0,417.9,188.107177734375,600.0,417.9,polygon mean,water
230,BEYOĞLU,FETİHTEPE,40262,1188,330,135,1164,487,2,28.956903,41.048279,0.328,name+spatial,384.8,453.0,384.77313232421875,525.2611083984375,453.0,polygon mean,ok
231,BEYOĞLU,FİRUZAĞA,40276,337,126,58,260,260,1,28.980693,41.030191,0.103,name+spatial,460.7,432.4,417.8989562988281,460.6761169433594,432.4,polygon mean,ok
232,BEYOĞLU,GÜMÜŞSUYU,40278,225,119,28,116,223,33,28.988308,41.037181,0.359,name+spatial,495.5,462.7,389.62646484375,505.1543273925781,462.7,polygon mean,ok
233,BEYOĞLU,HACIAHMET,40280,522,502,60,629,446,9,28.973977,41.042208,0.337,name+spatial,432.4,428.8,425.193603515625,432.37322998046875,428.8,polygon mean,ok
234,BEYOĞLU,HACIMİMİ,40285,215,116,22,188,159,6,28.978291,41.0268,0.092,name+spatial,313.4,365.6,313.3907470703125,417.8989562988281,365.6,polygon mean,ok
235,BEYOĞLU,HALICIOĞLU,40304,336,214,91,229,407,5,28.949757,41.048851,0.408,name+spatial,525.3,423.1,376.9234619140625,525.2611083984375,423.1,polygon mean,ok
236,BEYOĞLU,HÜSEYİNAĞA,40272,169,74,44,76,204,7,28.978492,41.034991,0.064,name+spatial,418.7,439.7,418.68621826171875,460.6761169433594,439.7,polygon mean,ok
237,BEYOĞLU,İSTİKLAL,40279,826,242,83,1107,30,14,,,,UNMATCHED,,,,,,none,no_geometry
238,BEYOĞLU,KADI MEHMET EFENDİ,40267,254,171,102,178,347,2,28.963868,41.034352,0.134,name+spatial,420.1,393.5,366.8721923828125,420.1161193847656,393.5,polygon mean,ok
239,BEYOĞLU,KALYONCU KULLUĞU,40270,331,79,8,217,200,1,28.975695,41.036718,0.049,name+spatial,418.7,425.5,418.68621826171875,432.37322998046875,425.5,polygon mean,ok
240,BEYOĞLU,KAMER HATUN,40271,202,37,9,132,113,3,28.975207,41.03491,0.065,name+spatial,418.7,418.7,418.68621826171875,418.68621826171875,418.7,polygon mean,ok
241,BEYOĞLU,KAPTANPAŞA,40264,578,520,202,764,535,1,28.963853,41.042287,0.412,name+spatial,400.9,437.6,400.8831481933594,474.2667236328125,437.6,polygon mean,ok
242,BEYOĞLU,KATİPMUSTAFA ÇELEBİ,40274,177,95,93,93,265,7,28.983034,41.034515,0.086,name+spatial,460.7,460.7,460.6761169433594,460.6761169433594,460.7,polygon mean,ok
243,BEYOĞLU,KEÇECİ PİRİ,40302,879,521,86,1071,415,0,28.955184,41.040702,0.35,name+spatial,474.3,423.0,366.8721923828125,474.2667236328125,423.0,polygon mean,ok
244,BEYOĞLU,KEMANKEŞ KARAMUSTAFAPAŞA,40297,232,82,0,128,184,2,28.978683,41.024105,0.137,name+spatial,313.4,365.6,313.3907470703125,417.8989562988281,365.6,polygon mean,ok
245,BEYOĞLU,KILIÇALİ PAŞA,40296,221,104,15,116,202,22,28.984119,41.028417,0.239,name+spatial,417.9,493.5,417.8989562988281,600.0,493.5,polygon mean,ok
246,BEYOĞLU,KOCATEPE,40277,364,170,50,255,276,53,28.983421,41.040021,0.158,name+district,389.6,389.6,389.62646484375,389.62646484375,389.6,polygon mean,ok
247,BEYOĞLU,KULAKSIZ,40266,279,181,35,217,277,1,28.960726,41.038059,0.278,name+spatial,474.3,415.5,366.8721923828125,474.2667236328125,415.5,polygon mean,ok
248,BEYOĞLU,KULOĞLU,40288,243,106,49,117,279,2,28.980283,41.032967,0.107,name+spatial,460.7,439.7,418.68621826171875,460.6761169433594,439.7,polygon mean,ok
249,BEYOĞLU,KÜÇÜK PİYALE,40268,325,240,48,343,266,4,28.967624,41.036875,0.198,name+spatial,420.1,418.0,400.8831481933594,432.37322998046875,418.0,polygon mean,ok
250,BEYOĞLU,MÜEYYETZADE,40286,150,120,19,138,144,7,,,,UNMATCHED,,,,,,none,no_geometry
251,BEYOĞLU,ÖMER AVNİ,40294,230,92,6,98,224,6,28.991891,41.03489,0.233,name+spatial,495.5,500.3,495.48040771484375,505.1543273925781,500.3,polygon mean,ok
252,BEYOĞLU,ÖRNEKTEPE,40305,775,192,218,936,236,13,28.951365,41.058045,0.574,name+spatial,471.8,428.5,280.7748718261719,525.2611083984375,428.5,polygon mean,ok
253,BEYOĞLU,PİRİPAŞA,40303,882,417,136,1060,374,1,28.951115,41.044861,0.495,name+spatial,427.9,442.6,384.77313232421875,525.2611083984375,442.6,polygon mean,ok
254,BEYOĞLU,PİYALEPAŞA,40263,1554,570,12,1381,755,0,28.962433,41.048185,0.495,name+spatial,384.8,418.9,384.77313232421875,474.2667236328125,418.9,polygon mean,ok
255,BEYOĞLU,PÜRTELAŞ HASAN EFENDİ,40295,159,101,20,98,170,12,28.987774,41.03074,0.108,name+spatial,495.5,493.5,417.8989562988281,600.0,493.5,polygon mean,ok
256,BEYOĞLU,SURURİ MEHMET EFENDİ,40289,365,105,5,359,114,2,28.972391,41.036848,0.107,name+spatial,418.7,423.7,418.68621826171875,432.37322998046875,423.7,polygon mean,ok
257,BEYOĞLU,SÜTLÜCE,40306,417,160,213,433,348,9,28.94469,41.051016,0.678,name+spatial,376.9,437.9,376.9234619140625,525.2611083984375,437.9,polygon mean,ok
258,BEYOĞLU,ŞAHKULU,40284,202,87,56,130,211,4,28.974546,41.027661,0.085,name+spatial,313.4,366.0,313.3907470703125,418.68621826171875,366.0,polygon mean,ok
259,BEYOĞLU,ŞEHİT MUHTAR,40273,420,143,40,227,354,22,28.981915,41.036774,0.097,name+spatial,460.7,425.2,389.62646484375,460.6761169433594,425.2,polygon mean,ok
260,BEYOĞLU,TOMTOM,40287,260,107,53,186,227,7,28.977566,41.030208,0.14,name+spatial,418.7,402.7,313.3907470703125,460.6761169433594,402.7,polygon mean,ok
261,BEYOĞLU,YAHYA KAHYA,40290,311,114,7,308,124,0,28.97154,41.033976,0.084,name+spatial,418.7,419.4,418.68621826171875,420.1161193847656,419.4,polygon mean,ok
262,BEYOĞLU,YENİŞEHİR,40265,283,271,101,458,195,2,28.978186,41.04232,0.104,name+spatial,432.4,411.0,389.62646484375,432.37322998046875,411.0,polygon mean,ok
263,BÜYÜKÇEKMECE,19.May,40850,83,260,279,434,187,1,,,,UNMATCHED,,,,,,none,no_geometry
264,BÜYÜKÇEKMECE,AHMEDİYE,40891,1,242,71,311,2,1,28.520129,41.091313,3.078,name+district,385.2,352.2,218.8988800048828,600.0,352.2,polygon mean,ok
265,BÜYÜKÇEKMECE,ALKENT 2000,40844,0,521,968,1456,13,20,28.605805,41.071448,6.694,name+district,516.0,415.6,221.05303955078125,561.4330444335938,415.6,polygon mean,ok
266,BÜYÜKÇEKMECE,ATATÜRK,40845,63,738,395,787,409,0,28.603338,41.013375,1.243,name+district,468.7,517.7,373.8591613769531,593.778076171875,517.7,polygon mean,ok
267,BÜYÜKÇEKMECE,BAHÇELİEVLER,40882,0,1106,787,1881,12,0,28.491402,41.027448,7.191,name+district,473.9,473.6,328.28289794921875,603.47998046875,473.6,polygon mean,ok
268,BÜYÜKÇEKMECE,CELALİYE,40928,0,115,1886,1894,107,0,28.412701,41.063311,13.241,name+district,594.6,474.0,294.4476013183594,600.0,474.0,polygon mean,ok
269,BÜYÜKÇEKMECE,CUMHURİYET,40846,3,388,444,719,95,21,28.619072,41.022534,2.545,name+district,559.2,476.8,263.6153564453125,593.778076171875,476.8,polygon mean,ok
270,BÜYÜKÇEKMECE,ÇAKMAKLI,99334,0,279,215,469,12,13,28.61586,41.051364,5.496,name+district,533.2,476.6,299.3525695800781,561.4330444335938,476.6,polygon mean,ok
271,BÜYÜKÇEKMECE,DİZDARİYE,40847,152,167,229,344,204,0,28.579361,41.02458,0.559,name+district,340.7,424.2,244.66334533691406,600.0,424.2,polygon mean,ok
272,BÜYÜKÇEKMECE,EKİNOBA,40886,1,280,240,343,130,48,28.544525,41.007779,1.244,name+spatial,442.1,473.3,405.6233215332031,600.0,473.3,polygon mean,ok
273,BÜYÜKÇEKMECE,FATİH,40848,145,637,475,862,392,3,28.5946,41.021233,2.004,name+district,435.4,462.1,244.66334533691406,600.0,462.1,polygon mean,ok
274,BÜYÜKÇEKMECE,GÜZELCE,40883,0,1283,1236,2499,14,6,28.51562,41.009329,6.012,name+district,511.5,449.5,300.3514099121094,600.0,449.5,polygon mean,ok
275,BÜYÜKÇEKMECE,HÜRRİYET,40889,176,910,650,1463,273,0,28.533049,41.04678,6.991,name+district,466.7,420.7,275.1382751464844,516.647705078125,420.7,polygon mean,ok
276,BÜYÜKÇEKMECE,KAMİLOBA,40929,0,52,2090,1943,196,3,28.452362,41.053795,14.046,name+district,540.7,449.3,342.8721008300781,600.0,449.3,polygon mean,ok
277,BÜYÜKÇEKMECE,KARAAĞAÇ,40849,0,273,1511,1780,4,0,28.589018,41.095351,28.07,name+district,466.3,400.7,277.6545104980469,517.2888793945312,400.7,polygon mean,ok
278,BÜYÜKÇEKMECE,KUMBURGAZ,40884,0,954,556,1406,104,0,28.463977,41.037029,4.034,name+spatial,532.8,473.2,357.2460021972656,600.0,473.2,polygon mean,ok
279,BÜYÜKÇEKMECE,MİMAR SİNAN MERKEZ,40887,298,539,493,1106,204,20,28.556994,41.017408,2.257,name+district,393.9,512.2,357.5890808105469,600.0,512.2,polygon mean,ok
280,BÜYÜKÇEKMECE,MİMAROBA,140376,0,402,316,340,271,107,28.536268,41.004204,1.353,name+district,405.6,468.0,405.6233215332031,600.0,468.0,polygon mean,ok
281,BÜYÜKÇEKMECE,MURAT ÇEŞME,40888,9,593,483,878,188,19,28.535269,41.017709,2.437,name+district,451.7,445.4,300.3514099121094,516.647705078125,445.4,polygon mean,ok
282,BÜYÜKÇEKMECE,PINARTEPE,40868,1,611,768,1031,343,6,28.611997,41.005064,3.717,name+district,579.7,535.7,433.9552001953125,593.778076171875,535.7,polygon mean,ok
283,BÜYÜKÇEKMECE,SİNANOBA,140374,0,639,452,857,130,104,28.538154,40.993208,1.607,name+spatial,405.1,489.0,393.09393310546875,600.0,489.0,polygon mean,ok
284,BÜYÜKÇEKMECE,TÜRKOBA,40892,45,1404,1197,2576,39,31,28.511477,41.043342,11.87,name+district,382.8,409.1,282.9457092285156,489.274658203125,409.1,polygon mean,ok
285,BÜYÜKÇEKMECE,ULUS,40890,326,738,470,1325,209,0,28.547842,41.045379,4.712,name+district,366.3,431.5,264.49029541015625,600.0,431.5,polygon mean,ok
286,BÜYÜKÇEKMECE,YENİMAHALLE,40885,0,491,207,667,31,0,28.475598,41.026225,1.546,name+spatial,570.6,525.4,417.3354187011719,603.47998046875,525.4,polygon mean,ok
287,ÇATALCA,AKALAN,191781,0,337,72,409,0,0,28.414791,41.250685,16.802,name+district,347.9,414.6,279.47735595703125,602.319091796875,414.6,polygon mean,ok
288,ÇATALCA,ATATÜRK,40903,90,245,310,642,3,0,28.146398,41.392227,37.816,name+district,402.3,347.1,223.30740356445312,522.3231811523438,347.1,polygon mean,ok
289,ÇATALCA,AYDINLAR,191783,254,169,199,620,2,0,28.221772,41.371155,36.731,name+district,279.0,365.7,206.8883056640625,596.8053588867188,365.7,polygon mean,ok
290,ÇATALCA,BAHŞAYİŞ,40902,0,6,198,204,0,0,28.554799,41.123305,9.247,name+district,379.4,363.2,256.1935729980469,451.0847473144531,363.2,polygon mean,ok
291,ÇATALCA,BAŞAK,191821,68,56,86,210,0,0,28.456946,41.337975,12.319,name+district,308.7,360.6,228.15093994140625,450.2906799316406,360.6,polygon mean,ok
292,ÇATALCA,BELGRAT,191823,0,16,215,231,0,0,28.377435,41.364898,27.575,name+district,474.3,454.3,262.6380615234375,634.3430786132812,454.3,polygon mean,ok
293,ÇATALCA,CELEPKÖY,191825,0,2,156,158,0,0,28.529237,41.357224,28.509,name+district,436.4,451.2,278.652587890625,600.0,451.2,polygon mean,ok
294,ÇATALCA,ÇAKIL,40899,100,660,946,1706,0,0,28.453442,41.104262,21.053,name+district,286.9,445.9,286.89593505859375,665.1077270507812,445.9,polygon mean,ok
295,ÇATALCA,ÇANAKÇA,191785,81,365,726,1168,4,0,28.51123,41.257876,14.35,name+district,420.0,412.8,228.734375,561.9065551757812,412.8,polygon mean,ok
296,ÇATALCA,ÇİFTLİKKÖY,40917,145,193,506,842,2,0,,,,UNMATCHED,,,,,,none,no_geometry
297,ÇATALCA,DAĞYENİCE,191787,43,136,210,389,0,0,28.482433,41.278355,20.407,name+district,370.4,418.2,251.74342346191406,532.1604614257812,418.2,polygon mean,ok
298,ÇATALCA,ELBASAN,191789,0,190,291,481,0,0,28.401945,41.146001,16.163,name+district,450.6,415.5,234.49855041503906,578.7120361328125,415.5,polygon mean,ok
299,ÇATALCA,FATİH,40904,184,262,428,873,1,0,28.16693,41.480791,175.336,name+district,420.8,462.6,206.8883056640625,621.1744995117188,462.6,polygon mean,ok
300,ÇATALCA,FERHATPAŞA,40897,45,813,1462,1788,532,0,28.497501,41.128949,26.158,name+district,471.9,398.8,203.57516479492188,731.8076171875,398.8,polygon mean,ok
301,ÇATALCA,GÖKÇEALİ,191791,0,409,312,720,0,1,28.435379,41.205652,9.141,name+district,388.2,382.5,244.53469848632812,492.22198486328125,382.5,polygon mean,ok
302,ÇATALCA,GÜMÜŞPINAR,191793,0,277,120,396,1,0,28.304621,41.328638,24.271,name+district,443.0,380.0,220.53463745117188,583.5338745117188,380.0,polygon mean,ok
303,ÇATALCA,HALLAÇLI,191795,0,434,392,826,0,0,28.106257,41.336989,34.397,name+district,382.0,309.9,195.0238494873047,384.0771179199219,309.9,polygon mean,ok
304,ÇATALCA,HİSARBEYLİ,191827,0,6,169,175,0,0,28.476262,41.369205,10.352,name+district,400.1,374.9,264.76019287109375,474.3648681640625,374.9,polygon mean,ok
305,ÇATALCA,İHSANİYE,191797,226,354,172,742,10,0,28.340089,41.271846,33.482,name+district,447.1,390.6,235.7436981201172,505.9689025878906,390.6,polygon mean,ok
306,ÇATALCA,İNCEĞİZ,191799,0,416,245,661,0,0,28.401543,41.195344,24.917,name+district,322.4,407.7,234.49855041503906,546.6051635742188,407.7,polygon mean,ok
307,ÇATALCA,İZZETTİN,40900,0,243,703,944,2,0,28.504837,41.169775,23.019,name+district,315.2,342.4,203.57516479492188,530.0243530273438,342.4,polygon mean,ok
308,ÇATALCA,KABAKÇA,191801,153,677,461,1291,0,0,28.376053,41.240791,21.42,name+district,399.5,390.1,282.4136962890625,505.9689025878906,390.1,polygon mean,ok
309,ÇATALCA,KALEİÇİ,40898,71,880,1051,1920,82,0,28.445324,41.161865,24.073,name+district,636.4,465.3,244.53469848632812,782.1734008789062,465.3,polygon mean,ok
310,ÇATALCA,KALFA,191803,87,142,173,402,0,0,28.432957,41.287969,26.15,name+district,584.0,460.0,297.2017822265625,673.6836547851562,460.0,polygon mean,ok
311,ÇATALCA,KARACAKÖY MERKEZ,40916,0,25,1009,1032,2,0,28.345114,41.417085,67.644,name+district,422.6,408.7,235.04531860351562,613.0701904296875,408.7,polygon mean,ok
312,ÇATALCA,KARAMANDERE,191829,12,11,326,348,1,0,28.307384,41.369316,29.844,name+district,508.1,463.5,238.6048126220703,653.8538818359375,463.5,polygon mean,ok
313,ÇATALCA,KESTANELİK,191805,57,412,402,861,10,0,28.497108,41.223035,10.486,name+district,396.0,430.5,273.6656188964844,565.2784423828125,430.5,polygon mean,ok
314,ÇATALCA,KIZILCAALİ,191807,0,0,204,198,6,0,28.557386,41.243071,11.954,name+district,394.0,430.6,228.734375,575.3343505859375,430.6,polygon mean,ok
315,ÇATALCA,MURATBEY MERKEZ,40905,0,19,678,689,8,0,28.495049,41.08464,19.06,name+district,534.5,430.4,265.5364990234375,665.1077270507812,430.4,polygon mean,ok
316,ÇATALCA,NAKKAŞ,40909,0,338,311,648,1,0,28.55746,41.183052,47.059,name+district,390.4,403.8,229.48687744140625,575.3343505859375,403.8,polygon mean,ok
317,ÇATALCA,OKLALI,191809,0,304,157,461,0,0,28.478421,41.22013,6.753,name+district,264.0,412.7,263.9623718261719,509.2957458496094,412.7,polygon mean,ok
318,ÇATALCA,ORMANLI,191831,0,8,485,492,1,0,28.440382,41.406439,33.555,name+district,394.6,380.5,200.90480041503906,600.0,380.5,polygon mean,ok
319,ÇATALCA,OVAYENİCE,40901,103,289,691,1083,0,0,28.414582,41.100114,20.369,name+district,357.5,388.4,221.31565856933594,526.136474609375,388.4,polygon mean,ok
320,ÇATALCA,ÖRCÜNLÜ,191811,0,0,421,421,0,0,28.524682,41.226215,12.533,name+district,432.4,409.2,273.6656188964844,487.677978515625,409.2,polygon mean,ok
321,ÇATALCA,ÖRENCİK,191813,62,62,409,532,1,0,28.498197,41.326227,24.277,name+district,383.1,411.9,289.18304443359375,600.0,411.9,polygon mean,ok
322,ÇATALCA,SUBAŞI,191815,67,468,395,928,2,0,28.457712,41.219295,19.095,name+district,344.5,424.0,254.95526123046875,602.319091796875,424.0,polygon mean,ok
323,ÇATALCA,YALIKÖY,191833,0,29,855,872,12,0,28.263159,41.468124,81.435,name+district,602.0,493.5,292.5311584472656,633.5350952148438,493.5,polygon mean,ok
324,ÇATALCA,YAYLACIK,191817,15,11,4,30,0,0,28.218213,41.351643,4.469,name+district,307.5,311.8,264.11749267578125,374.3033142089844,311.8,polygon mean,ok
325,ÇATALCA,YAZLIK,191819,0,0,216,216,0,0,28.53288,41.299806,20.695,name+district,420.3,422.6,276.0160827636719,600.0,422.6,polygon mean,ok
326,ÇEKMEKÖY,ALEMDAĞ,40749,64,388,557,889,117,3,29.235719,41.05046,1.43,name+district,469.6,409.2,256.255615234375,546.6997680664062,409.2,polygon mean,ok
327,ÇEKMEKÖY,AYDINLAR,40766,9,527,545,650,403,28,29.227213,41.01827,0.633,name+district,294.5,307.2,261.69622802734375,402.7598876953125,307.2,polygon mean,ok
328,ÇEKMEKÖY,CUMHURİYET,40769,6,400,354,456,242,62,29.226192,41.022518,0.475,name+district,336.7,294.0,261.69622802734375,336.72412109375,294.0,polygon mean,ok
329,ÇEKMEKÖY,ÇAMLIK,40753,5,370,563,298,634,6,29.194171,41.017519,0.417,name+district,340.1,331.9,306.40606689453125,348.27935791015625,331.9,polygon mean,ok
330,ÇEKMEKÖY,ÇATALMEŞE,40750,39,470,682,1010,180,1,29.255252,41.05654,5.621,name+district,360.7,375.9,256.255615234375,499.38720703125,375.9,polygon mean,ok
331,ÇEKMEKÖY,EKŞİOĞLU,40751,14,732,325,987,82,2,29.241381,41.029729,1.286,name+district,392.5,354.1,281.55987548828125,422.9405822753906,354.1,polygon mean,ok
332,ÇEKMEKÖY,GÜNGÖREN,40768,18,285,245,342,178,28,29.21991,41.026509,0.399,name+district,380.6,407.9,336.72412109375,471.04852294921875,407.9,polygon mean,ok
333,ÇEKMEKÖY,HAMİDİYE,40754,0,361,927,506,763,19,29.188416,41.026167,0.929,name+district,332.7,371.1,332.7449951171875,409.7123107910156,371.1,polygon mean,ok
334,ÇEKMEKÖY,HÜSEYİNLİ,191993,38,3,482,517,3,3,29.30047,41.11784,13.132,name+district,360.9,378.3,266.7742614746094,536.4552612304688,378.3,polygon mean,ok
335,ÇEKMEKÖY,KİRAZLIDERE,40770,5,252,241,266,212,20,29.212336,41.017816,0.708,name+district,324.2,322.3,291.48992919921875,380.5722961425781,322.3,polygon mean,ok
336,ÇEKMEKÖY,KOÇULLU,191995,53,0,347,397,3,0,29.367509,41.076104,13.994,name+district,364.2,412.3,228.8267822265625,556.5021362304688,412.3,polygon mean,ok
337,ÇEKMEKÖY,MEHMET AKİF,40755,9,623,967,630,949,20,29.185566,41.019489,0.852,name+district,313.4,332.4,280.0712585449219,395.7021789550781,332.4,polygon mean,ok
338,ÇEKMEKÖY,MERKEZ,40756,58,482,1683,1662,560,1,29.168243,41.043423,8.444,name+district,490.3,402.9,265.60247802734375,498.3203430175781,402.9,polygon mean,ok
339,ÇEKMEKÖY,MİMAR SİNAN,40757,4,720,742,930,485,51,29.181108,41.031058,1.22,name+district,409.7,368.5,280.0712585449219,410.4481506347656,368.5,polygon mean,ok
340,ÇEKMEKÖY,NİŞANTEPE,40752,0,0,1023,962,38,23,29.269161,41.044048,4.207,name+district,385.6,414.3,292.8724060058594,556.0872802734375,414.3,polygon mean,ok
341,ÇEKMEKÖY,ÖMERLİ,40758,108,0,1602,1693,17,0,29.324947,41.080984,47.103,name+district,491.8,430.4,251.98086547851562,547.5748291015625,430.4,polygon mean,ok
342,ÇEKMEKÖY,REŞADİYE,191997,1,107,1105,1210,3,0,29.246981,41.087169,19.526,name+district,473.1,429.3,247.59494018554688,538.7264404296875,429.3,polygon mean,ok
343,ÇEKMEKÖY,SIRAPINAR,191999,23,0,454,475,2,0,29.330505,41.108453,9.16,name+district,479.9,416.3,274.00640869140625,536.4552612304688,416.3,polygon mean,ok
344,ÇEKMEKÖY,SOĞUKPINAR,40767,15,433,194,472,153,17,29.235787,41.023745,0.619,name+district,285.6,307.9,261.69622802734375,402.7598876953125,307.9,polygon mean,ok
345,ÇEKMEKÖY,SULTANÇİFTLİĞİ,40764,24,324,379,452,183,92,29.223466,41.031134,0.864,name+district,443.1,382.4,285.6457214355469,471.04852294921875,382.4,polygon mean,ok
346,ÇEKMEKÖY,TAŞDELEN,40765,17,126,257,202,143,55,29.23124,41.032164,0.602,name+district,375.4,381.8,285.6457214355469,443.07647705078125,381.8,polygon mean,ok
347,ESENLER,BİRLİK,40348,520,839,388,703,1039,5,28.87032,41.050728,0.609,name+district,296.9,364.0,296.8963928222656,392.9256591796875,364.0,polygon mean,ok
348,ESENLER,ÇİFTE HAVUZLAR,40340,111,61,99,213,58,0,28.892971,41.023324,1.18,name+district,276.7,320.2,276.6763916015625,379.83587646484375,320.2,polygon mean,ok
349,ESENLER,DAVUTPAŞA,40342,384,357,260,411,590,0,28.890727,41.032568,0.21,name+district,289.0,299.9,288.9548034667969,310.8807678222656,299.9,polygon mean,ok
350,ESENLER,FATİH,40350,525,1035,526,496,1588,2,28.866349,41.041708,0.513,name+district,362.5,343.1,325.483642578125,362.53887939453125,343.1,polygon mean,ok
351,ESENLER,FEVZİ ÇAKMAK,40345,366,601,358,221,1100,4,28.881738,41.044466,0.545,name+district,310.2,339.7,310.1531677246094,392.9256591796875,339.7,polygon mean,ok
352,ESENLER,HAVAALANI,40354,367,1128,372,751,1056,60,28.870241,41.05713,0.622,name+district,384.2,364.0,296.8963928222656,392.9256591796875,364.0,polygon mean,ok
353,ESENLER,KAZIM KARABEKİR,40346,405,652,442,277,1216,6,28.873191,41.045524,0.428,name+district,325.5,337.6,296.8963928222656,392.9256591796875,337.6,polygon mean,ok
354,ESENLER,KEMER,40352,501,541,327,590,763,16,28.880928,41.053036,0.757,name+district,358.9,382.1,358.88201904296875,394.8794250488281,382.1,polygon mean,ok
355,ESENLER,MENDERES,40347,497,516,349,260,1101,1,28.876914,41.041212,0.447,name+district,325.5,317.8,310.1531677246094,325.483642578125,317.8,polygon mean,ok
356,ESENLER,MİMAR SİNAN,40341,334,205,188,163,562,2,28.887624,41.035251,0.173,name+district,289.0,303.3,288.9548034667969,310.8807678222656,303.3,polygon mean,ok
357,ESENLER,NAMIK KEMAL,40344,357,248,279,418,466,0,28.895881,41.03028,0.233,name+district,331.0,302.3,276.6763916015625,331.0149841308594,302.3,polygon mean,ok
358,ESENLER,NİNE HATUN,40343,596,752,413,284,1472,5,,,,UNMATCHED,,,,,,none,no_geometry
359,ESENLER,ORUÇREİS,40355,369,2013,453,1313,1507,15,28.859657,41.076788,10.681,name+district,322.6,355.1,265.03607177734375,417.35791015625,355.1,polygon mean,ok
360,ESENLER,TUNA,40351,539,1122,453,924,1186,4,28.861986,41.04971,0.73,name+district,298.8,344.7,296.8963928222656,384.43218994140625,344.7,polygon mean,ok
361,ESENLER,TURGUT REİS,40353,591,1537,412,914,1617,9,28.863557,41.060634,0.591,name+district,384.2,383.4,381.00189208984375,384.43218994140625,383.4,polygon mean,ok
362,ESENLER,YAVUZ SELİM,40349,92,87,94,103,170,0,28.888866,41.037439,0.245,name+district,289.0,305.4,286.23883056640625,331.0149841308594,305.4,polygon mean,ok
363,ESENYURT,AKÇABURGAZ,40880,0,657,846,1083,409,11,28.636273,41.069394,6.355,name+district,432.8,393.7,277.6545104980469,513.2549438476562,393.7,polygon mean,ok
364,ESENYURT,AKEVLER,181498,0,30,92,31,72,19,28.676406,41.01818,0.527,name+spatial,388.0,461.4,387.9960632324219,537.9440307617188,461.4,polygon mean,ok
365,ESENYURT,AKŞEMSEDDİN,181504,2,396,114,358,138,16,28.697073,41.018438,0.717,name+spatial,478.9,423.2,304.3232727050781,536.8303833007812,423.2,polygon mean,ok
366,ESENYURT,ARDIÇLI,40861,2,480,244,586,140,0,28.679396,41.04954,1.152,name+spatial,510.2,440.0,280.2626953125,518.75732421875,440.0,polygon mean,ok
367,ESENYURT,AŞIK VEYSEL,181518,1,353,70,36,199,189,28.673037,41.061579,0.845,name+spatial,440.4,424.9,239.16969299316406,524.3406982421875,424.9,polygon mean,ok
368,ESENYURT,ATATÜRK,40881,0,559,387,637,303,6,28.632813,41.035304,1.615,name+district,427.0,422.4,274.9023742675781,495.2720642089844,422.4,polygon mean,ok
369,ESENYURT,BAĞLARÇEŞME,40855,13,949,442,583,802,19,28.674418,41.036369,0.604,name+spatial,467.9,401.1,280.2626953125,467.918212890625,401.1,polygon mean,ok
370,ESENYURT,BALIKYOLU,181510,4,736,636,754,620,2,28.691171,41.03659,0.544,name+spatial,513.1,479.2,353.67254638671875,530.535400390625,479.2,polygon mean,ok
371,ESENYURT,BARBAROS HAYRETTİN PAŞA,181488,0,134,217,101,74,176,28.641076,41.021734,1.088,name+spatial,475.9,419.0,263.6153564453125,493.2799987792969,419.0,polygon mean,ok
372,ESENYURT,BATTALGAZİ,181526,0,477,347,406,418,0,28.656744,41.039585,0.564,name+spatial,379.0,415.6,341.78204345703125,500.1383361816406,415.6,polygon mean,ok
373,ESENYURT,CUMHURİYET,40865,0,60,49,8,9,92,28.651207,41.017223,0.348,name+spatial,493.3,486.9,392.50299072265625,574.910400390625,486.9,polygon mean,ok
374,ESENYURT,ÇINAR,181514,0,751,393,476,649,19,28.667023,41.040309,0.528,name+spatial,451.7,390.7,280.2626953125,451.9804382324219,390.7,polygon mean,ok
375,ESENYURT,ESENKENT,40862,0,551,41,329,221,42,28.681685,41.057602,0.77,name+spatial,518.8,445.8,357.8016052246094,524.3406982421875,445.8,polygon mean,ok
376,ESENYURT,FATİH,40851,25,664,400,403,666,20,28.67525,41.029831,0.542,name+spatial,467.9,413.8,285.6192932128906,509.90130615234375,413.8,polygon mean,ok
377,ESENYURT,GÖKEVLER,181490,0,60,59,55,10,54,28.632756,41.025771,0.977,name+district,418.6,409.9,263.6153564453125,501.5072021484375,409.9,polygon mean,ok
378,ESENYURT,GÜZELYURT,40895,12,281,284,130,414,33,28.671332,41.009749,0.971,name+spatial,421.0,475.7,387.9960632324219,566.7598876953125,475.7,polygon mean,ok
379,ESENYURT,HÜRRİYET,181482,0,403,711,533,581,0,28.645944,41.031123,0.531,name+spatial,495.3,490.7,470.16864013671875,521.2908325195312,490.7,polygon mean,ok
380,ESENYURT,İNCİRTEPE,40852,11,841,384,521,704,11,28.692478,41.021187,0.384,name+spatial,460.4,451.7,372.69775390625,536.8303833007812,451.7,polygon mean,ok
381,ESENYURT,İNÖNÜ,40853,8,799,262,455,613,1,28.688562,41.026897,0.488,name+spatial,460.4,434.3,353.67254638671875,513.0589599609375,434.3,polygon mean,ok
382,ESENYURT,İSTİKLAL,40879,26,553,626,649,555,1,28.649143,41.037015,0.44,name+spatial,495.3,453.9,378.97216796875,500.1383361816406,453.9,polygon mean,ok
383,ESENYURT,KOZA,181522,4,238,99,254,13,74,28.663638,41.062254,1.366,name+spatial,357.8,377.6,239.16969299316406,470.49853515625,377.6,polygon mean,ok
384,ESENYURT,MEHMET AKİF ERSOY,181494,2,150,434,115,462,9,28.668083,41.015712,0.54,name+spatial,527.2,514.2,387.9960632324219,574.910400390625,514.2,polygon mean,ok
385,ESENYURT,MEHTERÇEŞME,40854,6,616,567,378,791,20,28.663221,41.01964,0.611,name+spatial,527.2,478.1,285.6192932128906,574.910400390625,478.1,polygon mean,ok
386,ESENYURT,MEVLANA,181492,2,161,39,26,63,113,28.656373,41.012608,0.858,name+spatial,574.9,492.9,392.50299072265625,574.910400390625,492.9,polygon mean,ok
387,ESENYURT,NAMIK KEMAL,40856,112,811,272,460,725,10,28.689668,41.008828,0.548,name+spatial,540.6,429.0,304.3232727050781,540.5606689453125,429.0,polygon mean,ok
388,ESENYURT,NECİP FAZIL KISAKÜREK,181484,1,441,464,473,426,7,28.653477,41.031106,0.337,name+spatial,495.3,486.6,405.255615234375,524.7384033203125,486.6,polygon mean,ok
389,ESENYURT,ORHAN GAZİ,40863,0,416,187,394,177,32,28.647712,41.080171,3.574,name+district,401.9,354.9,239.16969299316406,429.0745544433594,354.9,polygon mean,ok
390,ESENYURT,OSMANGAZİ,181480,0,1604,950,1673,880,1,28.63881,41.047839,3.669,name+district,484.2,434.6,274.9023742675781,500.1383361816406,434.6,polygon mean,ok
391,ESENYURT,ÖRNEK,40857,49,862,352,736,513,14,28.671183,41.044594,0.497,name+spatial,280.3,378.8,280.2626953125,451.7106628417969,378.8,polygon mean,ok
392,ESENYURT,PINAR,40864,5,1256,405,768,890,8,28.665732,41.034485,0.699,name+spatial,452.0,406.9,285.6192932128906,467.918212890625,406.9,polygon mean,ok
393,ESENYURT,PİRİ REİS,181486,0,42,144,18,63,105,28.649507,41.023412,0.771,name+spatial,521.3,497.1,392.50299072265625,574.910400390625,497.1,polygon mean,ok
394,ESENYURT,SAADETDERE,40858,135,641,500,471,795,10,28.697377,41.008595,0.352,name+spatial,304.3,422.4,304.3232727050781,540.5606689453125,422.4,polygon mean,ok
395,ESENYURT,SELAHADDİN EYYUBİ,181516,2,536,616,610,543,1,28.658947,41.051554,2.636,name+spatial,341.8,397.3,317.4113464355469,500.1383361816406,397.3,polygon mean,ok
396,ESENYURT,SULTANİYE,181508,6,418,251,252,407,16,28.684781,41.034013,0.541,name+spatial,353.7,455.8,353.67254638671875,530.535400390625,455.8,polygon mean,ok
397,ESENYURT,SÜLEYMANİYE,181512,3,868,414,492,791,2,28.685359,41.043848,0.543,name+spatial,471.9,461.7,280.2626953125,530.535400390625,461.7,polygon mean,ok
398,ESENYURT,ŞEHİTLER,181524,0,548,371,478,441,0,28.656109,41.033779,0.284,name+spatial,405.3,450.3,405.255615234375,495.2720642089844,450.3,polygon mean,ok
399,ESENYURT,TALATPAŞA,40859,1,711,467,493,675,11,28.671573,41.023619,0.475,name+spatial,509.9,427.7,285.6192932128906,527.2241821289062,427.7,polygon mean,ok
400,ESENYURT,TURGUT ÖZAL,181502,28,462,266,228,474,54,28.693529,41.003168,0.646,name+spatial,550.9,463.8,304.3232727050781,550.865966796875,463.8,polygon mean,ok
401,ESENYURT,ÜÇEVLER,181496,7,512,448,294,662,11,28.67984,41.026353,0.448,name+spatial,409.9,435.3,353.67254638671875,509.90130615234375,435.3,polygon mean,ok
402,ESENYURT,YENİKENT,40860,27,881,210,480,616,22,28.681383,41.039516,0.449,name+spatial,471.9,420.9,280.2626953125,530.535400390625,420.9,polygon mean,ok
403,ESENYURT,YEŞİLKENT,40866,0,386,428,349,457,8,28.660382,41.026042,1.102,name+spatial,524.7,460.6,285.6192932128906,574.910400390625,460.6,polygon mean,ok
404,ESENYURT,YUNUS EMRE,181506,4,802,217,580,417,26,28.696055,41.026897,0.492,name+spatial,536.8,506.5,460.4022521972656,536.8303833007812,506.5,polygon mean,ok
405,ESENYURT,ZAFER,181500,1,206,179,149,185,52,28.684285,41.014936,1.646,name+spatial,537.9,455.2,372.69775390625,540.5606689453125,455.2,polygon mean,ok
406,EYÜP,AĞAÇLI,191741,0,210,139,348,1,0,28.864958,41.262351,15.674,name-only,400.3,435.8,222.73080444335938,600.0,435.8,polygon mean,ok
407,EYÜP,AKPINAR,191743,1,269,156,425,1,0,,,,UNMATCHED,,,,,,none,no_geometry
408,EYÜP,AKŞEMSETTİN,40358,64,1501,525,1131,944,15,,,,UNMATCHED,,,,,,none,no_geometry
409,EYÜP,ALİBEYKÖY,40359,874,287,384,1233,232,80,28.945642,41.080457,0.913,name-only,432.2,365.3,280.7748718261719,432.19598388671875,365.3,polygon mean,ok
410,EYÜP,ÇIRÇIR,40360,717,742,904,1436,733,194,28.936875,41.081775,1.048,name-only,480.9,409.1,319.2984313964844,480.87860107421875,409.1,polygon mean,ok
411,EYÜP,ÇİFTALAN,191745,0,65,32,97,0,0,28.912403,41.252041,18.867,name-only,396.5,470.7,297.234375,600.0,470.7,polygon mean,ok
412,EYÜP,DEFTERDAR,40361,595,164,148,679,226,2,28.934595,41.036614,0.942,name-only,392.0,432.4,360.3722229003906,488.1498107910156,432.4,polygon mean,ok
413,EYÜP,DÜĞMECİLER,40362,540,322,248,767,341,2,28.925275,41.045462,0.475,name-only,477.8,465.4,385.4597473144531,534.9144897460938,465.4,polygon mean,ok
414,EYÜP,EMNİYETTEPE,40363,441,104,427,614,349,9,28.94974,41.068762,0.735,name-only,280.8,359.3,280.7748718261719,452.12701416015625,359.3,polygon mean,ok
415,EYÜP,ESENTEPE,40364,668,81,674,758,633,32,,,,UNMATCHED,,,,,,none,no_geometry
416,EYÜP,GÖKTÜRK MERKEZ,40379,59,1441,1537,2343,692,2,28.879091,41.194554,27.509,name-only,346.4,371.9,224.79391479492188,494.0950012207031,371.9,polygon mean,ok
417,EYÜP,GÜZELTEPE,40366,972,374,1047,1475,849,69,,,,UNMATCHED,,,,,,none,no_geometry
418,EYÜP,IŞIKLAR,191747,2,188,123,295,18,0,28.82611,41.22719,11.025,name-only,329.1,370.4,240.012939453125,526.9361572265625,370.4,polygon mean,ok
419,EYÜP,İHSANİYE,191749,0,60,22,82,0,0,,,,UNMATCHED,,,,,,none,no_geometry
420,EYÜP,İSLAMBEY,40367,957,287,576,1475,345,0,,,,UNMATCHED,,,,,,none,no_geometry
421,EYÜP,KARADOLAP,40368,986,654,764,1676,573,155,28.932917,41.074403,1.113,name-only,448.8,392.0,224.77333068847656,480.87860107421875,392.0,polygon mean,ok
422,EYÜP,MERKEZ,40365,512,176,406,787,306,1,,,,UNMATCHED,,,,,,none,no_geometry
423,EYÜP,MİMAR SİNAN,40369,138,345,410,830,48,15,,,,UNMATCHED,,,,,,none,no_geometry
424,EYÜP,MİTHATPAŞA,40370,206,473,847,1464,62,0,28.920834,41.176535,50.006,name-only,334.1,375.0,259.11944580078125,487.6149597167969,375.0,polygon mean,ok
425,EYÜP,NİŞANCI,40371,903,448,307,1436,222,0,28.933162,41.042241,0.672,name-only,488.1,448.5,376.9234619140625,498.8959655761719,448.5,polygon mean,ok
426,EYÜP,ODAYERİ,191751,1,101,68,170,0,0,28.859067,41.232515,8.025,name-only,365.2,349.7,222.73080444335938,442.083740234375,349.7,polygon mean,ok
427,EYÜP,PİRİNÇÇİ,191753,195,477,248,911,9,0,28.839555,41.173253,27.108,name-only,361.5,391.1,201.71006774902344,522.3433227539062,391.1,polygon mean,ok
428,EYÜP,RAMİ CUMA,40372,345,158,260,347,416,0,28.922191,41.049432,0.232,name-only,534.9,470.9,406.9705810546875,534.9144897460938,470.9,polygon mean,ok
429,EYÜP,RAMİ YENİ,40373,438,217,324,682,294,3,,,,UNMATCHED,,,,,,none,no_geometry
430,EYÜP,SAKARYA,40374,774,94,288,909,227,20,28.940635,41.066859,0.447,name-only,452.1,405.9,280.7748718261719,525.399169921875,405.9,polygon mean,ok
431,EYÜP,SİLAHTARAĞA,40375,652,53,336,767,267,7,28.940693,41.061945,0.306,name-only,414.7,459.8,414.651611328125,525.399169921875,459.8,polygon mean,ok
432,EYÜP,TOPÇULAR,40376,483,305,414,1016,176,10,28.924696,41.035073,1.662,name-only,360.4,370.5,263.24102783203125,477.83673095703125,370.5,polygon mean,ok
433,EYÜP,YEŞİLPINAR,40378,443,575,612,549,1063,18,28.921,41.074576,1.368,name-only,297.2,324.5,224.77333068847656,426.1614074707031,324.5,polygon mean,ok
434,FATİH,AKSARAY,99127,1095,259,121,850,586,39,28.94931,41.003321,0.987,name+district,297.6,373.7,297.59429931640625,430.8934020996094,373.7,polygon mean,ok
435,FATİH,AKŞEMSETTİN,99137,1047,436,103,149,1435,2,28.944221,41.01813,0.439,name+district,344.8,355.8,269.857421875,458.039306640625,355.8,polygon mean,ok
436,FATİH,ALEMDAR,40307,294,114,17,203,221,1,28.97622,41.0096,0.14,name+district,365.8,365.8,365.8306884765625,365.8306884765625,365.8,polygon mean,ok
437,FATİH,ALİ KUŞÇU,99141,721,186,74,376,604,1,28.949341,41.021036,0.31,name+district,458.0,359.5,269.857421875,458.039306640625,359.5,polygon mean,ok
438,FATİH,ATİKALİ,99140,679,167,123,371,598,0,28.944967,41.025053,0.228,name+district,269.9,363.9,269.857421875,458.039306640625,363.9,polygon mean,ok
439,FATİH,AYVANSARAY,99146,2004,259,378,2231,410,0,28.94346,41.035166,0.623,name+district,475.6,431.5,400.6994934082031,475.6405334472656,431.5,polygon mean,ok
440,FATİH,BALABANAĞA,40308,118,51,1,39,130,1,28.960277,41.01052,0.114,name+district,407.9,374.8,341.6203918457031,407.90625,374.8,polygon mean,ok
441,FATİH,BALAT,99145,1352,231,229,1153,659,0,28.948619,41.029163,0.405,name+district,458.0,406.3,269.857421875,475.6405334472656,406.3,polygon mean,ok
442,FATİH,BEYAZIT,40309,297,17,64,357,21,0,28.966927,41.010534,0.111,name+district,341.6,341.6,341.6203918457031,341.6203918457031,341.6,polygon mean,ok
443,FATİH,BİNBİRDİREK,40310,173,72,40,129,154,2,28.973707,41.006819,0.159,name+district,365.8,353.7,341.6203918457031,365.8306884765625,353.7,polygon mean,ok
444,FATİH,CANKURTARAN,40311,485,83,26,542,52,0,28.982991,41.010074,0.881,name+district,387.6,513.4,353.878173828125,600.0,513.4,polygon mean,ok
445,FATİH,CERRAHPAŞA,99128,606,125,75,412,385,9,28.940826,41.002474,0.861,name+district,392.1,378.8,297.59429931640625,430.8934020996094,378.8,polygon mean,ok
446,FATİH,CİBALİ,99143,908,136,44,905,183,0,28.957958,41.022765,0.275,name+district,600.0,424.2,294.4555969238281,600.0,424.2,polygon mean,water
447,FATİH,DEMİRTAŞ,40312,248,69,6,248,73,2,28.964983,41.017921,0.085,name+district,600.0,472.2,344.3595275878906,600.0,472.2,polygon mean,water
448,FATİH,DERVİŞ ALİ,40422,1231,242,151,987,637,0,28.94091,41.02913,0.37,name+district,269.9,364.5,263.24102783203125,475.6405334472656,364.5,polygon mean,ok
449,FATİH,EMİN SİNAN,40313,179,132,22,120,212,1,28.96961,41.006781,0.066,name+district,341.6,353.7,341.6203918457031,365.8306884765625,353.7,polygon mean,ok
450,FATİH,HACI KADIN,40314,159,50,17,202,24,0,28.959475,41.018608,0.103,name+district,344.4,472.2,344.3595275878906,600.0,472.2,polygon mean,ok
451,FATİH,HASEKİ SULTAN,99129,741,128,15,285,595,4,28.941891,41.009467,0.292,name+district,430.9,396.1,358.27911376953125,430.8934020996094,396.1,polygon mean,ok
452,FATİH,HIRKA-İ ŞERİF,99138,1224,309,52,624,960,1,28.938962,41.022388,0.433,name+district,269.9,293.6,263.24102783203125,344.76171875,293.6,polygon mean,ok
453,FATİH,HOBYAR,40315,162,112,74,114,221,13,28.973937,41.015041,0.202,name+district,600.0,482.9,365.8306884765625,600.0,482.9,polygon mean,water
454,FATİH,HOCA GIYASETTİN,40316,235,43,6,272,12,0,28.96172,41.017961,0.087,name+district,344.4,472.2,344.3595275878906,600.0,472.2,polygon mean,ok
455,FATİH,HOCAPAŞA,40317,246,93,48,169,212,6,28.979585,41.014886,0.308,name+district,600.0,521.9,365.8306884765625,600.0,521.9,polygon mean,water
456,FATİH,İSKENDERPAŞA,40397,840,236,128,243,959,2,28.95001,41.013339,0.423,name+district,350.6,359.7,344.3595275878906,399.1241760253906,359.7,polygon mean,ok
457,FATİH,KALENDERHANE,40319,84,22,4,102,8,0,28.958032,41.013929,0.133,name+district,344.4,376.1,344.3595275878906,407.90625,376.1,polygon mean,ok
458,FATİH,KARAGÜMRÜK,99139,497,144,247,516,360,12,28.934456,41.02571,0.359,name+district,263.2,308.4,263.24102783203125,391.9892272949219,308.4,polygon mean,ok
459,FATİH,KATİP KASIM,40320,394,114,21,328,200,1,28.955389,41.00475,0.169,name+district,407.9,363.4,297.59429931640625,407.90625,363.4,polygon mean,ok
460,FATİH,KEMALPAŞA,40318,264,94,13,78,287,6,28.9555,41.011794,0.177,name+district,407.9,375.5,344.3595275878906,407.90625,375.5,polygon mean,ok
461,FATİH,KOCA MUSTAFAPAŞA,40390,1491,214,42,854,892,1,28.932204,41.000058,0.501,name+district,415.0,435.6,358.27911376953125,600.0,435.6,polygon mean,ok
462,FATİH,KÜÇÜK AYASOFYA,40321,560,93,31,628,56,0,28.972564,41.003131,0.252,name+district,353.9,358.8,341.6203918457031,374.04693603515625,358.8,polygon mean,ok
463,FATİH,MERCAN,40322,252,99,59,251,158,1,28.967652,41.013863,0.083,name+district,600.0,470.8,341.6203918457031,600.0,470.8,polygon mean,water
464,FATİH,MESİHPAŞA,40323,135,94,39,30,216,22,28.95529,41.008471,0.081,name+district,407.9,403.5,399.1241760253906,407.90625,403.5,polygon mean,ok
465,FATİH,MEVLANAKAPI,99134,1002,222,79,757,546,0,28.924187,41.013097,0.577,name+district,316.3,347.3,316.3406677246094,378.3514099121094,347.3,polygon mean,ok
466,FATİH,MİMAR HAYRETTİN,40324,367,243,21,227,404,0,28.966722,41.007031,0.11,name+district,341.6,341.6,341.6203918457031,341.6203918457031,341.6,polygon mean,ok
467,FATİH,MİMAR KEMALETTİN,40325,270,181,31,93,370,19,28.960912,41.008458,0.148,name+district,407.9,374.8,341.6203918457031,407.90625,374.8,polygon mean,ok
468,FATİH,MOLLA FENARİ,40326,317,118,56,278,213,0,28.971365,41.009925,0.15,name+district,365.8,353.7,341.6203918457031,365.8306884765625,353.7,polygon mean,ok
469,FATİH,MOLLA GÜRANİ,99136,863,221,76,168,978,14,28.942002,41.013206,0.404,name+district,344.8,364.4,296.55059814453125,430.8934020996094,364.4,polygon mean,ok
470,FATİH,MOLLA HÜSREV,40327,136,43,2,158,23,0,28.958959,41.015651,0.089,name+district,344.4,344.4,344.3595275878906,344.3595275878906,344.4,polygon mean,ok
471,FATİH,MUHSİNE HATUN,40328,317,91,14,299,123,0,28.962084,41.00349,0.126,name+district,348.8,368.1,341.6203918457031,407.90625,368.1,polygon mean,ok
472,FATİH,NİŞANCA,40329,312,252,123,345,340,2,28.959395,41.005148,0.209,name+district,407.9,378.4,348.8133544921875,407.90625,378.4,polygon mean,ok
473,FATİH,RÜSTEMPAŞA,40330,81,51,40,94,78,0,28.970593,41.017092,0.104,name+district,600.0,600.0,600.0,600.0,600.0,polygon mean,water
474,FATİH,SARAÇ İSHAK,40331,185,103,11,159,135,5,28.963498,41.006644,0.067,name+district,341.6,374.8,341.6203918457031,407.90625,374.8,polygon mean,ok
475,FATİH,SARIDEMİR,40332,151,12,2,154,11,0,28.965496,41.019928,0.107,name+district,600.0,498.2,294.4555969238281,600.0,498.2,polygon mean,water
476,FATİH,SEYYİD ÖMER,40387,1093,264,116,385,1088,0,28.931559,41.009103,0.467,name+district,358.3,389.2,358.27911376953125,430.8934020996094,389.2,polygon mean,ok
477,FATİH,SİLİVRİKAPI,99132,752,192,43,332,649,6,28.927294,41.005302,0.319,name+district,378.4,380.2,358.27911376953125,414.9882507324219,380.2,polygon mean,ok
478,FATİH,SULTAN AHMET,40333,284,28,53,349,16,0,28.977983,41.003916,0.203,name+district,353.9,426.8,353.878173828125,600.0,426.8,polygon mean,ok
479,FATİH,SURURİ,40334,124,77,87,110,178,0,28.971563,41.012982,0.063,name+district,600.0,476.9,341.6203918457031,600.0,476.9,polygon mean,water
480,FATİH,SÜLEYMANİYE,40335,196,74,26,217,79,0,28.963894,41.013985,0.289,name+district,600.0,423.5,341.6203918457031,600.0,423.5,polygon mean,water
481,FATİH,SÜMBÜL EFENDİ,99131,693,138,27,389,469,0,28.924878,41.001927,0.361,name+district,369.3,380.5,361.3573303222656,414.9882507324219,380.5,polygon mean,ok
482,FATİH,ŞEHREMİNİ,99133,1074,261,122,411,1042,4,28.93181,41.013434,0.466,name+district,296.6,354.2,296.55059814453125,430.8934020996094,354.2,polygon mean,ok
483,FATİH,ŞEHSUVAR BEY,40336,366,130,25,373,148,0,28.966809,41.003819,0.151,name+district,374.0,357.8,341.6203918457031,374.04693603515625,357.8,polygon mean,ok
484,FATİH,TAHTAKALE,40337,233,74,15,207,112,3,28.968797,41.016132,0.047,name+district,600.0,600.0,600.0,600.0,600.0,polygon mean,water
485,FATİH,TAYA HATUN,40338,141,77,91,216,88,5,28.969302,41.012428,0.051,name+district,341.6,470.8,341.6203918457031,600.0,470.8,polygon mean,ok
486,FATİH,TOPKAPI,99135,762,153,60,567,393,15,28.931862,41.01924,0.71,name+district,296.6,313.9,263.24102783203125,348.44964599609375,313.9,polygon mean,ok
487,FATİH,YAVUZ SİNAN,40339,170,19,1,186,4,0,28.962043,41.020865,0.051,name+district,600.0,459.7,294.4555969238281,600.0,459.7,polygon mean,water
488,FATİH,YAVUZ SULTAN SELİM,99144,1069,216,227,828,684,0,28.954331,41.026202,0.352,name+district,600.0,493.3,421.81451416015625,600.0,493.3,polygon mean,water
489,FATİH,YEDİKULE,99130,1379,26,33,914,524,0,28.924174,40.99398,0.941,name+district,331.8,411.2,331.8049621582031,600.0,411.2,polygon mean,ok
490,FATİH,ZEYREK,99142,841,197,123,504,657,0,28.954148,41.018882,0.314,name+district,350.6,438.2,344.3595275878906,600.0,438.2,polygon mean,ok
491,GAZİOSMANPAŞA,BAĞLARBAŞI,40454,1048,231,448,924,799,4,28.914212,41.065338,0.638,name+district,304.7,333.4,224.77333068847656,443.2933044433594,333.4,polygon mean,ok
492,GAZİOSMANPAŞA,BARBAROS HAYRETTİN PAŞA,40459,874,1343,630,1101,1744,2,28.891501,41.075785,0.93,name+district,453.2,402.2,319.8800964355469,475.78253173828125,402.2,polygon mean,ok
493,GAZİOSMANPAŞA,FEVZİ ÇAKMAK,40457,412,313,300,449,570,6,28.90831,41.07222,0.602,name+district,273.6,382.7,273.57598876953125,475.78253173828125,382.7,polygon mean,ok
494,GAZİOSMANPAŞA,HÜRRİYET,40458,629,588,341,488,1070,0,28.899665,41.068116,0.473,name+district,435.8,423.1,356.58990478515625,475.78253173828125,423.1,polygon mean,ok
495,GAZİOSMANPAŞA,KARADENİZ,40464,828,1434,1010,1083,2189,0,28.88372,41.082366,1.395,name+district,411.1,371.9,265.03607177734375,453.2088317871094,371.9,polygon mean,ok
496,GAZİOSMANPAŞA,KARAYOLLARI,40463,443,1203,748,1439,918,37,28.899134,41.086475,1.543,name+district,299.0,362.6,299.02984619140625,397.4483337402344,362.6,polygon mean,ok
497,GAZİOSMANPAŞA,KARLITEPE,40451,542,143,395,540,533,7,28.927854,41.057847,0.31,name+district,402.2,463.8,402.1925964355469,525.399169921875,463.8,polygon mean,ok
498,GAZİOSMANPAŞA,KAZIM KARABEKİR,40461,520,940,661,677,1436,8,28.911895,41.07868,0.785,name+district,273.6,320.9,273.57598876953125,363.2422790527344,320.9,polygon mean,ok
499,GAZİOSMANPAŞA,MERKEZ,40455,1092,543,719,1276,1071,7,28.910734,41.058455,0.852,name+district,315.7,374.7,315.71649169921875,443.2933044433594,374.7,polygon mean,ok
500,GAZİOSMANPAŞA,MEVLANA,40462,39,397,278,165,534,15,28.914533,41.088414,0.99,name+district,451.6,388.6,316.18701171875,451.555419921875,388.6,polygon mean,ok
501,GAZİOSMANPAŞA,PAZARİÇİ,40450,976,141,297,1146,267,1,28.934267,41.059555,0.293,name+district,525.4,462.4,414.651611328125,525.399169921875,462.4,polygon mean,ok
502,GAZİOSMANPAŞA,SARIGÖL,40453,1531,139,524,1553,626,15,28.91914,41.059932,0.611,name+district,378.4,375.3,224.77333068847656,534.9144897460938,375.3,polygon mean,ok
503,GAZİOSMANPAŞA,ŞEMSİPAŞA,40456,546,338,422,451,855,0,28.905766,41.066067,0.36,name+district,443.3,387.9,315.71649169921875,443.2933044433594,387.9,polygon mean,ok
504,GAZİOSMANPAŞA,YENİ MAHALLE,40460,794,506,684,990,984,10,28.900383,41.077228,0.883,name+district,475.8,377.4,273.57598876953125,475.78253173828125,377.4,polygon mean,ok
505,GAZİOSMANPAŞA,YENİDOĞAN,40452,1019,45,211,1157,117,1,28.923865,41.061097,0.318,name+district,402.2,313.5,224.77333068847656,402.1925964355469,313.5,polygon mean,ok
506,GAZİOSMANPAŞA,YILDIZTABYA,40449,1493,71,454,1479,539,0,28.929144,41.065466,0.704,name+district,224.8,399.8,224.77333068847656,525.399169921875,399.8,polygon mean,ok
507,GÜNGÖREN,ABDURRAHMAN NAFİZ GÜRMAN,40504,247,241,37,138,314,73,28.888159,41.005963,0.698,name+district,392.5,359.8,317.84710693359375,399.2172546386719,359.8,polygon mean,ok
508,GÜNGÖREN,AKINCILAR,40497,121,522,46,56,632,1,28.869882,41.015685,0.26,name+spatial,326.2,349.9,326.1588439941406,373.72406005859375,349.9,polygon mean,ok
509,GÜNGÖREN,GENÇOSMAN,40498,109,925,213,410,824,13,28.880448,41.030097,1.259,name+district,310.9,318.7,276.6763916015625,353.46063232421875,318.7,polygon mean,ok
510,GÜNGÖREN,GÜNEŞTEPE,40499,265,1207,195,253,1409,5,28.865042,41.025791,0.751,name+district,331.9,368.0,326.1588439941406,407.24371337890625,368.0,polygon mean,ok
511,GÜNGÖREN,GÜVEN,40500,259,360,24,34,606,3,28.874679,41.012605,0.317,name+district,373.7,362.5,326.1588439941406,411.7250061035156,362.5,polygon mean,ok
512,GÜNGÖREN,HAZNEDAR,40501,442,343,27,37,773,2,28.869369,41.010743,0.356,name+district,346.3,364.5,326.1588439941406,411.7250061035156,364.5,polygon mean,ok
513,GÜNGÖREN,MAREŞAL ÇAKMAK,40502,246,784,67,74,1022,1,28.864748,41.018075,0.365,name+district,326.2,355.1,326.1588439941406,407.24371337890625,355.1,polygon mean,ok
514,GÜNGÖREN,MEHMET NESİH ÖZMEN,40506,90,681,117,411,474,3,28.88624,41.013153,0.982,name+district,338.5,369.1,338.5268859863281,392.46295166015625,369.1,polygon mean,ok
515,GÜNGÖREN,MERKEZ,40496,334,982,185,118,1372,11,,,,UNMATCHED,,,,,,none,no_geometry
516,GÜNGÖREN,SANAYİ,40503,253,868,139,396,863,1,28.881169,41.021077,0.707,name+district,353.5,352.8,338.5268859863281,373.72406005859375,352.8,polygon mean,ok
517,GÜNGÖREN,TOZKOPARAN,40505,147,374,64,275,288,22,28.896009,41.014543,0.722,name+spatial,291.4,338.8,291.3877868652344,392.46295166015625,338.8,polygon mean,ok
518,KADIKÖY,19.May,40528,224,401,329,240,351,363,,,,UNMATCHED,,,,,,none,no_geometry
519,KADIKÖY,ACIBADEM,40509,554,413,353,368,895,57,29.039119,41.001784,1.45,name+district,388.5,385.4,305.2120666503906,459.80023193359375,385.4,polygon mean,ok
520,KADIKÖY,BOSTANCI,40523,619,264,482,397,522,446,29.0968,40.958168,1.777,name+spatial,407.4,410.9,315.7618103027344,600.0,410.9,polygon mean,ok
521,KADIKÖY,CADDEBOSTAN,40521,488,202,339,292,350,387,29.062922,40.967017,1.674,name+spatial,405.2,361.7,248.1232452392578,416.65716552734375,361.7,polygon mean,ok
522,KADIKÖY,CAFERAĞA,40512,1552,237,461,600,1636,14,29.024811,40.985092,1.247,name+spatial,287.8,410.4,287.8282775878906,600.0,410.4,polygon mean,ok
523,KADIKÖY,DUMLUPINAR,40518,418,250,123,568,176,47,29.059554,40.99312,0.78,name+district,332.6,357.4,268.6050720214844,465.72760009765625,357.4,polygon mean,ok
524,KADIKÖY,EĞİTİM,40516,747,234,348,949,293,87,29.049078,40.98904,0.96,name+spatial,323.9,345.4,318.39593505859375,395.5665283203125,345.4,polygon mean,ok
525,KADIKÖY,ERENKÖY,40524,490,219,354,234,328,501,29.075924,40.972182,1.352,name+spatial,344.0,367.2,273.5108947753906,416.65716552734375,367.2,polygon mean,ok
526,KADIKÖY,FENERBAHÇE,40514,504,168,443,406,357,352,29.043095,40.97345,1.69,name+spatial,372.4,409.7,282.2186279296875,600.0,409.7,polygon mean,ok
527,KADIKÖY,FENERYOLU,40515,518,130,227,200,337,338,29.048852,40.982215,1.022,name+district,395.6,362.7,318.39593505859375,395.5665283203125,362.7,polygon mean,ok
528,KADIKÖY,FİKİRTEPE,40517,628,204,203,818,198,19,29.051289,40.994123,0.524,name+district,323.9,356.1,319.4697570800781,403.07672119140625,356.1,polygon mean,ok
529,KADIKÖY,GÖZTEPE,40520,699,202,453,287,510,557,29.062683,40.977396,1.788,name+district,387.8,350.3,242.6053466796875,405.1719665527344,350.3,polygon mean,ok
530,KADIKÖY,HASANPAŞA,40510,704,280,298,580,697,5,29.044084,40.99673,0.809,name+district,388.5,356.9,305.2120666503906,403.07672119140625,356.9,polygon mean,ok
531,KADIKÖY,KOŞUYOLU,40508,610,162,372,941,197,6,29.035052,41.006937,0.702,name+district,412.7,396.2,360.5086669921875,433.7330322265625,396.2,polygon mean,ok
532,KADIKÖY,KOZYATAĞI,40529,301,394,314,163,357,489,29.095738,40.968102,1.448,name+district,402.3,388.5,341.4646911621094,409.3934020996094,388.5,polygon mean,ok
533,KADIKÖY,MERDİVENKÖY,40519,747,526,294,691,575,301,29.069319,40.987285,1.68,name+district,242.6,284.1,242.6053466796875,332.636962890625,284.1,polygon mean,ok
534,KADIKÖY,OSMANAĞA,40511,794,354,373,422,1092,7,29.030324,40.989283,0.538,name+spatial,305.2,317.6,287.8282775878906,350.269775390625,317.6,polygon mean,ok
535,KADIKÖY,RASİMPAŞA,40507,979,358,272,520,1081,8,29.026088,40.996963,0.861,name+district,380.4,345.7,296.7930603027344,381.3441467285156,345.7,polygon mean,ok
536,KADIKÖY,SAHRAYICEDİT,40525,269,405,179,163,371,319,29.083169,40.983193,1.353,name+spatial,375.7,318.6,255.95155334472656,375.7322692871094,318.6,polygon mean,ok
537,KADIKÖY,SUADİYE,40522,628,165,425,324,467,427,29.08128,40.961045,1.487,name+district,397.1,412.0,301.298583984375,600.0,412.0,polygon mean,ok
538,KADIKÖY,ZÜHTÜPAŞA,40513,343,43,141,260,200,67,29.038172,40.98632,0.664,name+district,382.4,333.6,305.2120666503906,382.4013671875,333.6,polygon mean,ok
539,KAĞITHANE,ÇAĞLAYAN,40535,957,417,771,1052,1056,37,28.981832,41.078184,0.741,name+spatial,494.5,439.9,332.3054504394531,514.4955444335938,439.9,polygon mean,ok
540,KAĞITHANE,ÇELİKTEPE,40536,984,685,557,1027,1194,5,28.999753,41.083684,0.524,name+spatial,480.6,430.2,287.7975158691406,519.0040283203125,430.2,polygon mean,ok
541,KAĞITHANE,EMNİYET EVLERİ,40537,208,146,130,167,313,4,29.004384,41.086438,0.209,name+district,287.8,391.6,287.7975158691406,480.629638671875,391.6,polygon mean,ok
542,KAĞITHANE,GÜLTEPE,40538,406,683,61,526,621,3,28.993826,41.07912,0.191,name+spatial,424.7,454.4,393.2444763183594,519.0040283203125,454.4,polygon mean,ok
543,KAĞITHANE,GÜRSEL,40539,858,682,472,1033,962,17,28.972632,41.070913,0.85,name+district,514.5,423.2,292.8253479003906,514.4955444335938,423.2,polygon mean,ok
544,KAĞITHANE,HAMİDİYE,40541,179,802,339,559,611,150,28.971115,41.097526,3.396,name+district,406.8,377.1,265.7884521484375,473.4356689453125,377.1,polygon mean,ok
545,KAĞITHANE,HARMANTEPE,40540,600,830,304,956,774,4,28.991165,41.081723,0.301,name+district,519.0,474.3,424.7151794433594,519.0040283203125,474.3,polygon mean,ok
546,KAĞITHANE,HÜRRİYET,40542,878,463,265,807,781,18,28.98538,41.073786,0.445,name+spatial,494.5,417.2,332.3054504394531,494.5291748046875,417.2,polygon mean,ok
547,KAĞITHANE,MEHMET AKİF ERSOY,40544,551,322,89,600,362,0,28.956209,41.059521,0.609,name+district,479.7,391.8,280.7748718261719,479.7355041503906,391.8,polygon mean,ok
548,KAĞITHANE,MERKEZ,40543,576,847,473,895,919,82,28.970323,41.079819,2.195,name+district,457.7,404.1,280.7748718261719,514.4955444335938,404.1,polygon mean,ok
549,KAĞITHANE,NURTEPE,40545,546,651,267,819,620,25,28.961867,41.074989,0.782,name+district,329.3,375.8,292.8253479003906,457.6834411621094,375.8,polygon mean,ok
550,KAĞITHANE,ORTABAYIR,40546,726,702,107,630,893,12,29.003993,41.078144,0.375,name+district,393.2,382.8,287.7975158691406,480.629638671875,382.8,polygon mean,ok
551,KAĞITHANE,SEYRANTEPE,40548,449,540,478,647,798,22,28.98936,41.096749,1.097,name+spatial,484.9,426.1,326.6612548828125,520.95263671875,426.1,polygon mean,ok
552,KAĞITHANE,SULTAN SELİM,40547,808,1047,255,712,1385,13,28.997905,41.090978,0.751,name+district,433.3,463.7,364.8431396484375,520.95263671875,463.7,polygon mean,ok
553,KAĞITHANE,ŞİRİNTEPE,40549,511,657,138,609,692,5,28.990965,41.088906,0.377,name+spatial,521.0,460.2,368.8467712402344,520.95263671875,460.2,polygon mean,ok
554,KAĞITHANE,TALATPAŞA,40550,1166,946,232,1298,1037,9,28.963431,41.063106,1.096,name+district,506.1,402.4,292.8253479003906,506.06134033203125,402.4,polygon mean,ok
555,KAĞITHANE,TELSİZLER,40551,474,325,165,496,461,7,28.998252,41.07825,0.222,name+district,393.2,432.9,393.2444763183594,480.629638671875,432.9,polygon mean,ok
556,KAĞITHANE,YAHYA KEMAL,40552,508,503,252,795,465,3,28.987176,41.085253,0.34,name+district,459.0,448.9,368.8467712402344,519.0040283203125,448.9,polygon mean,ok
557,KAĞITHANE,YEŞİLCE,40553,428,629,58,540,572,3,29.000578,41.095649,0.381,name+district,433.3,436.3,364.8431396484375,520.95263671875,436.3,polygon mean,ok
558,KARTAL,ATALAR,40554,490,712,321,506,900,117,29.172043,40.904194,1.126,name+spatial,394.8,412.0,369.80126953125,464.02276611328125,412.0,polygon mean,ok
559,KARTAL,CEVİZLİ,40555,655,721,259,787,802,46,29.174003,40.913537,1.673,name+spatial,373.7,398.2,349.7021789550781,442.9461364746094,398.2,polygon mean,ok
560,KARTAL,CUMHURİYET,40556,374,903,503,1140,607,33,29.220675,40.905894,1.475,name+district,475.3,495.4,395.5982360839844,658.0869140625,495.4,polygon mean,ok
561,KARTAL,ÇAVUŞOĞLU,40558,582,549,201,880,392,60,29.201125,40.891488,1.388,name+spatial,409.5,401.5,367.0146179199219,446.9134826660156,401.5,polygon mean,ok
562,KARTAL,ESENTEPE,40559,672,1122,446,1390,797,53,29.194209,40.905992,2.541,name+district,363.8,405.5,363.7827453613281,447.4102783203125,405.5,polygon mean,ok
563,KARTAL,GÜMÜŞPINAR,40560,301,813,339,830,566,57,29.208735,40.920817,1.153,name+district,452.1,481.3,431.5139465332031,590.393798828125,481.3,polygon mean,ok
564,KARTAL,HÜRRİYET,40561,908,2020,784,2645,984,83,29.234176,40.903599,2.575,name+district,582.3,549.8,395.5982360839844,712.22998046875,549.8,polygon mean,ok
565,KARTAL,KARLIKTEPE,40562,686,570,549,774,934,97,29.191996,40.896811,1.355,name+spatial,372.0,418.3,371.9996337890625,450.26470947265625,418.3,polygon mean,ok
566,KARTAL,KORDONBOYU,40563,208,324,200,253,390,89,29.187417,40.889003,1.872,name+spatial,450.3,427.8,269.068359375,600.0,427.8,polygon mean,ok
567,KARTAL,ORHANTEPE,40564,802,994,267,1318,686,59,29.153538,40.9067,2.907,name+spatial,341.8,366.8,269.068359375,442.6686706542969,366.8,polygon mean,ok
568,KARTAL,ORTA,40565,278,479,326,462,595,26,29.382144,40.894522,3.717,name-only,472.0,433.6,368.9537353515625,471.9849548339844,433.6,polygon mean,ok
569,KARTAL,PETROL İŞ,40566,382,688,202,329,796,147,29.179268,40.896588,1.089,name+spatial,427.2,435.4,399.88616943359375,464.02276611328125,435.4,polygon mean,ok
570,KARTAL,SOĞANLIK YENİ,40567,488,687,366,811,676,54,,,,UNMATCHED,,,,,,none,no_geometry
571,KARTAL,TOPSELVİ,40568,569,423,151,803,331,9,,,,UNMATCHED,,,,,,none,no_geometry
572,KARTAL,UĞUR MUMCU,40569,5,570,112,148,168,371,29.21361,40.933353,1.774,name+district,570.1,498.4,332.2802734375,659.7001953125,498.4,polygon mean,ok
573,KARTAL,YAKACIK ÇARSI,40557,317,736,583,1212,369,55,29.234961,40.91921,3.987,name+district,693.1,556.0,328.0010681152344,712.22998046875,556.0,polygon mean,ok
574,KARTAL,YAKACIK YENİ,40570,48,736,300,775,248,61,,,,UNMATCHED,,,,,,none,no_geometry
575,KARTAL,YALI,40571,491,343,96,588,332,10,29.220519,40.894916,0.527,name+district,404.8,433.5,395.5982360839844,468.1502990722656,433.5,polygon mean,ok
576,KARTAL,YUKARI,40572,293,240,74,263,317,27,,,,UNMATCHED,,,,,,none,no_geometry
577,KARTAL,YUNUS,40573,662,856,186,1318,365,21,29.211993,40.890499,1.356,name+spatial,404.0,405.3,359.009521484375,465.42279052734375,405.3,polygon mean,ok
578,KÜÇÜKÇEKMECE,ATAKENT,40582,6,210,962,283,337,558,28.776259,41.049197,8.513,name+spatial,345.0,379.7,286.97625732421875,500.8910827636719,379.7,polygon mean,ok
579,KÜÇÜKÇEKMECE,ATATÜRK,40591,317,2060,664,1765,1268,8,28.796397,41.055453,1.62,name+district,352.3,341.0,286.97625732421875,393.0223388671875,341.0,polygon mean,ok
580,KÜÇÜKÇEKMECE,BEŞYOL,40603,45,66,118,100,122,7,28.797257,40.990293,0.483,name+district,332.4,354.3,294.5555725097656,428.41259765625,354.3,polygon mean,ok
581,KÜÇÜKÇEKMECE,CENNET,40607,367,413,431,579,632,0,28.779478,40.990295,0.866,name+district,385.5,427.2,385.5200500488281,470.7052001953125,427.2,polygon mean,ok
582,KÜÇÜKÇEKMECE,CUMHURİYET,40601,615,934,732,1257,1000,24,28.775564,41.000732,1.326,name+district,501.0,457.9,386.3035888671875,503.7166748046875,457.9,polygon mean,ok
583,KÜÇÜKÇEKMECE,FATİH,40606,268,143,213,412,185,27,28.767224,40.987831,1.521,name+district,417.3,409.7,225.10476684570312,600.0,409.7,polygon mean,ok
584,KÜÇÜKÇEKMECE,FEVZİ ÇAKMAK,40596,604,790,334,889,815,24,28.790446,41.007942,0.722,name+district,285.5,395.9,261.3413391113281,491.31988525390625,395.9,polygon mean,ok
585,KÜÇÜKÇEKMECE,GÜLTEPE,40589,213,486,823,502,1020,0,28.791647,40.995263,0.669,name+spatial,344.9,383.2,344.8663024902344,428.41259765625,383.2,polygon mean,ok
586,KÜÇÜKÇEKMECE,HALKALI MERKEZ,40590,283,2295,1097,1991,1566,118,28.794384,41.034445,4.442,name+district,407.8,418.4,310.2262268066406,500.8910827636719,418.4,polygon mean,ok
587,KÜÇÜKÇEKMECE,İNÖNÜ,40592,436,2409,1026,2279,1532,60,28.799461,41.022154,1.871,name+district,471.7,384.3,261.3413391113281,496.0851135253906,384.3,polygon mean,ok
588,KÜÇÜKÇEKMECE,İSTASYON,40605,575,1037,658,1481,678,111,28.77128,41.02355,3.081,name+district,443.6,406.4,294.16986083984375,503.7166748046875,406.4,polygon mean,ok
589,KÜÇÜKÇEKMECE,KANARYA,40604,1042,1553,873,1991,1454,23,28.778787,41.011529,1.42,name+spatial,503.7,443.2,362.68878173828125,503.7166748046875,443.2,polygon mean,ok
590,KÜÇÜKÇEKMECE,KARTALTEPE,40588,340,473,313,761,365,0,28.806866,41.001395,0.893,name+district,443.3,386.5,226.69239807128906,487.82427978515625,386.5,polygon mean,ok
591,KÜÇÜKÇEKMECE,KEMALPAŞA,40594,232,470,129,324,507,0,28.794193,41.001886,0.324,name+district,371.1,393.2,285.48638916015625,487.82427978515625,393.2,polygon mean,ok
592,KÜÇÜKÇEKMECE,MEHMET AKİF,40586,172,2178,687,1650,1380,7,28.804676,41.057158,1.105,name+district,346.4,358.2,323.8830871582031,393.0223388671875,358.2,polygon mean,ok
593,KÜÇÜKÇEKMECE,SÖĞÜTLÜ ÇEŞME,40587,776,1273,516,1603,960,2,28.787609,41.019906,0.981,name+district,261.3,366.9,261.3413391113281,478.5465393066406,366.9,polygon mean,ok
594,KÜÇÜKÇEKMECE,SULTAN MURAT,40595,245,424,271,543,397,0,28.787101,41.002193,0.259,name+district,386.3,383.6,285.48638916015625,491.31988525390625,383.6,polygon mean,ok
595,KÜÇÜKÇEKMECE,TEVFİKBEY,40593,454,1024,574,1099,920,33,28.800886,41.010763,1.465,name+district,487.8,387.2,261.3413391113281,496.0851135253906,387.2,polygon mean,ok
596,KÜÇÜKÇEKMECE,YARIMBURGAZ,40599,91,938,268,1160,137,0,28.755111,41.037455,5.213,name+district,294.2,403.5,261.0635986328125,600.0,403.5,polygon mean,ok
597,KÜÇÜKÇEKMECE,YENİ MAHALLE,40600,333,425,473,670,560,1,28.778042,40.99594,0.457,name+district,501.0,435.9,385.5200500488281,501.0379943847656,435.9,polygon mean,ok
598,KÜÇÜKÇEKMECE,YEŞİLOVA,40602,121,1020,818,1232,727,0,28.786346,40.991863,0.579,name+district,385.5,381.8,344.8663024902344,435.16845703125,381.8,polygon mean,ok
599,MALTEPE,ALTAYÇEŞME,40612,249,679,144,359,554,159,29.130863,40.935018,1.354,name+spatial,418.3,416.2,392.50469970703125,465.0674133300781,416.2,polygon mean,ok
600,MALTEPE,ALTINTEPE,40613,315,878,86,333,924,22,29.105282,40.953685,1.026,name+spatial,416.8,390.1,315.7618103027344,422.3802795410156,390.1,polygon mean,ok
601,MALTEPE,AYDINEVLER,40617,83,722,220,580,428,17,29.125365,40.951428,1.408,name+district,396.6,410.2,394.15216064453125,426.77166748046875,410.2,polygon mean,ok
602,MALTEPE,BAĞLARBAŞI,40615,854,1183,187,962,1128,134,29.139514,40.9265,1.632,name+spatial,431.6,437.4,364.793212890625,563.4307861328125,437.4,polygon mean,ok
603,MALTEPE,BAŞIBÜYÜK,40625,583,1522,336,2122,292,27,29.148984,40.959432,10.157,name+spatial,564.5,489.6,279.54583740234375,620.6270751953125,489.6,polygon mean,ok
604,MALTEPE,BÜYÜKBAKKALKÖY,40624,105,383,367,803,47,5,29.188918,40.950803,21.581,name+district,455.9,471.5,279.54583740234375,681.780517578125,471.5,polygon mean,ok
605,MALTEPE,CEVİZLİ,40614,481,1390,233,1070,948,86,29.15349,40.918901,2.185,name+spatial,367.5,426.0,341.8017578125,567.381591796875,426.0,polygon mean,ok
606,MALTEPE,ÇINAR,40608,208,524,43,252,523,0,29.114541,40.944161,1.02,name+spatial,406.5,427.0,335.0650939941406,600.0,427.0,polygon mean,ok
607,MALTEPE,ESENKENT,40620,531,1413,71,1535,480,0,29.166872,40.927918,1.218,name+spatial,567.4,574.5,418.38568115234375,681.780517578125,574.5,polygon mean,ok
608,MALTEPE,FEYZULLAH,40610,366,472,52,287,509,94,29.124614,40.930308,0.812,name+spatial,392.5,374.5,321.3083801269531,418.3142395019531,374.5,polygon mean,ok
609,MALTEPE,FINDIKLI,40619,91,1317,819,621,1550,56,29.132393,40.969958,1.187,name+spatial,520.0,479.6,389.199951171875,591.468505859375,479.6,polygon mean,ok
610,MALTEPE,GİRNE,40618,18,587,124,405,243,81,29.138292,40.941801,0.773,name+spatial,458.3,436.9,405.7771301269531,465.0674133300781,436.9,polygon mean,ok
611,MALTEPE,GÜLENSU,40622,722,1937,183,2712,130,0,29.162551,40.937948,0.902,name+spatial,586.0,650.2,586.0150146484375,739.0043334960938,650.2,polygon mean,ok
612,MALTEPE,GÜLSUYU,40621,802,1249,129,1934,233,13,29.158805,40.929601,0.909,name+spatial,592.6,563.1,461.5129089355469,651.7807006835938,563.1,polygon mean,ok
613,MALTEPE,İDEALTEPE,40609,129,688,126,371,568,4,29.11906,40.939487,1.257,name+spatial,406.5,409.1,321.3083801269531,600.0,409.1,polygon mean,ok
614,MALTEPE,KÜÇÜKYALI MERKEZ,40611,390,625,99,433,678,3,29.10947,40.948752,1.037,name+spatial,416.8,422.3,335.0650939941406,600.0,422.3,polygon mean,ok
615,MALTEPE,YALI,40616,303,559,100,638,247,77,29.130232,40.919685,2.316,name+spatial,364.8,386.8,239.6591033935547,600.0,386.8,polygon mean,ok
616,MALTEPE,ZÜMRÜTEVLER,40623,311,2016,738,1229,1588,248,29.153318,40.940527,3.251,name+spatial,602.2,553.0,423.2466125488281,739.0043334960938,553.0,polygon mean,ok
617,PENDİK,AHMET YESEVİ,40632,27,1294,524,1254,578,13,29.307758,40.868988,1.33,name+district,376.4,382.5,275.2685852050781,454.10504150390625,382.5,polygon mean,ok
618,PENDİK,BAHÇELİEVLER,40628,284,347,426,673,345,39,29.23609,40.885863,0.784,name+district,398.1,495.4,398.0657043457031,579.3885498046875,495.4,polygon mean,ok
619,PENDİK,BALLICA,191755,14,117,197,327,1,0,29.415147,40.993094,24.342,name+spatial,412.1,375.2,232.4536590576172,594.142578125,375.2,polygon mean,ok
620,PENDİK,BATI,40633,231,361,339,338,589,4,29.227355,40.876013,1.22,name+district,292.9,452.7,289.428466796875,600.0,452.7,polygon mean,ok
621,PENDİK,ÇAMÇEŞME,40649,413,1105,321,910,906,23,29.273661,40.872178,1.161,name+spatial,387.8,386.6,363.2142333984375,406.1375732421875,386.6,polygon mean,ok
622,PENDİK,ÇAMLIK,40656,0,365,663,854,117,57,29.280125,40.924938,2.518,name+district,493.8,504.2,443.1265563964844,614.670166015625,504.2,polygon mean,ok
623,PENDİK,ÇINARDERE,40644,498,618,319,1063,357,15,29.242733,40.895987,1.165,name+district,630.7,538.9,459.2279052734375,630.71142578125,538.9,polygon mean,ok
624,PENDİK,DOĞU,40627,111,479,347,366,496,75,29.242501,40.878352,1.163,name+district,370.1,427.4,289.428466796875,536.306640625,427.4,polygon mean,ok
625,PENDİK,DUMLUPINAR,40626,859,879,513,1721,514,16,29.250846,40.889017,1.421,name+district,535.0,514.8,485.1643981933594,579.3885498046875,514.8,polygon mean,ok
626,PENDİK,EMİRLİ,191757,19,88,149,253,3,0,29.343898,40.987839,14.294,name+spatial,417.2,397.7,232.1117401123047,532.3866577148438,397.7,polygon mean,ok
627,PENDİK,ERTUĞRUL GAZİ,40635,2,2876,407,3265,20,0,29.261605,40.9175,1.721,name+district,576.6,550.1,456.67193603515625,723.6080932617188,550.1,polygon mean,ok
628,PENDİK,ESENLER,40638,103,747,771,830,754,37,29.271691,40.88687,1.041,name+district,400.1,416.9,387.7589416503906,474.6343688964844,416.9,polygon mean,ok
629,PENDİK,ESENYALI,40643,124,616,245,195,224,566,29.292829,40.860648,0.488,name+spatial,445.7,425.1,395.8165588378906,447.0123596191406,425.1,polygon mean,ok
630,PENDİK,FATİH,40647,129,977,358,897,564,3,29.299333,40.868221,0.65,name+district,395.8,365.4,275.2685852050781,423.67266845703125,365.4,polygon mean,ok
631,PENDİK,FEVZİ ÇAKMAK,40629,467,1063,593,1140,946,37,29.262808,40.883259,1.846,name+district,427.5,452.6,387.7589416503906,536.306640625,452.6,polygon mean,ok
632,PENDİK,GÖÇBEYLİ,191759,0,11,674,684,1,0,29.47635,40.99148,25.263,name+spatial,429.1,426.4,244.08328247070312,560.5577392578125,426.4,polygon mean,ok
633,PENDİK,GÜLLÜ BAĞLAR,40640,69,943,295,1014,283,10,29.274874,40.896658,1.247,name+district,461.0,450.0,374.8716735839844,505.3046569824219,450.0,polygon mean,ok
634,PENDİK,GÜZELYALI,40634,148,850,840,446,603,789,29.279953,40.860223,1.701,name+district,395.9,405.6,294.4141845703125,600.0,405.6,polygon mean,ok
635,PENDİK,HARMANDERE,40636,90,198,156,348,36,60,29.32512,40.930744,1.256,name+spatial,389.7,386.2,259.7411804199219,481.94580078125,386.2,polygon mean,ok
636,PENDİK,KAVAKPINAR,40646,305,3558,850,3313,1378,22,29.284243,40.879703,2.866,name+district,382.7,375.4,309.6167907714844,405.4471740722656,375.4,polygon mean,ok
637,PENDİK,KAYNARCA,40631,392,1167,943,964,1426,112,29.260672,40.868804,3.235,name+district,359.2,465.1,294.4141845703125,600.0,465.1,polygon mean,ok
638,PENDİK,KURNA,191761,79,206,279,563,1,0,29.344717,40.959793,31.894,name+spatial,469.2,388.8,239.00439453125,542.406494140625,388.8,polygon mean,ok
639,PENDİK,KURTDOĞMUŞ,191763,13,103,239,355,0,0,29.350695,41.011529,31.522,name+spatial,442.3,365.8,204.78768920898438,539.6095581054688,365.8,polygon mean,ok
640,PENDİK,KURTKÖY,40654,164,725,723,1014,487,111,29.298352,40.914317,1.854,name+spatial,421.0,411.1,305.1336364746094,476.34527587890625,411.1,polygon mean,ok
641,PENDİK,ORHANGAZİ,40650,192,1276,448,1118,795,3,29.290137,40.867917,0.813,name+district,411.7,348.5,275.2685852050781,411.6781005859375,348.5,polygon mean,ok
642,PENDİK,ORTA,40645,343,229,116,583,104,1,29.382144,40.894522,3.717,name-only,472.0,433.6,368.9537353515625,471.9849548339844,433.6,polygon mean,ok
643,PENDİK,RAMAZANOĞLU,40639,61,570,635,1177,86,3,29.289503,40.895936,2.155,name+district,384.6,394.6,309.6167907714844,498.41754150390625,394.6,polygon mean,ok
644,PENDİK,SANAYİ,40651,29,333,418,709,63,8,29.314098,40.901348,13.732,name+district,329.2,354.9,259.7411804199219,431.9901428222656,354.9,polygon mean,ok
645,PENDİK,SAPAN BAĞLARI,40637,356,319,244,643,243,33,29.221661,40.884782,0.5,name+district,334.9,373.6,334.8697509765625,404.8160400390625,373.6,polygon mean,ok
646,PENDİK,SÜLÜNTEPE,40655,44,1645,673,2070,240,52,29.275983,40.91446,1.38,name+district,470.6,499.0,457.3932800292969,614.670166015625,499.0,polygon mean,ok
647,PENDİK,ŞEYHLİ,40630,117,462,527,732,319,55,29.286468,40.907703,1.336,name+spatial,457.4,439.8,379.71417236328125,498.41754150390625,439.8,polygon mean,ok
648,PENDİK,VELİBABA,40642,228,1469,1043,2139,575,26,29.254012,40.906967,3.38,name+district,459.2,504.9,328.0010681152344,605.63916015625,504.9,polygon mean,ok
649,PENDİK,YAYALAR,40641,167,634,265,887,165,14,29.268236,40.905013,1.477,name+district,475.4,480.3,456.67193603515625,505.3046569824219,480.3,polygon mean,ok
650,PENDİK,YENİ,40652,403,405,343,793,312,46,,,,UNMATCHED,,,,,,none,no_geometry
651,PENDİK,YENİŞEHİR,40653,1,696,829,792,336,398,29.305114,40.93238,6.617,name+spatial,435.7,410.0,259.7411804199219,493.7956237792969,410.0,polygon mean,ok
652,PENDİK,YEŞİLBAĞLAR,40648,221,156,189,393,161,12,29.226522,40.893081,0.362,name+district,395.6,452.3,395.5982360839844,493.1327819824219,452.3,polygon mean,ok
653,SANCAKTEPE,ABDURRAHMANGAZİ,40579,41,1025,1371,1673,743,21,29.234716,40.997285,3.916,name+spatial,264.9,298.8,232.602783203125,395.1941833496094,298.8,polygon mean,ok
654,SANCAKTEPE,AKPINAR,40575,1,1351,532,1527,357,0,29.23069,40.969123,1.686,name+spatial,456.1,419.9,373.1405334472656,488.40380859375,419.9,polygon mean,ok
655,SANCAKTEPE,ATATÜRK,98781,54,1110,713,1068,809,0,29.225092,41.012423,0.972,name+spatial,278.8,290.7,261.69622802734375,335.8730773925781,290.7,polygon mean,ok
656,SANCAKTEPE,EMEK,40759,4,843,694,903,602,36,29.197726,40.999779,1.847,name+district,323.5,325.7,238.74093627929688,383.78106689453125,325.7,polygon mean,ok
657,SANCAKTEPE,EYÜP SULTAN,40578,68,615,986,1093,571,5,29.213894,40.985411,6.218,name+district,334.8,355.2,232.602783203125,465.1006774902344,355.2,polygon mean,ok
658,SANCAKTEPE,FATİH,40576,8,839,986,1123,679,31,29.217268,40.96327,2.984,name+district,406.2,394.9,332.2802734375,432.69232177734375,394.9,polygon mean,ok
659,SANCAKTEPE,HİLAL,40776,1,422,469,874,18,0,29.2633,41.024126,2.421,name+spatial,390.1,385.0,281.55987548828125,483.8920593261719,385.0,polygon mean,ok
660,SANCAKTEPE,İNÖNÜ,40760,20,608,699,541,786,0,29.21437,41.013031,0.598,name+spatial,291.5,314.6,291.48992919921875,335.8730773925781,314.6,polygon mean,ok
661,SANCAKTEPE,KEMAL TÜRKLER,40761,24,679,579,761,519,2,29.22146,41.004977,0.767,name+spatial,278.8,291.9,239.60768127441406,335.8730773925781,291.9,polygon mean,ok
662,SANCAKTEPE,MECLİS,40762,53,660,761,567,907,0,29.199179,41.010399,0.998,name+district,238.7,308.6,238.74093627929688,340.1448059082031,308.6,polygon mean,ok
663,SANCAKTEPE,MERVE,40775,2,660,848,1093,412,5,29.245979,41.004822,1.077,name+spatial,385.7,356.5,282.0668640136719,438.7513732910156,356.5,polygon mean,ok
664,SANCAKTEPE,MEVLANA,40773,1,814,602,1151,264,2,29.262369,41.011426,1.421,name+spatial,438.8,378.8,272.1955261230469,464.1083984375,378.8,polygon mean,ok
665,SANCAKTEPE,OSMANGAZİ,40580,25,1906,1282,2477,704,32,29.245806,40.986379,3.627,name+spatial,311.7,326.9,273.69903564453125,395.1941833496094,326.9,polygon mean,ok
666,SANCAKTEPE,PAŞAKÖY,192001,99,151,445,686,9,0,29.310571,41.029988,27.93,name+spatial,587.9,434.8,239.3368377685547,587.9473876953125,434.8,polygon mean,ok
667,SANCAKTEPE,SAFA,40771,1,515,605,736,366,19,29.249755,41.009919,0.855,name+spatial,385.7,395.0,333.9183044433594,464.1083984375,395.0,polygon mean,ok
668,SANCAKTEPE,SARIGAZİ,40763,41,737,543,750,571,0,29.209225,41.004199,1.232,name+spatial,327.2,320.0,238.74093627929688,371.5114440917969,320.0,polygon mean,ok
669,SANCAKTEPE,VEYSEL KARANİ,40574,5,1298,517,1459,328,33,29.241229,40.967607,1.383,name+spatial,488.4,458.4,371.8464050292969,566.312255859375,458.4,polygon mean,ok
670,SANCAKTEPE,YENİDOĞAN,40774,6,814,613,995,425,13,29.237924,41.013298,1.054,name+spatial,402.8,314.5,261.69622802734375,402.7598876953125,314.5,polygon mean,ok
671,SANCAKTEPE,YUNUS EMRE,40772,6,826,715,1152,389,6,29.250688,41.018204,1.225,name+spatial,333.9,357.4,281.55987548828125,464.1083984375,357.4,polygon mean,ok
672,SARIYER,AYAZAĞA,40686,733,1198,707,2017,562,59,28.985624,41.126839,16.849,name+spatial,379.7,398.1,277.83807373046875,519.085693359375,398.1,polygon mean,ok
673,SARIYER,BAHÇEKÖY KEMER,40684,73,140,95,269,36,3,28.978051,41.167072,15.067,name+spatial,363.3,393.9,283.4292907714844,525.5164184570312,393.9,polygon mean,ok
674,SARIYER,BAHÇEKÖY MERKEZ,40682,132,102,63,211,84,2,28.974048,41.200198,11.95,name+spatial,465.1,405.9,283.75341796875,522.0739135742188,405.9,polygon mean,ok
675,SARIYER,BAHÇEKÖY YENİ,40683,96,168,117,276,99,6,,,,UNMATCHED,,,,,,none,no_geometry
676,SARIYER,BALTALİMANI,40657,268,593,364,1204,19,2,29.047869,41.095297,0.892,name+district,500.0,496.4,404.2612609863281,600.0,496.4,polygon mean,ok
677,SARIYER,BÜYÜKDERE,40658,552,885,353,1688,102,0,29.042405,41.164158,1.145,name+spatial,609.0,540.2,436.8920593261719,609.046630859375,540.2,polygon mean,ok
678,SARIYER,CUMHURİYET,40659,425,780,313,1400,118,0,29.034612,41.147847,1.144,name+spatial,496.5,496.0,378.9382019042969,600.0,496.0,polygon mean,ok
679,SARIYER,ÇAMLITEPE,40660,441,233,243,850,67,0,29.031801,41.133296,1.467,name+spatial,419.8,388.7,259.5636291503906,529.6231689453125,388.7,polygon mean,ok
680,SARIYER,ÇAYIRBAŞI,40661,340,347,182,844,25,0,29.032547,41.158704,0.479,name+district,468.5,473.5,434.8902587890625,553.6683959960938,473.5,polygon mean,ok
681,SARIYER,DARÜŞŞAFAKA,40662,25,237,76,174,162,2,29.030159,41.122129,1.442,name+spatial,436.3,345.0,240.74124145507812,441.3368835449219,345.0,polygon mean,ok
682,SARIYER,DEMİRCİKÖY,191765,6,392,318,715,1,0,29.058657,41.234712,11.266,name+spatial,288.9,440.9,275.8746032714844,600.0,440.9,polygon mean,ok
683,SARIYER,EMİRGAN,40663,406,281,363,973,77,0,29.050924,41.104602,1.413,name+district,515.5,481.5,356.467529296875,600.0,481.5,polygon mean,ok
684,SARIYER,FATİH SULTAN MEHMET,40664,255,1782,800,2762,75,0,29.036042,41.094969,1.11,name+district,407.8,388.6,356.467529296875,410.9032287597656,388.6,polygon mean,ok
685,SARIYER,FERAHEVLER,40665,546,961,534,1777,263,1,29.044156,41.12935,1.257,name+spatial,388.3,391.1,259.5636291503906,529.6231689453125,391.1,polygon mean,ok
686,SARIYER,GARİPÇE,191767,19,76,54,146,3,0,29.095373,41.210032,3.925,name+spatial,553.4,549.5,391.11468505859375,707.3970336914062,549.5,polygon mean,ok
687,SARIYER,GÜMÜŞDERE,191769,17,352,409,766,12,0,28.982146,41.235437,9.661,name+spatial,404.0,462.4,329.9474792480469,600.0,462.4,polygon mean,ok
688,SARIYER,HUZUR,40700,212,161,178,368,106,77,28.999496,41.104106,2.423,name+district,429.0,399.0,326.6612548828125,484.9231872558594,399.0,polygon mean,ok
689,SARIYER,İSTİNYE,40666,432,378,688,1261,237,0,29.050383,41.116658,1.262,name+district,417.5,437.5,259.5636291503906,600.0,437.5,polygon mean,ok
690,SARIYER,KAZIM KARABEKİR PAŞA,40667,430,807,304,1508,31,2,29.014472,41.172142,5.254,name+district,588.1,488.8,296.3791198730469,603.2877807617188,488.8,polygon mean,ok
691,SARIYER,KISIRKAYA,191771,0,121,92,213,0,0,28.953284,41.242183,9.942,name+spatial,480.6,485.2,283.75341796875,600.0,485.2,polygon mean,ok
692,SARIYER,KİREÇBURNU,40668,380,384,224,917,71,0,29.046318,41.145997,0.652,name+district,600.0,569.7,529.6231689453125,600.0,569.7,polygon mean,water
693,SARIYER,KOCATAŞ,40669,228,484,258,968,2,0,29.027443,41.175808,2.02,name+district,465.4,508.6,296.3791198730469,609.046630859375,508.6,polygon mean,ok
694,SARIYER,KUMKÖY (KİLYOS),191773,0,544,766,1288,22,0,,,,UNMATCHED,,,,,,none,no_geometry
695,SARIYER,MADEN,40670,513,991,743,2162,85,0,29.038056,41.181952,3.979,name+spatial,475.5,465.7,296.3791198730469,571.7576904296875,465.7,polygon mean,ok
696,SARIYER,MASLAK,40704,115,180,347,564,54,24,29.015664,41.122191,5.051,name+district,370.3,378.5,240.74124145507812,519.085693359375,378.5,polygon mean,ok
697,SARIYER,PINAR,40672,378,298,854,1424,106,0,29.031049,41.113622,0.757,name+district,441.3,371.3,240.74124145507812,467.1978454589844,371.3,polygon mean,ok
698,SARIYER,POLİGON,40673,210,148,360,649,69,0,29.040806,41.116884,0.913,name+district,467.2,392.1,259.5636291503906,467.1978454589844,392.1,polygon mean,ok
699,SARIYER,PTT EVLERİ,40674,162,257,137,479,77,0,29.014419,41.155675,4.467,name+district,511.4,462.9,304.19732666015625,600.0,462.9,polygon mean,ok
700,SARIYER,REŞİTPAŞA,40675,1225,637,822,2464,215,5,29.032397,41.105331,2.642,name+district,373.9,402.9,346.4094543457031,515.507568359375,402.9,polygon mean,ok
701,SARIYER,RUMELİ HİSARI,40676,558,407,385,1071,276,3,29.05016,41.087362,0.939,name+spatial,548.0,526.4,404.2612609863281,600.0,526.4,polygon mean,ok
702,SARIYER,RUMELİ KAVAĞI,40677,319,265,181,709,56,0,29.067569,41.187817,4.608,name+spatial,513.5,549.0,399.9405212402344,707.3970336914062,549.0,polygon mean,ok
703,SARIYER,RUMELİFENERİ,191775,3,353,345,684,17,0,29.085176,41.22411,12.734,name+spatial,417.7,492.5,381.3957824707031,704.082275390625,492.5,polygon mean,ok
704,SARIYER,SARIYER MERKEZ,40671,715,781,372,1593,275,0,,,,UNMATCHED,,,,,,none,no_geometry
705,SARIYER,TARABYA,40678,365,1330,599,2009,284,1,29.048773,41.137506,2.576,name+district,549.3,508.5,344.9555969238281,600.0,508.5,polygon mean,ok
706,SARIYER,USKUMRUKÖY,191777,38,1277,1397,2710,2,0,29.010016,41.220184,16.081,name+spatial,469.5,436.1,275.8746032714844,536.9402465820312,436.1,polygon mean,ok
707,SARIYER,YENİ,40679,318,240,154,667,45,0,,,,UNMATCHED,,,,,,none,no_geometry
708,SARIYER,YENİKÖY,40680,904,950,591,2140,299,6,29.060894,41.123306,2.167,name+district,428.2,491.1,344.9555969238281,600.0,491.1,polygon mean,ok
709,SARIYER,ZEKERİYAKÖY,191779,57,1639,1517,2915,297,1,29.033864,41.200589,11.734,name+spatial,529.7,442.9,275.8746032714844,536.9402465820312,442.9,polygon mean,ok
710,SİLİVRİ,AKÖREN,191835,0,695,440,1129,6,0,28.328993,41.190024,44.925,name+district,271.9,394.5,248.8209686279297,515.8173828125,394.5,polygon mean,ok
711,SİLİVRİ,ALİBEY,40920,1,268,668,353,574,10,28.255412,41.073034,0.642,name+spatial,458.7,429.8,399.7555847167969,458.7138366699219,429.8,polygon mean,ok
712,SİLİVRİ,ALİPAŞA,40927,0,456,472,925,3,0,28.207223,41.108459,34.516,name+spatial,386.2,381.1,225.78179931640625,489.38665771484375,381.1,polygon mean,ok
713,SİLİVRİ,BALABAN,40930,17,1842,977,2788,48,0,28.062425,41.123985,40.454,name+district,288.7,419.1,238.4857177734375,610.1605224609375,419.1,polygon mean,ok
714,SİLİVRİ,BEKİRLİ,191845,109,56,109,274,0,0,28.302228,41.240909,15.832,name+district,379.0,390.5,244.59300231933594,459.70379638671875,390.5,polygon mean,ok
715,SİLİVRİ,BEYCİLER,191847,0,565,259,824,0,0,28.107504,41.22884,28.16,name+district,300.7,352.3,224.4811248779297,448.3322448730469,352.3,polygon mean,ok
716,SİLİVRİ,BÜYÜK ÇAVUŞLU,40941,0,1107,455,1553,5,4,28.046652,41.224858,52.829,name+district,383.7,373.0,180.0,511.16888427734375,373.0,polygon mean,ok
717,SİLİVRİ,BÜYÜK KILIÇLI,16775,0,557,351,905,3,0,28.183498,41.187245,22.877,name+district,409.9,412.3,244.33468627929688,531.7254638671875,412.3,polygon mean,ok
718,SİLİVRİ,BÜYÜK SİNEKLİ,16771,0,238,86,324,0,0,28.209591,41.218246,16.585,name+district,420.0,408.0,286.2857666015625,519.9044189453125,408.0,polygon mean,ok
719,SİLİVRİ,CUMHURİYET,40922,0,1541,1015,2431,125,0,28.280247,41.066545,3.607,name+spatial,507.6,461.5,346.6379699707031,600.0,461.5,polygon mean,ok
720,SİLİVRİ,ÇAYIRDERE,191851,316,328,417,1061,0,0,28.138055,41.274198,60.524,name+district,381.2,329.5,191.1376953125,421.6864013671875,329.5,polygon mean,ok
721,SİLİVRİ,ÇELTİK,191837,0,602,265,861,6,0,28.105925,41.131022,33.514,name+district,436.6,406.5,244.34913635253906,540.8591918945312,406.5,polygon mean,ok
722,SİLİVRİ,DANAMANDIRA,191853,0,342,160,501,1,0,28.239875,41.311871,39.384,name+district,339.3,331.2,232.79519653320312,447.731689453125,331.2,polygon mean,ok
723,SİLİVRİ,FATİH,40918,5,357,314,465,211,0,28.251758,41.069098,0.44,name+spatial,399.8,433.0,324.1508483886719,600.0,433.0,polygon mean,ok
724,SİLİVRİ,FENER,16765,312,621,446,1376,3,0,28.248362,41.157391,38.573,name+district,480.4,417.8,232.31126403808594,522.2833251953125,417.8,polygon mean,ok
725,SİLİVRİ,FEVZİPAŞA,40933,14,590,474,1061,16,1,27.995499,41.089041,13.897,name+district,349.8,350.9,202.0381317138672,433.2507629394531,350.9,polygon mean,ok
726,SİLİVRİ,GAZİTEPE,40925,0,526,228,752,2,0,28.314683,41.125463,17.916,name+spatial,485.7,396.4,287.7919006347656,520.45654296875,396.4,polygon mean,ok
727,SİLİVRİ,GÜMÜŞYAKA,40935,0,2966,1610,4502,74,0,,,,UNMATCHED,,,,,,none,no_geometry
728,SİLİVRİ,HÜRRİYET,40937,0,0,910,904,6,0,28.342304,41.098494,6.098,name+spatial,398.4,416.6,341.51861572265625,481.0439453125,416.6,polygon mean,ok
729,SİLİVRİ,İSMETPAŞA,40934,149,504,401,1048,6,0,28.017213,41.132485,46.298,name+district,439.0,410.8,227.28997802734375,528.134765625,410.8,polygon mean,ok
730,SİLİVRİ,KADIKÖY,40939,281,354,294,929,0,0,28.36029,41.150408,20.622,name+district,511.8,395.4,253.55955505371094,532.1919555664062,395.4,polygon mean,ok
731,SİLİVRİ,KAVAKLI,40936,0,0,943,927,16,0,28.317644,41.087238,9.496,name+spatial,391.7,365.8,287.9864196777344,481.0439453125,365.8,polygon mean,ok
732,SİLİVRİ,KURFALLI,191855,1,350,148,497,1,1,28.268384,41.20831,37.467,name+district,251.8,402.2,232.31126403808594,514.7041625976562,402.2,polygon mean,ok
733,SİLİVRİ,KÜÇÜK KILIÇLI,40924,0,124,117,241,0,0,28.197972,41.135482,9.836,name+spatial,380.2,379.8,236.7196502685547,457.78167724609375,379.8,polygon mean,ok
734,SİLİVRİ,KÜÇÜK SİNEKLİ,16779,0,88,13,101,0,0,28.197291,41.245741,5.699,name+district,230.7,352.9,230.73609924316406,414.448974609375,352.9,polygon mean,ok
735,SİLİVRİ,MİMAR SİNAN,40923,0,1899,1315,3105,105,4,28.220729,41.08412,8.437,name+spatial,455.3,413.8,282.98162841796875,600.0,413.8,polygon mean,ok
736,SİLİVRİ,ORTAKÖY,40938,116,859,1002,1950,23,4,28.370848,41.102401,16.734,name+district,495.8,447.9,221.31565856933594,537.4351196289062,447.9,polygon mean,ok
737,SİLİVRİ,PİRİ MEHMET PAŞA,40919,0,241,527,310,439,19,28.242721,41.075584,0.551,name+spatial,324.2,428.4,301.9498291015625,600.0,428.4,polygon mean,ok
738,SİLİVRİ,SANCAKTEPE,40931,17,1172,914,1996,102,5,28.091612,41.107945,15.7,name+district,415.6,420.5,250.7489471435547,610.1605224609375,420.5,polygon mean,ok
739,SİLİVRİ,SAYALAR,191859,0,319,251,570,0,0,28.174872,41.321878,43.568,name+spatial,256.5,322.2,234.46624755859375,402.6636962890625,322.2,polygon mean,ok
740,SİLİVRİ,SELİMPAŞA,40940,0,1371,3583,4723,231,0,28.357438,41.066757,18.027,name+district,400.6,421.8,289.7654113769531,600.0,421.8,polygon mean,ok
741,SİLİVRİ,SEMİZKUMLAR,40926,0,2739,2671,5369,39,2,28.152851,41.08192,13.558,name+spatial,328.6,398.5,225.78179931640625,600.0,398.5,polygon mean,ok
742,SİLİVRİ,SEYMEN,191841,0,562,340,895,7,0,28.144339,41.180604,50.658,name+district,414.0,385.1,224.4811248779297,528.9886474609375,385.1,polygon mean,ok
743,SİLİVRİ,YENİ,40921,0,751,1085,1385,348,103,,,,UNMATCHED,,,,,,none,no_geometry
744,SİLİVRİ,YOLÇATI,40932,0,302,124,426,0,0,28.140515,41.123928,11.039,name+spatial,403.2,394.6,299.0248718261719,489.1412353515625,394.6,polygon mean,ok
745,SULTANBEYLİ,ABDURRAHMANGAZİ,40949,117,2143,669,2481,436,12,29.257819,40.964209,1.391,name+spatial,455.2,463.0,371.8464050292969,623.598876953125,463.0,polygon mean,ok
746,SULTANBEYLİ,ADİL,40943,2,719,538,939,290,30,29.258951,40.98019,1.916,name+spatial,335.1,358.4,276.4246520996094,437.3501892089844,358.4,polygon mean,ok
747,SULTANBEYLİ,AHMET YESEVİ,40942,22,2165,619,2407,392,7,29.273091,40.972445,1.297,name+spatial,540.5,446.6,322.2942810058594,572.205810546875,446.6,polygon mean,ok
748,SULTANBEYLİ,AKŞEMSETTİN,40956,1,944,681,1534,92,0,29.299403,40.946737,1.267,name+spatial,392.4,388.7,349.6791687011719,444.4622802734375,388.7,polygon mean,ok
749,SULTANBEYLİ,BATTALGAZİ,40944,3,2151,1213,3007,345,15,29.276511,40.986425,3.135,name+spatial,519.5,462.4,339.17919921875,572.205810546875,462.4,polygon mean,ok
750,SULTANBEYLİ,FATİH,40951,0,1702,416,1970,148,0,29.2746,40.95582,1.07,name+spatial,452.4,456.1,322.2942810058594,601.011962890625,456.1,polygon mean,ok
751,SULTANBEYLİ,HAMİDİYE,40952,3,1923,786,2572,140,0,29.287362,40.953452,1.286,name+spatial,467.8,392.4,324.7038879394531,467.79638671875,392.4,polygon mean,ok
752,SULTANBEYLİ,HASANPAŞA,40948,5,1112,651,1512,248,8,29.249792,40.967661,0.84,name+spatial,483.4,468.5,371.8464050292969,623.598876953125,468.5,polygon mean,ok
753,SULTANBEYLİ,MECİDİYE,40945,12,1828,646,2230,254,2,29.301599,40.956609,1.643,name+spatial,356.5,368.5,301.9211730957031,468.0179443359375,368.5,polygon mean,ok
754,SULTANBEYLİ,MEHMET AKİF,40950,265,1791,733,2298,487,4,29.267294,40.960808,1.668,name+spatial,493.3,471.0,322.2942810058594,601.011962890625,471.0,polygon mean,ok
755,SULTANBEYLİ,MİMAR SİNAN,40946,1,1100,1184,2150,121,14,29.269272,40.996842,2.974,name+spatial,288.5,365.6,288.46099853515625,438.7513732910156,365.6,polygon mean,ok
756,SULTANBEYLİ,NECİP FAZIL,40954,0,1174,797,1900,70,1,29.277214,40.939109,1.394,name+spatial,541.9,591.7,434.2868347167969,778.9739379882812,591.7,polygon mean,ok
757,SULTANBEYLİ,ORHANGAZİ,40955,0,1034,556,1538,52,0,29.289392,40.941912,1.064,name+spatial,401.4,429.7,376.82623291015625,467.79638671875,429.7,polygon mean,ok
758,SULTANBEYLİ,TURGUT REİS,40947,27,1368,463,1513,344,1,29.282944,40.9645,1.067,name+spatial,495.4,439.7,322.2942810058594,572.205810546875,439.7,polygon mean,ok
759,SULTANBEYLİ,YAVUZ SELİM,40953,0,1662,685,2268,79,0,29.276407,40.947839,1.018,name+spatial,499.0,513.3,368.5517578125,741.1407470703125,513.3,polygon mean,ok
760,SULTANGAZİ,50. YIL,40471,212,2975,926,1346,2765,2,28.872294,41.092203,1.147,name+district,430.9,345.3,290.2318420410156,430.8977355957031,345.3,polygon mean,ok
761,SULTANGAZİ,75. YIL,40467,207,529,676,341,1071,0,28.909069,41.095621,0.986,name+district,397.4,439.3,382.2152404785156,487.1926574707031,439.3,polygon mean,ok
762,SULTANGAZİ,CEBECİ,40474,512,2700,1307,2258,2258,3,28.877565,41.120718,10.963,name+district,497.5,384.4,239.81857299804688,506.8181457519531,384.4,polygon mean,ok
763,SULTANGAZİ,CUMHURİYET,40465,61,423,193,170,507,0,28.87912,41.087974,0.728,name+district,430.9,372.0,311.851318359375,430.8977355957031,372.0,polygon mean,ok
764,SULTANGAZİ,ESENTEPE,40470,95,2026,1414,1552,1978,5,28.883566,41.100367,1.758,name+district,369.7,394.4,343.52197265625,437.0164489746094,394.4,polygon mean,ok
765,SULTANGAZİ,ESKİ HABİPLER,40356,117,257,395,601,148,20,28.834009,41.129329,0.939,name+district,296.6,345.0,201.71006774902344,415.7575378417969,345.0,polygon mean,ok
766,SULTANGAZİ,GAZİ,40469,764,673,650,1290,797,0,28.897324,41.105421,0.88,name+district,365.1,432.8,365.1248779296875,520.8480834960938,432.8,polygon mean,ok
767,SULTANGAZİ,HABİBLER,40477,161,891,851,1877,24,2,,,,UNMATCHED,,,,,,none,no_geometry
768,SULTANGAZİ,İSMETPAŞA,40475,399,1735,911,1047,1996,2,28.854712,41.108851,0.921,name+district,278.1,360.7,278.0706787109375,427.8205871582031,360.7,polygon mean,ok
769,SULTANGAZİ,MALKOÇOĞLU,40476,1,531,236,279,489,0,28.847802,41.115564,0.38,name+district,291.7,373.2,291.6648254394531,414.268798828125,373.2,polygon mean,ok
770,SULTANGAZİ,SULTANÇİFTLİĞİ,40472,385,1143,675,813,1388,2,28.860191,41.098629,0.607,name+district,359.3,329.6,278.0706787109375,399.6983947753906,329.6,polygon mean,ok
771,SULTANGAZİ,UĞUR MUMCU,40473,421,1398,738,951,1598,8,28.870086,41.101865,1.435,name+district,290.2,341.7,278.0706787109375,437.0164489746094,341.7,polygon mean,ok
772,SULTANGAZİ,YAYLA,40377,33,823,491,1307,40,0,28.855406,41.147417,4.812,name+district,503.4,433.6,239.29563903808594,522.3433227539062,433.6,polygon mean,ok
773,SULTANGAZİ,YUNUS EMRE,40466,362,649,905,627,1289,0,28.896082,41.095704,1.28,name+district,382.2,404.5,371.984375,455.5696716308594,404.5,polygon mean,ok
774,SULTANGAZİ,ZÜBEYDE HANIM,40468,772,1668,656,2358,738,0,28.908383,41.109167,3.427,name+district,520.8,429.5,287.8332214355469,520.8480834960938,429.5,polygon mean,ok
775,ŞİLE,AĞAÇDERE,191927,5,60,15,80,0,0,29.706487,41.040204,6.668,name+district,238.5,388.5,238.5384979248047,537.258544921875,388.5,polygon mean,ok
776,ŞİLE,AĞVA MERKEZ,40961,200,508,151,844,15,0,29.850029,41.13358,1.752,name+spatial,330.5,448.4,276.5459289550781,600.0,448.4,polygon mean,ok
777,ŞİLE,AHMETLİ,191861,20,519,324,846,17,0,29.57496,41.14735,6.413,name+spatial,440.9,395.0,238.96826171875,562.3649291992188,395.0,polygon mean,ok
778,ŞİLE,AKÇAKESE,191863,5,338,27,368,2,0,29.714613,41.138052,7.737,name+spatial,456.9,491.4,367.3113708496094,600.0,491.4,polygon mean,ok
779,ŞİLE,ALACALI,191947,0,36,512,548,0,0,29.455248,41.167374,17.538,name+spatial,327.1,408.0,278.48150634765625,600.0,408.0,polygon mean,ok
780,ŞİLE,AVCIKORU,191949,29,72,26,127,0,0,29.399798,41.125558,19.86,name+spatial,375.7,338.8,219.22509765625,452.8254089355469,338.8,polygon mean,ok
781,ŞİLE,BALİBEY,40960,47,939,831,1781,36,0,29.633738,41.166006,5.491,name+spatial,405.1,472.6,312.9093322753906,600.0,472.6,polygon mean,ok
782,ŞİLE,BIÇKIDERE,191951,37,130,18,185,0,0,29.484686,41.075506,9.856,name+spatial,444.9,366.7,205.37844848632812,465.42547607421875,366.7,polygon mean,ok
783,ŞİLE,BOZGOCA,16785,4,79,13,96,0,0,29.777137,41.135401,4.089,name+spatial,497.8,472.6,370.0976257324219,600.0,472.6,polygon mean,ok
784,ŞİLE,BUCAKLI,191897,38,208,39,284,1,0,29.883813,41.124905,16.35,name+spatial,403.0,470.5,264.503173828125,600.0,470.5,polygon mean,ok
785,ŞİLE,ÇATAKLI,191899,47,46,25,118,0,0,29.804806,41.049368,17.936,name+district,464.5,499.1,332.52593994140625,743.4864501953125,499.1,polygon mean,ok
786,ŞİLE,ÇAVUŞ,40959,171,1156,451,1586,192,0,29.607463,41.16351,5.075,name+spatial,434.0,396.3,238.96826171875,600.0,396.3,polygon mean,ok
787,ŞİLE,ÇAYIRBAŞI,191867,0,415,148,557,6,0,29.648992,41.14732,4.057,name+spatial,409.2,417.3,337.2802734375,506.9460144042969,417.3,polygon mean,ok
788,ŞİLE,ÇELEBİ,191901,0,114,39,153,0,0,29.925697,41.093564,8.071,name+spatial,483.8,429.5,289.2982177734375,560.219482421875,429.5,polygon mean,ok
789,ŞİLE,ÇENGİLLİ,191929,0,95,12,107,0,0,29.688317,41.005907,12.809,name+district,423.4,394.0,267.52471923828125,473.0055847167969,394.0,polygon mean,ok
790,ŞİLE,DARLIK,191869,0,42,17,59,0,0,29.577607,41.054646,17.824,name+spatial,521.0,440.7,307.2394104003906,577.3067016601562,440.7,polygon mean,ok
791,ŞİLE,DEĞİRMENÇAYIRI,191931,0,225,101,326,0,0,29.666433,40.977517,9.206,name+district,502.1,443.7,274.73004150390625,615.2719116210938,443.7,polygon mean,ok
792,ŞİLE,DOĞANCILI,191953,0,0,714,710,4,0,29.425466,41.167486,15.471,name+spatial,271.6,363.8,225.68869018554688,600.0,363.8,polygon mean,ok
793,ŞİLE,ERENLER,191871,0,41,6,47,0,0,29.551728,41.099251,15.321,name+spatial,370.0,428.4,328.29541015625,500.4697265625,428.4,polygon mean,ok
794,ŞİLE,ESENCELİ,191955,8,25,16,49,0,0,29.399979,41.052659,19.359,name+spatial,511.4,393.4,226.65174865722656,556.5021362304688,393.4,polygon mean,ok
795,ŞİLE,GEREDELİ,191903,24,454,103,581,0,0,29.873675,41.078309,14.466,name+spatial,487.6,426.8,238.67832946777344,658.4619750976562,426.8,polygon mean,ok
796,ŞİLE,GÖÇE,191905,62,213,63,337,1,0,29.848321,41.11234,5.621,name+spatial,393.5,401.7,264.503173828125,516.48193359375,401.7,polygon mean,ok
797,ŞİLE,GÖKMAŞLI,16807,49,94,8,151,0,0,29.798968,41.107505,5.193,name+spatial,427.5,461.5,316.34881591796875,571.9341430664062,461.5,polygon mean,ok
798,ŞİLE,GÖKSU,191909,48,130,24,202,0,0,29.76806,41.088063,22.955,name+spatial,422.5,426.2,279.9636535644531,585.6082763671875,426.2,polygon mean,ok
799,ŞİLE,HACI KASIM,40958,82,173,19,240,34,0,29.609543,41.178103,0.217,name+spatial,409.1,528.2,409.0618591308594,600.0,528.2,polygon mean,ok
800,ŞİLE,HACILLI,191911,4,101,18,123,0,0,29.766615,41.041975,15.186,name+district,480.2,478.7,283.7806091308594,598.4342651367188,478.7,polygon mean,ok
801,ŞİLE,HASANLI,191933,1,122,33,156,0,0,29.659178,41.029452,11.877,name+spatial,438.6,408.5,240.08299255371094,532.0409545898438,408.5,polygon mean,ok
802,ŞİLE,İMRENDERE,191873,0,384,29,411,2,0,29.61401,41.14128,10.241,name+spatial,505.9,426.4,299.4163818359375,515.395751953125,426.4,polygon mean,ok
803,ŞİLE,İMRENLİ,191875,7,358,126,487,4,0,29.740001,41.139589,8.742,name+spatial,498.6,450.7,306.65191650390625,600.0,450.7,polygon mean,ok
804,ŞİLE,İSAKÖY,191913,45,51,30,126,0,0,29.821433,41.115173,4.438,name+spatial,545.6,457.8,316.34881591796875,571.9341430664062,457.8,polygon mean,ok
805,ŞİLE,KABAKOZ,191877,7,444,185,631,5,0,29.683187,41.142194,18.829,name+spatial,412.2,461.4,269.4545593261719,600.0,461.4,polygon mean,ok
806,ŞİLE,KADIKÖY,191915,0,83,11,94,0,0,29.907791,41.115548,3.375,name+spatial,406.2,470.6,254.6897735595703,600.0,470.6,polygon mean,ok
807,ŞİLE,KALEM,191917,55,116,26,197,0,0,29.850295,41.061869,18.935,name+spatial,713.6,514.8,306.2576599121094,721.57763671875,514.8,polygon mean,ok
808,ŞİLE,KARABEYLİ,191879,1,116,15,131,1,0,29.727314,41.109262,12.114,name+spatial,416.9,381.3,260.6517333984375,562.978271484375,381.3,polygon mean,ok
809,ŞİLE,KARACAKÖY,191881,4,205,61,268,2,0,29.762621,41.138835,7.732,name+spatial,461.4,464.9,360.13616943359375,600.0,464.9,polygon mean,ok
810,ŞİLE,KARAKİRAZ,191957,12,182,45,239,0,0,29.346042,41.177968,20.237,name+spatial,344.7,387.9,219.22509765625,600.0,387.9,polygon mean,ok
811,ŞİLE,KARAMANDERE,191883,6,127,26,159,0,0,29.596714,41.112674,11.548,name+spatial,453.3,431.0,311.1830139160156,562.3649291992188,431.0,polygon mean,ok
812,ŞİLE,KERVANSARAY,191959,15,118,24,157,0,0,29.451906,41.044413,39.512,name+spatial,381.8,398.4,205.37844848632812,548.9690551757812,398.4,polygon mean,ok
813,ŞİLE,KIZILCA,191885,140,158,83,370,11,0,,,,UNMATCHED,,,,,,none,no_geometry
814,ŞİLE,KORUCU,191887,3,105,22,130,0,0,29.578183,41.116555,4.155,name+spatial,532.6,427.7,325.5350036621094,562.3649291992188,427.7,polygon mean,ok
815,ŞİLE,KÖMÜRLÜK,191961,27,72,12,111,0,0,29.421319,41.084994,11.239,name+spatial,356.2,391.4,259.8027648925781,502.45556640625,391.4,polygon mean,ok
816,ŞİLE,KUMBABA,40957,0,717,422,1137,2,0,29.581136,41.166151,1.842,name+spatial,274.8,421.3,238.96826171875,600.0,421.3,polygon mean,ok
817,ŞİLE,KURFALLI,191919,0,50,236,285,1,0,29.832514,41.130791,4.74,name+spatial,472.5,449.1,276.5459289550781,600.0,449.1,polygon mean,ok
818,ŞİLE,KURNA,191963,16,201,37,253,1,0,29.371534,41.186828,13.469,name+spatial,333.8,397.6,233.3602294921875,600.0,397.6,polygon mean,ok
819,ŞİLE,MEŞRUTİYET,191889,2,262,109,364,9,0,29.564474,41.160266,3.317,name+spatial,395.6,442.3,344.41650390625,600.0,442.3,polygon mean,ok
820,ŞİLE,ORUÇOĞLU,191965,47,124,22,193,0,0,29.517201,41.052675,22.071,name+district,403.7,377.8,257.5562438964844,493.8568420410156,377.8,polygon mean,ok
821,ŞİLE,OSMANKÖY,191935,6,118,14,138,0,0,29.719977,41.077382,10.934,name+spatial,456.1,413.9,267.2244567871094,591.843994140625,413.9,polygon mean,ok
822,ŞİLE,OVACIK,191891,2,71,24,97,0,0,29.621856,41.110027,8.135,name+spatial,501.3,426.3,251.81619262695312,544.555908203125,426.3,polygon mean,ok
823,ŞİLE,SAHİLKÖY,191967,4,10,977,991,0,0,29.400491,41.180787,19.89,name+spatial,337.4,394.8,225.68869018554688,600.0,394.8,polygon mean,ok
824,ŞİLE,SATMAZLI,191893,3,196,42,241,0,0,29.545812,41.128882,8.471,name+spatial,279.6,416.6,263.6862487792969,500.4697265625,416.6,polygon mean,ok
825,ŞİLE,SOFULAR,191969,12,125,72,209,0,0,29.49043,41.165107,16.063,name+spatial,435.4,417.6,243.25820922851562,600.0,417.6,polygon mean,ok
826,ŞİLE,SOĞULLU,191921,68,59,8,135,0,0,29.824545,41.06703,17.367,name+spatial,497.9,508.6,316.34881591796875,784.7919311523438,508.6,polygon mean,ok
827,ŞİLE,SORTULLU,191937,0,48,4,52,0,0,29.736962,41.058289,6.377,name+spatial,301.8,476.9,301.82342529296875,590.377197265625,476.9,polygon mean,ok
828,ŞİLE,ŞUAYİPLİ,191923,37,69,125,231,0,0,29.79896,41.135667,10.481,name+spatial,489.4,487.4,351.0032653808594,600.0,487.4,polygon mean,ok
829,ŞİLE,TEKE,16816,3,226,36,265,0,0,29.63045,41.055088,36.069,name+spatial,442.8,435.8,253.11984252929688,577.3067016601562,435.8,polygon mean,ok
830,ŞİLE,ULUPELİT,191971,0,139,29,168,0,0,29.524121,41.085914,14.351,name+spatial,270.5,396.3,270.48236083984375,495.5744323730469,396.3,polygon mean,ok
831,ŞİLE,ÜVEZLİ,191973,5,161,84,250,0,0,29.445286,41.112022,16.268,name+spatial,343.5,362.5,281.4935607910156,456.5454406738281,362.5,polygon mean,ok
832,ŞİLE,YAKA,191939,0,85,18,103,0,0,29.635056,40.998524,19.594,name+district,502.4,465.6,274.73004150390625,629.8452758789062,465.6,polygon mean,ok
833,ŞİLE,YAYLALI,191941,0,48,9,56,1,0,29.680997,41.091891,7.675,name+spatial,454.1,388.4,271.7641906738281,507.9986267089844,388.4,polygon mean,ok
834,ŞİLE,YAZIMANAYIR,191943,4,107,11,122,0,0,29.688116,41.059084,13.353,name+spatial,370.3,375.9,267.2244567871094,546.3031616210938,375.9,polygon mean,ok
835,ŞİLE,YENİKÖY,191895,0,142,15,156,1,0,29.653961,41.110491,22.099,name+spatial,461.1,418.7,251.81619262695312,544.555908203125,418.7,polygon mean,ok
836,ŞİLE,YEŞİLVADİ,191945,5,111,20,136,0,0,29.487206,41.119362,16.213,name+spatial,482.0,401.0,264.3373718261719,489.64739990234375,401.0,polygon mean,ok
837,ŞİŞLİ,19.May,40685,389,190,49,90,437,101,,,,UNMATCHED,,,,,,none,no_geometry
838,ŞİŞLİ,BOZKURT,40687,480,377,32,148,710,31,28.983982,41.04946,0.182,name+district,372.8,372.8,372.7631530761719,372.7631530761719,372.8,polygon mean,ok
839,ŞİŞLİ,CUMHURİYET,40688,278,241,56,94,425,56,28.981863,41.055693,0.372,name+district,359.1,395.9,359.1146545410156,445.6313781738281,395.9,polygon mean,ok
840,ŞİŞLİ,DUATEPE,40689,264,291,18,69,496,8,28.980787,41.05339,0.139,name+district,372.8,390.8,359.1146545410156,425.193603515625,390.8,polygon mean,ok
841,ŞİŞLİ,ERGENEKON,40690,165,272,22,193,190,76,28.986198,41.048029,0.102,name+district,372.8,402.7,372.7631530761719,445.6313781738281,402.7,polygon mean,ok
842,ŞİŞLİ,ESENTEPE,40691,486,194,88,319,351,98,29.009396,41.073198,1.495,name+district,369.6,340.9,287.7975158691406,412.41607666015625,340.9,polygon mean,ok
843,ŞİŞLİ,ESKİŞEHİR,40692,502,523,97,510,595,17,28.98088,41.04523,0.186,name+district,389.6,405.0,372.7631530761719,432.37322998046875,405.0,polygon mean,ok
844,ŞİŞLİ,FERİKÖY,40693,383,377,88,148,693,7,28.979228,41.048987,0.247,name+district,372.8,410.1,372.7631530761719,432.37322998046875,410.1,polygon mean,ok
845,ŞİŞLİ,FULYA,40694,426,379,63,126,656,86,28.998176,41.062007,0.679,name+district,411.0,351.7,292.5301818847656,411.0306091308594,351.7,polygon mean,ok
846,ŞİŞLİ,GÜLBAHAR,40695,437,429,89,216,618,121,29.000066,41.072078,0.423,name+district,393.2,358.4,292.5301818847656,424.7151794433594,358.4,polygon mean,ok
847,ŞİŞLİ,HALASKARGAZİ,40698,230,91,34,55,261,39,28.988858,41.051504,0.098,name+district,445.6,409.2,372.7631530761719,445.6313781738281,409.2,polygon mean,ok
848,ŞİŞLİ,HALİDE EDİP ADIVAR,40696,240,454,90,210,537,37,28.977182,41.061636,0.35,name+district,406.0,392.0,332.3054504394531,470.4617614746094,392.0,polygon mean,ok
849,ŞİŞLİ,HALİL RIFAT PAŞA,40697,83,249,49,258,123,0,28.968713,41.058496,0.441,name+district,310.2,407.4,310.179931640625,506.06134033203125,407.4,polygon mean,ok
850,ŞİŞLİ,HARBİYE,40699,142,129,53,116,159,49,28.991397,41.044953,0.857,name+district,505.2,441.5,372.7631530761719,505.1543273925781,441.5,polygon mean,ok
851,ŞİŞLİ,İNÖNÜ,40711,411,320,56,470,270,47,28.984317,41.043302,0.175,name+district,389.6,381.2,372.7631530761719,389.62646484375,381.2,polygon mean,ok
852,ŞİŞLİ,İZZET PAŞA,40712,345,242,16,199,389,15,28.986326,41.069346,0.177,name+district,332.3,391.9,316.22711181640625,494.5291748046875,391.9,polygon mean,ok
853,ŞİŞLİ,KAPTANPAŞA,40701,49,30,22,54,23,24,28.974312,41.064621,0.317,name+district,470.5,423.2,310.179931640625,506.06134033203125,423.2,polygon mean,ok
854,ŞİŞLİ,KUŞTEPE,40702,993,701,66,1335,404,21,28.990952,41.072002,0.416,name+district,424.7,370.5,316.22711181640625,424.7151794433594,370.5,polygon mean,ok
855,ŞİŞLİ,MAHMUT ŞEVKET PAŞA,40703,606,502,40,335,795,18,28.965431,41.052589,0.331,name+district,415.8,397.6,310.179931640625,479.7355041503906,397.6,polygon mean,ok
856,ŞİŞLİ,MECİDİYEKÖY,40705,612,437,46,306,694,95,28.996224,41.070059,0.456,name+district,292.5,356.7,292.5301818847656,424.7151794433594,356.7,polygon mean,ok
857,ŞİŞLİ,MERKEZ,40706,839,451,89,301,1007,71,28.984538,41.06346,1.139,name+district,332.3,366.2,292.5301818847656,470.4617614746094,366.2,polygon mean,ok
858,ŞİŞLİ,MEŞRUTİYET,40707,600,300,41,96,764,81,28.991143,41.054996,0.3,name+district,386.8,395.1,359.1146545410156,445.6313781738281,395.1,polygon mean,ok
859,ŞİŞLİ,PAŞA,40708,682,618,221,891,623,7,28.972301,41.051888,0.747,name+district,425.2,398.4,310.179931640625,432.37322998046875,398.4,polygon mean,ok
860,ŞİŞLİ,TEŞVİKİYE,40709,449,369,58,145,656,75,28.99687,41.051893,0.477,name+district,462.0,426.4,386.8453369140625,461.97637939453125,426.4,polygon mean,ok
861,ŞİŞLİ,YAYLA,40710,510,321,118,553,391,5,28.975375,41.048485,0.237,name+district,425.2,428.8,425.193603515625,432.37322998046875,428.8,polygon mean,ok
862,TUZLA,AKFIRAT,40725,0,0,480,475,5,0,29.425278,40.944932,26.303,name+spatial,381.8,401.7,258.8077697753906,594.142578125,401.7,polygon mean,ok
863,TUZLA,ANADOLU,40730,0,40,160,193,7,0,29.366425,40.908192,1.37,name+spatial,443.8,387.4,283.4691467285156,462.2176513671875,387.4,polygon mean,ok
864,TUZLA,AYDINLI,40720,158,2730,2258,4130,844,172,29.350353,40.872932,16.253,name+district,354.6,394.0,271.31256103515625,486.1755065917969,394.0,polygon mean,ok
865,TUZLA,AYDINTEPE,40717,140,699,615,744,592,118,29.302509,40.855678,2.934,name+district,447.0,433.6,259.5801086425781,600.0,433.6,polygon mean,ok
866,TUZLA,CAMİ,40724,170,457,283,809,100,1,29.312561,40.817354,1.285,name+spatial,600.0,378.8,271.5632629394531,600.0,378.8,polygon mean,water
867,TUZLA,EVLİYA ÇELEBİ,40718,88,590,554,871,360,1,29.286963,40.839499,3.009,name+district,600.0,417.9,188.107177734375,600.0,417.9,polygon mean,water
868,TUZLA,FATİH,40731,0,61,271,303,29,0,29.347647,40.925177,2.746,name+spatial,367.4,322.7,259.7411804199219,374.7617492675781,322.7,polygon mean,ok
869,TUZLA,İÇMELER,40716,269,713,198,908,271,1,29.305621,40.846845,0.924,name+spatial,459.9,426.2,317.1594543457031,534.9096069335938,426.2,polygon mean,ok
870,TUZLA,İSTASYON,40723,301,398,664,894,469,0,29.32998,40.824324,4.938,name+spatial,405.8,389.3,271.5632629394531,600.0,389.3,polygon mean,ok
871,TUZLA,MESCİT,40732,13,41,638,625,67,0,29.341289,40.895755,4.27,name+spatial,348.3,337.6,286.5101623535156,400.1375732421875,337.6,polygon mean,ok
872,TUZLA,MİMAR SİNAN,40721,240,1582,490,1998,262,52,29.364217,40.837998,1.364,name+district,363.8,341.4,271.31256103515625,393.20098876953125,341.4,polygon mean,ok
873,TUZLA,ORHANLI,40728,81,89,1675,1693,148,4,29.356077,40.896217,8.358,name+spatial,338.5,356.1,267.0282897949219,443.7674560546875,356.1,polygon mean,ok
874,TUZLA,ORTA,40729,2,11,967,762,216,2,29.382144,40.894522,3.717,name+spatial,472.0,433.6,368.9537353515625,471.9849548339844,433.6,polygon mean,ok
875,TUZLA,POSTANE,40719,719,1416,1223,3061,288,9,29.284742,40.821098,6.311,name+spatial,600.0,387.5,208.06610107421875,600.0,387.5,polygon mean,water
876,TUZLA,ŞİFA,40722,234,1538,584,1844,483,29,29.357001,40.827859,1.932,name+district,371.2,349.5,277.2478332519531,385.8302917480469,349.5,polygon mean,ok
877,TUZLA,TEPEÖREN,40726,78,188,2515,2699,81,1,29.395856,40.917288,26.273,name+spatial,373.8,382.6,239.00439453125,486.1755065917969,382.6,polygon mean,ok
878,TUZLA,YAYLA,40715,387,583,740,1105,598,7,29.308607,40.832949,2.107,name+spatial,286.0,354.8,271.5632629394531,523.8139038085938,354.8,polygon mean,ok
879,ÜMRANİYE,ADEM YAVUZ,98684,390,927,342,1383,254,22,29.154397,41.020807,0.749,name+district,315.6,298.2,250.81100463867188,327.5506286621094,298.2,polygon mean,ok
880,ÜMRANİYE,ALTINŞEHİR,98685,180,1020,647,938,895,14,29.143481,41.012167,0.848,name+district,369.8,340.1,250.81100463867188,439.0697021484375,340.1,polygon mean,ok
881,ÜMRANİYE,ARMAĞANEVLER,98686,240,499,947,562,1002,122,29.113885,41.014992,1.116,name+district,426.3,396.9,242.0228729248047,442.43359375,396.9,polygon mean,ok
882,ÜMRANİYE,AŞAĞI DUDULLU,40742,111,845,408,1113,224,27,29.165335,41.023626,0.983,name+district,331.5,325.9,280.0712585449219,410.4481506347656,325.9,polygon mean,ok
883,ÜMRANİYE,ATAKENT,40748,24,548,416,656,290,42,29.107193,41.017043,0.958,name+district,442.0,382.1,242.0228729248047,444.6310119628906,382.1,polygon mean,ok
884,ÜMRANİYE,ATATÜRK,40735,366,518,465,519,770,60,29.09225,41.027479,0.758,name+district,319.5,359.1,260.2229309082031,469.8335876464844,359.1,polygon mean,ok
885,ÜMRANİYE,CEMİL MERİÇ,98688,325,2024,531,2618,241,21,29.14517,41.025486,1.648,name+district,374.1,321.8,250.81100463867188,374.10113525390625,321.8,polygon mean,ok
886,ÜMRANİYE,ÇAKMAK,40738,150,464,908,394,1071,57,29.126375,41.015048,0.86,name+district,407.7,376.1,242.0228729248047,455.7019958496094,376.1,polygon mean,ok
887,ÜMRANİYE,ÇAMLIK,98689,4,344,625,277,613,83,29.124167,41.002607,1.167,name+district,349.8,389.0,344.2242431640625,455.7019958496094,389.0,polygon mean,ok
888,ÜMRANİYE,DUMLUPINAR,98690,276,1674,517,2417,49,1,29.09295,41.04939,0.997,name+district,385.8,384.6,333.41412353515625,455.02191162109375,384.6,polygon mean,ok
889,ÜMRANİYE,ELMALIKENT,98691,90,1589,399,1816,220,42,29.096649,41.037274,1.201,name+district,260.2,332.4,260.2229309082031,391.73565673828125,332.4,polygon mean,ok
890,ÜMRANİYE,ESENEVLER,98692,74,473,610,374,727,56,29.091657,41.013439,0.63,name+district,444.2,444.1,422.0476989746094,464.2502746582031,444.1,polygon mean,ok
891,ÜMRANİYE,ESENKENT,98709,40,997,1017,1434,601,19,29.178846,40.998372,3.851,name+district,317.2,322.3,247.15719604492188,396.6802062988281,322.3,polygon mean,ok
892,ÜMRANİYE,ESENŞEHİR,40747,157,894,601,1077,553,22,29.16596,41.005043,1.704,name+district,300.0,303.2,247.15719604492188,396.6802062988281,303.2,polygon mean,ok
893,ÜMRANİYE,FATİH SULTAN MEHMET,98693,15,57,147,107,94,18,29.128719,41.037661,4.062,name+district,268.4,338.9,242.0228729248047,422.71051025390625,338.9,polygon mean,ok
894,ÜMRANİYE,HEKİMBAŞI,40744,197,1140,360,1678,18,1,29.09813,41.059277,1.647,name+district,439.3,389.6,292.1919860839844,528.5159301757812,389.6,polygon mean,ok
895,ÜMRANİYE,HUZUR,98694,37,798,395,1089,137,4,29.16133,41.029301,0.62,name+district,276.2,310.7,276.16522216796875,336.3133239746094,310.7,polygon mean,ok
896,ÜMRANİYE,IHLAMURKUYU,40745,398,846,402,1249,379,18,29.135832,41.024571,1.376,name+district,280.0,347.9,279.9715270996094,407.6872863769531,347.9,polygon mean,ok
897,ÜMRANİYE,İNKILAP,40737,240,1498,755,2020,379,94,29.112073,41.044028,2.058,name+district,329.6,319.6,260.2229309082031,363.08746337890625,319.6,polygon mean,ok
898,ÜMRANİYE,İSTİKLAL,40739,103,918,827,505,1266,77,29.100433,41.018597,1.006,name+district,444.6,382.5,276.9408874511719,444.6310119628906,382.5,polygon mean,ok
899,ÜMRANİYE,KAZIM KARABEKİR,40743,562,1465,402,2243,183,3,29.105471,41.041965,0.811,name+district,329.6,320.6,260.2229309082031,363.08746337890625,320.6,polygon mean,ok
900,ÜMRANİYE,MADENLER,98695,5,397,532,621,276,37,29.183922,41.01187,0.917,name+district,292.4,315.1,292.3827819824219,340.1448059082031,315.1,polygon mean,ok
901,ÜMRANİYE,MEHMET AKİF,98696,5,165,507,136,375,166,29.137636,41.0075,0.742,name+district,369.8,374.6,304.7285461425781,439.0697021484375,374.6,polygon mean,ok
902,ÜMRANİYE,NAMIK KEMAL,40736,366,631,553,656,862,32,29.090568,41.020434,0.814,name+district,444.2,406.1,319.5351257324219,464.2502746582031,406.1,polygon mean,ok
903,ÜMRANİYE,NECİP FAZIL,98699,30,1163,790,1362,541,80,29.17299,41.018777,1.64,name+district,328.1,331.2,280.0712585449219,410.4481506347656,331.2,polygon mean,ok
904,ÜMRANİYE,PARSELLER,98700,2,679,641,1083,222,17,29.153814,41.030676,1.002,name+district,265.6,292.1,265.60247802734375,327.5506286621094,292.1,polygon mean,ok
905,ÜMRANİYE,SARAY,98701,43,71,254,293,40,35,29.116851,41.033265,1.799,name+district,330.1,313.2,242.0228729248047,363.08746337890625,313.2,polygon mean,ok
906,ÜMRANİYE,SİTE,98702,276,610,570,986,349,121,29.116,41.008878,0.768,name+district,442.4,430.6,407.6872863769531,455.7019958496094,430.6,polygon mean,ok
907,ÜMRANİYE,ŞERİFALİ,98703,7,280,679,508,391,67,29.148067,40.999651,1.229,name+district,380.7,356.4,290.6503601074219,410.2487487792969,356.4,polygon mean,ok
908,ÜMRANİYE,TANTAVİ,98704,36,200,191,166,234,27,29.087262,41.030905,0.559,name+district,469.8,409.9,340.8852233886719,469.8335876464844,409.9,polygon mean,ok
909,ÜMRANİYE,TATLISU,98705,8,260,421,279,221,189,29.133466,41.001792,1.02,name+district,384.7,401.5,349.7600402832031,455.7019958496094,401.5,polygon mean,ok
910,ÜMRANİYE,TEPEÜSTÜ,98706,201,499,225,544,364,17,29.132829,41.016582,0.426,name+district,349.1,367.2,312.9753112792969,439.0697021484375,367.2,polygon mean,ok
911,ÜMRANİYE,TOPAĞACI,98707,260,2051,611,2868,54,0,29.10002,41.051942,1.293,name+district,333.4,370.6,316.25048828125,455.02191162109375,370.6,polygon mean,ok
912,ÜMRANİYE,YAMANEVLER,98708,163,352,334,404,434,11,29.105869,41.026576,0.723,name+district,276.9,284.7,242.0228729248047,327.1044006347656,284.7,polygon mean,ok
913,ÜMRANİYE,YUKARI DUDULLU,40741,67,1383,856,1524,762,20,29.155706,41.009996,1.785,name+district,276.9,303.5,250.81100463867188,380.6953430175781,303.5,polygon mean,ok
914,ÜSKÜDAR,ACIBADEM,40778,268,412,146,92,690,44,29.054214,41.007323,1.61,name+district,532.4,461.8,401.44842529296875,532.43408203125,461.8,polygon mean,ok
915,ÜSKÜDAR,AHMEDİYE,98664,203,324,69,143,450,3,29.016457,41.018515,0.23,name+district,429.8,439.6,425.84307861328125,463.26666259765625,439.6,polygon mean,ok
916,ÜSKÜDAR,ALTUNİZADE,40781,173,461,195,353,413,63,29.044214,41.018343,1.767,name+district,425.4,420.8,291.8312072753906,468.9859313964844,420.8,polygon mean,ok
917,ÜSKÜDAR,AZİZ MAHMUT HÜDAYİ,98665,416,348,62,394,428,4,29.011712,41.022506,0.341,name+district,600.0,479.7,425.84307861328125,600.0,479.7,polygon mean,water
918,ÜSKÜDAR,BAHÇELİEVLER,40785,569,1254,417,1944,295,1,29.079679,41.053391,1.587,name+district,398.3,418.9,352.1539611816406,505.88568115234375,418.9,polygon mean,ok
919,ÜSKÜDAR,BARBAROS,40786,181,400,60,270,349,22,29.031407,41.012486,1.479,name+district,412.7,415.7,380.3538513183594,439.7359619140625,415.7,polygon mean,ok
920,ÜSKÜDAR,BEYLERBEYİ,40787,540,215,157,773,139,0,29.046538,41.041814,1.144,name+district,516.1,514.3,480.8228759765625,600.0,514.3,polygon mean,ok
921,ÜSKÜDAR,BULGURLU,40788,124,1076,160,386,928,46,29.079245,41.01835,0.895,name+district,464.3,466.3,437.1014709472656,503.3627624511719,466.3,polygon mean,ok
922,ÜSKÜDAR,BURHANİYE,40789,501,831,332,1153,510,1,29.05266,41.028774,1.555,name+district,406.4,460.1,291.8312072753906,574.5404052734375,460.1,polygon mean,ok
923,ÜSKÜDAR,CUMHURİYET,40790,230,1119,523,460,1390,22,29.080667,41.010827,0.862,name+district,465.8,469.3,444.1878967285156,503.3627624511719,469.3,polygon mean,ok
924,ÜSKÜDAR,ÇENGELKÖY,98666,713,847,259,1432,384,3,29.059948,41.05105,1.665,name+district,492.4,491.4,428.9755554199219,573.4522094726562,491.4,polygon mean,ok
925,ÜSKÜDAR,FERAH,40794,204,775,315,815,479,0,29.072437,41.033003,1.076,name+district,455.6,474.1,436.8485107421875,532.9100952148438,474.1,polygon mean,ok
926,ÜSKÜDAR,GÜZELTEPE,40797,423,727,251,1092,308,1,29.069976,41.049894,1.021,name+district,446.2,449.5,365.2243347167969,532.9100952148438,449.5,polygon mean,ok
927,ÜSKÜDAR,İCADİYE,40802,685,580,97,478,883,1,29.034259,41.028517,0.487,name+district,440.6,457.5,291.8312072753906,522.4307861328125,457.5,polygon mean,ok
928,ÜSKÜDAR,KANDİLLİ,40806,211,279,86,554,22,0,29.060906,41.069024,1.216,name+district,583.1,525.9,428.9755554199219,600.0,525.9,polygon mean,ok
929,ÜSKÜDAR,KISIKLI,40809,256,991,315,938,611,13,29.071078,41.024949,1.506,name+district,454.8,488.3,436.8485107421875,574.5404052734375,488.3,polygon mean,ok
930,ÜSKÜDAR,KİRAZLITEPE,40808,733,580,191,1361,143,0,29.061555,41.03919,0.693,name+district,545.0,538.7,516.0589599609375,574.5404052734375,538.7,polygon mean,ok
931,ÜSKÜDAR,KULELİ,40810,251,188,36,461,14,0,29.058932,41.059331,0.724,name+district,573.5,505.1,428.9755554199219,583.1425170898438,505.1,polygon mean,ok
932,ÜSKÜDAR,KUZGUNCUK,40811,304,574,184,935,127,0,29.036645,41.033462,1.504,name+district,522.4,470.7,291.8312072753906,600.0,470.7,polygon mean,ok
933,ÜSKÜDAR,KÜÇÜKÇAMLICA,98667,243,790,458,1267,222,2,29.063931,41.015216,2.447,name+district,471.9,488.0,406.4008483886719,540.9544067382812,488.0,polygon mean,ok
934,ÜSKÜDAR,KÜÇÜKSU,40812,291,904,239,1056,377,1,29.070905,41.065679,1.626,name+district,505.9,434.6,352.1539611816406,505.88568115234375,434.6,polygon mean,ok
935,ÜSKÜDAR,KÜPLÜCE,40813,717,744,148,1201,408,0,29.056492,41.034959,0.861,name+district,574.5,514.4,436.8485107421875,574.5404052734375,514.4,polygon mean,ok
936,ÜSKÜDAR,MEHMET AKİF ERSOY,40814,578,1045,300,1574,341,8,29.071693,41.041328,1.088,name+district,480.4,467.9,365.2243347167969,532.9100952148438,467.9,polygon mean,ok
937,ÜSKÜDAR,MİMAR SİNAN,98668,493,412,143,522,524,2,29.018327,41.023708,0.51,name+district,463.3,498.9,391.96453857421875,600.0,498.9,polygon mean,ok
938,ÜSKÜDAR,MURATREİS,40815,520,320,159,401,597,1,29.029637,41.021997,0.378,name+district,440.6,445.1,391.96453857421875,508.11566162109375,445.1,polygon mean,ok
939,ÜSKÜDAR,SALACAK,40804,475,247,49,252,518,1,29.01185,41.016601,0.436,name+district,425.8,515.0,425.84307861328125,600.0,515.0,polygon mean,ok
940,ÜSKÜDAR,SELAMİ ALİ,40819,378,276,128,188,591,3,29.02907,41.025524,0.444,name+district,508.1,474.4,440.593994140625,508.11566162109375,474.4,polygon mean,ok
941,ÜSKÜDAR,SELİMİYE,40820,443,236,100,396,372,11,29.017514,41.005939,1.647,name+district,434.6,455.7,380.3538513183594,600.0,455.7,polygon mean,ok
942,ÜSKÜDAR,SULTANTEPE,98669,468,222,47,198,538,1,29.021791,41.028837,0.52,name+district,508.1,517.2,463.26666259765625,600.0,517.2,polygon mean,ok
943,ÜSKÜDAR,ÜNALAN,40827,953,1059,190,1239,805,158,29.066337,41.000491,1.535,name+district,465.7,425.7,255.95155334472656,540.9544067382812,425.7,polygon mean,ok
944,ÜSKÜDAR,VALİDE-İ ATİK,40828,576,475,163,291,922,1,29.027073,41.018508,0.423,name+district,392.0,425.5,391.96453857421875,440.593994140625,425.5,polygon mean,ok
945,ÜSKÜDAR,YAVUZTÜRK,40830,496,2354,372,2804,387,31,29.085042,41.041502,1.779,name+district,426.3,415.6,340.8852233886719,480.3805847167969,415.6,polygon mean,ok
946,ÜSKÜDAR,ZEYNEP KAMİL,98670,248,424,27,112,586,1,29.021412,41.015117,0.38,name+district,392.0,418.8,391.96453857421875,434.5845031738281,418.8,polygon mean,ok
947,ZEYTİNBURNU,BEŞTELSİZ,40838,361,880,309,482,1058,10,28.905728,40.998951,0.577,name+district,337.0,340.2,247.17628479003906,394.6998291015625,340.2,polygon mean,ok
948,ZEYTİNBURNU,ÇIRPICI,40837,381,759,311,464,986,1,28.897201,41.000372,0.379,name+district,376.3,350.1,323.886962890625,376.29241943359375,350.1,polygon mean,ok
949,ZEYTİNBURNU,GÖKALP,40834,116,716,243,218,856,1,28.907205,40.992645,0.29,name+district,394.7,370.3,345.8416748046875,394.6998291015625,370.3,polygon mean,ok
950,ZEYTİNBURNU,KAZLIÇEŞME,40840,111,171,240,449,60,13,28.91087,40.990443,2.035,name+district,394.7,425.1,283.6947021484375,600.0,425.1,polygon mean,ok
951,ZEYTİNBURNU,MALTEPE,40843,450,927,185,1228,269,65,28.910656,41.022298,3.262,name+district,390.8,328.1,247.17628479003906,402.7902526855469,328.1,polygon mean,ok
952,ZEYTİNBURNU,MERKEZEFENDİ,40842,182,625,162,469,469,31,28.915257,41.013395,1.269,name+district,371.8,331.5,247.17628479003906,378.3514099121094,331.5,polygon mean,ok
953,ZEYTİNBURNU,NURİPAŞA,40832,43,1017,183,251,991,1,28.901041,40.986511,0.348,name+district,352.9,361.8,345.8416748046875,394.6998291015625,361.8,polygon mean,ok
954,ZEYTİNBURNU,SEYİTNİZAM,40841,157,1024,372,839,672,42,28.905856,41.006768,1.255,name+district,247.2,341.8,247.17628479003906,392.46295166015625,341.8,polygon mean,ok
955,ZEYTİNBURNU,SÜMER,40831,53,1025,223,252,989,60,28.894961,40.987815,0.664,name+district,300.6,320.8,283.6947021484375,352.85205078125,320.8,polygon mean,ok
956,ZEYTİNBURNU,TELSİZ,40839,567,763,710,596,1443,1,28.911745,40.999937,0.548,name+spatial,337.0,348.5,247.17628479003906,394.6998291015625,348.5,polygon mean,ok
957,ZEYTİNBURNU,VELİEFENDİ,40836,92,1020,185,418,879,0,28.898134,40.996303,0.403,name+district,376.3,336.7,300.6258239746094,376.29241943359375,336.7,polygon mean,ok
958,ZEYTİNBURNU,YENİDOĞAN,40833,31,450,67,109,438,1,28.90602,40.988786,0.156,name+district,394.7,361.8,345.8416748046875,394.6998291015625,361.8,polygon mean,ok
959,ZEYTİNBURNU,YEŞİLTEPE,40835,50,726,113,203,685,1,28.90061,40.992226,0.225,name+district,345.8,345.8,345.8416748046875,345.8416748046875,345.8,polygon mean,ok
